{"type":"FeatureCollection","features":[{"type":"Feature","properties":{"id":"B1-L","band":"B1","name":"近岸低滩","bank":"左岸（北岸）","elev_wusong_m":24,"area_km2":36.236,"segmentCount":7},"geometry":{"type":"MultiPolygon","coordinates":[[[[113.850803,30.200278],[113.857198,30.210649],[113.857737,30.212503],[113.861674,30.219846],[113.862849,30.221494],[113.863488,30.223318],[113.865354,30.225457],[113.86753,30.228785],[113.869552,30.230738],[113.870809,30.232257],[113.871132,30.233024],[113.87281,30.234945],[113.874026,30.235959],[113.874925,30.237466],[113.876814,30.23995],[113.883569,30.253108],[113.887807,30.260198],[113.890398,30.264122],[113.903761,30.258977],[113.901272,30.255953],[113.893923,30.246222],[113.891112,30.243025],[113.887346,30.23827],[113.88645,30.236824],[113.885854,30.234404],[113.885779,30.231735],[113.88682,30.227248],[113.889781,30.219952],[113.89042,30.216874],[113.891546,30.214218],[113.892911,30.212517],[113.893343,30.211682],[113.893772,30.210171],[113.894137,30.206805],[113.894459,30.20553],[113.895929,30.202948],[113.896379,30.202345],[113.897624,30.201298],[113.899362,30.200296],[113.901814,30.19948],[113.905408,30.199109],[113.906422,30.199207],[113.907277,30.199506],[113.90952,30.199017],[113.911405,30.199837],[113.913285,30.201064],[113.913937,30.201687],[113.914734,30.201836],[113.915598,30.202396],[113.916504,30.202362],[113.918268,30.202839],[113.919913,30.202698],[113.923118,30.204726],[113.925825,30.205506],[113.927335,30.205748],[113.928145,30.20624],[113.928909,30.206263],[113.930418,30.206678],[113.934161,30.208828],[113.934266,30.20911],[113.935046,30.20967],[113.937058,30.210241],[113.939574,30.211358],[113.942181,30.211896],[113.945265,30.212081],[113.950874,30.211423],[113.953755,30.210744],[113.957062,30.209483],[113.959787,30.208231],[113.965366,30.20509],[113.966774,30.204585],[113.970325,30.203864],[113.974845,30.203894],[113.975784,30.204239],[113.978648,30.203474],[113.982253,30.201883],[113.984179,30.200718],[113.986126,30.200139],[113.991099,30.197964],[113.992352,30.197679],[113.995911,30.196358],[113.999602,30.194797],[114.00421,30.192479],[114.004612,30.192164],[114.005132,30.191236],[114.005765,30.190717],[114.00724,30.190096],[114.009389,30.188573],[114.010607,30.188049],[114.011256,30.187344],[114.012179,30.186799],[114.012278,30.18631],[114.014609,30.18459],[114.016403,30.182941],[114.016749,30.182987],[114.017138,30.182753],[114.017916,30.182039],[114.018069,30.181578],[114.018329,30.181413],[114.018707,30.181459],[114.019841,30.180367],[114.023806,30.177831],[114.026161,30.175519],[114.026968,30.17355],[114.027309,30.171909],[114.027116,30.170049],[114.025606,30.168062],[114.024278,30.166856],[114.024149,30.166429],[114.023803,30.166271],[114.023774,30.165747],[114.025136,30.164317],[114.028433,30.161478],[114.030339,30.163133],[114.027101,30.165919],[114.027748,30.166639],[114.029639,30.169214],[114.030009,30.171994],[114.029573,30.174169],[114.028438,30.176776],[114.025599,30.179578],[114.021559,30.182171],[114.020394,30.183284],[114.020145,30.183358],[114.018989,30.184455],[114.017515,30.185227],[114.016464,30.186287],[114.014236,30.187919],[114.014233,30.188316],[114.013085,30.189063],[114.012244,30.189907],[114.010944,30.190483],[114.008767,30.192023],[114.007199,30.192697],[114.006886,30.193425],[114.005614,30.194475],[114.000887,30.196852],[113.99704,30.19848],[113.993325,30.199858],[113.992222,30.200088],[113.987256,30.20226],[113.985428,30.202789],[113.983603,30.203906],[113.979698,30.205627],[113.976126,30.206556],[113.97463,30.206222],[113.970592,30.206188],[113.967517,30.20683],[113.966763,30.207089],[113.961198,30.210223],[113.958235,30.211587],[113.954676,30.212939],[113.951359,30.213721],[113.945435,30.214412],[113.941788,30.214206],[113.938627,30.213546],[113.935987,30.212385],[113.933899,30.211785],[113.932265,30.210679],[113.929088,30.208711],[113.928321,30.208543],[113.927189,30.208424],[113.926405,30.207942],[113.925095,30.207754],[113.921817,30.206773],[113.918804,30.204828],[113.917961,30.20516],[113.915995,30.204655],[113.914719,30.204605],[113.913536,30.203929],[113.912519,30.203675],[113.911541,30.202847],[113.909966,30.201814],[113.90927,30.201342],[113.907469,30.201836],[113.905778,30.201475],[113.905593,30.20144],[113.902412,30.201758],[113.900574,30.202384],[113.899306,30.203126],[113.898401,30.203896],[113.898325,30.204028],[113.896967,30.206401],[113.896818,30.207102],[113.896449,30.210496],[113.895919,30.212389],[113.895216,30.213737],[113.893969,30.215253],[113.893032,30.217475],[113.89237,30.220623],[113.889414,30.227906],[113.888464,30.232005],[113.88854,30.23414],[113.889015,30.236085],[113.889613,30.236997],[113.893311,30.241667],[113.896159,30.24491],[113.903522,30.254658],[113.905535,30.260739],[113.890637,30.266449],[113.885423,30.2613],[113.881121,30.2541],[113.874374,30.240956],[113.87261,30.238673],[113.871837,30.23733],[113.870752,30.23646],[113.868858,30.234288],[113.868488,30.233455],[113.867457,30.232215],[113.865301,30.230107],[113.863076,30.226714],[113.861115,30.224437],[113.860385,30.222454],[113.859248,30.220876],[113.855246,30.213408],[113.854771,30.211677],[113.848418,30.201376],[113.850803,30.200278]]],[[[114.045237,30.161955],[114.046753,30.162941],[114.047463,30.163632],[114.047277,30.163082],[114.045269,30.161786],[114.046886,30.159915],[114.049161,30.161408],[114.046661,30.165862],[114.044978,30.164703],[114.043612,30.163821],[114.045237,30.161955]]],[[[113.890398,30.264122],[113.892313,30.267041],[113.895811,30.271684],[113.899899,30.276358],[113.903289,30.279694],[113.907344,30.282825],[113.912559,30.287772],[113.920755,30.294924],[113.923609,30.29711],[113.929306,30.300844],[113.934942,30.303766],[113.935085,30.304437],[113.935863,30.304223],[113.939107,30.305795],[113.941913,30.306492],[113.949621,30.307592],[113.958768,30.307897],[113.963569,30.307175],[113.966594,30.306211],[113.967951,30.305531],[113.971251,30.303335],[113.97408,30.300955],[113.97595,30.300086],[113.976863,30.29911],[113.977876,30.298368],[113.979238,30.297562],[113.980424,30.297148],[113.984055,30.29435],[113.986604,30.29297],[113.989506,30.290913],[113.992156,30.288615],[113.995755,30.286267],[113.998236,30.28904],[113.99857,30.288816],[113.996214,30.285961],[113.999934,30.283288],[114.004883,30.279131],[114.009123,30.275232],[114.011859,30.272091],[114.013327,30.271134],[114.016897,30.266907],[114.019152,30.263078],[114.019571,30.26295],[114.021928,30.258062],[114.0249,30.252506],[114.026987,30.24784],[114.027979,30.244276],[114.029583,30.241127],[114.03229,30.237004],[114.034615,30.234136],[114.036277,30.232403],[114.039768,30.22995],[114.041562,30.229107],[114.04356,30.228467],[114.045977,30.228022],[114.047881,30.228059],[114.05103,30.228801],[114.052505,30.229362],[114.054576,30.230539],[114.056153,30.231707],[114.059565,30.234784],[114.061024,30.236444],[114.063824,30.240429],[114.071893,30.253822],[114.075057,30.260948],[114.076903,30.265795],[114.079199,30.2733],[114.081406,30.28176],[114.082305,30.289162],[114.08311,30.301589],[114.084067,30.308335],[114.08483,30.311259],[114.084756,30.311649],[114.085078,30.312252],[114.085199,30.313885],[114.08731,30.320945],[114.088297,30.322714],[114.088208,30.323489],[114.091364,30.329176],[114.094986,30.333867],[114.096656,30.338321],[114.09795,30.340844],[114.098178,30.340944],[114.100348,30.344473],[114.101483,30.345862],[114.104353,30.348933],[114.107072,30.351264],[114.109425,30.353006],[114.109797,30.353088],[114.110715,30.353746],[114.11103,30.35362],[114.111557,30.353729],[114.115225,30.355469],[114.116197,30.356151],[114.116377,30.356487],[114.119833,30.35839],[114.119929,30.358744],[114.121256,30.359249],[114.123317,30.36071],[114.124279,30.361119],[114.124497,30.36168],[114.126086,30.363211],[114.12699,30.365178],[114.128239,30.366026],[114.129289,30.367068],[114.129451,30.367575],[114.130884,30.369648],[114.132497,30.371172],[114.132638,30.371589],[114.134136,30.37337],[114.136829,30.376145],[114.137912,30.376909],[114.138147,30.377418],[114.145423,30.386136],[114.149819,30.391924],[114.150622,30.392205],[114.151149,30.39276],[114.151362,30.393196],[114.151167,30.393658],[114.152321,30.395312],[114.16656,30.39068],[114.167515,30.392866],[114.152914,30.397591],[114.148645,30.394508],[114.148655,30.393236],[114.147641,30.393312],[114.143198,30.387468],[114.135931,30.37876],[114.135894,30.378465],[114.134837,30.377727],[114.132015,30.374822],[114.130361,30.372852],[114.130362,30.372608],[114.128698,30.371026],[114.127063,30.368673],[114.127046,30.368375],[114.126372,30.367717],[114.124731,30.366464],[114.123781,30.364435],[114.122327,30.363076],[114.122412,30.36281],[114.12174,30.362609],[114.119745,30.361187],[114.118378,30.360658],[114.118228,30.360271],[114.114804,30.358388],[114.114261,30.357783],[114.113824,30.357468],[114.110326,30.355809],[114.109503,30.355835],[114.108298,30.355032],[114.107766,30.354851],[114.105229,30.352974],[114.102334,30.350489],[114.099343,30.347292],[114.098007,30.345645],[114.095827,30.342102],[114.09553,30.34189],[114.094115,30.339125],[114.092565,30.334911],[114.089007,30.330322],[114.085705,30.324375],[114.085709,30.323395],[114.08472,30.321622],[114.082557,30.314391],[114.082411,30.312645],[114.082112,30.312141],[114.082167,30.311672],[114.081393,30.30869],[114.080413,30.301774],[114.079607,30.289335],[114.07874,30.282149],[114.076571,30.273853],[114.074305,30.266445],[114.072514,30.261742],[114.069448,30.25482],[114.061446,30.24154],[114.05876,30.237719],[114.057544,30.236336],[114.054256,30.233371],[114.052962,30.232413],[114.051172,30.231393],[114.050193,30.231022],[114.047407,30.230359],[114.04627,30.230344],[114.044299,30.230714],[114.042677,30.231235],[114.04135,30.231844],[114.038128,30.234105],[114.036779,30.235535],[114.034585,30.238238],[114.03199,30.242191],[114.030544,30.245016],[114.02956,30.248558],[114.027386,30.253424],[114.024403,30.259004],[114.02201,30.263957],[114.021488,30.264255],[114.01919,30.268144],[114.015398,30.272636],[114.013884,30.27364],[114.011178,30.276751],[114.00681,30.28077],[114.001757,30.285014],[113.998859,30.286448],[113.996279,30.290652],[113.993921,30.290385],[113.991324,30.292642],[113.988199,30.294856],[113.985723,30.296189],[113.982077,30.298996],[113.98055,30.299605],[113.979506,30.300232],[113.978807,30.300734],[113.977597,30.301939],[113.975771,30.302778],[113.97302,30.305102],[113.969526,30.30743],[113.967672,30.308354],[113.964224,30.309441],[113.958861,30.310232],[113.949361,30.309916],[113.941387,30.308783],[113.938029,30.307937],[113.934878,30.306399],[113.933737,30.306462],[113.933361,30.305661],[113.927785,30.302775],[113.921917,30.298933],[113.918863,30.296594],[113.910604,30.289387],[113.905423,30.284469],[113.901371,30.28134],[113.897793,30.277824],[113.893599,30.273027],[113.890013,30.268269],[113.888045,30.265274],[113.890398,30.264122]]],[[[114.152321,30.395312],[114.15758,30.402389],[114.163238,30.410962],[114.164713,30.412928],[114.166612,30.415017],[114.168001,30.417939],[114.169847,30.420789],[114.170115,30.42188],[114.170845,30.423397],[114.171911,30.4245],[114.172135,30.425224],[114.173296,30.427021],[114.177631,30.43546],[114.180694,30.440534],[114.183505,30.44441],[114.186144,30.44761],[114.192447,30.454357],[114.194287,30.455934],[114.19463,30.456114],[114.196658,30.45698],[114.198139,30.458302],[114.201499,30.460089],[114.202355,30.460715],[114.208671,30.466196],[114.211298,30.468742],[114.211615,30.469437],[114.212362,30.469711],[114.213029,30.470376],[114.215756,30.474235],[114.216866,30.475106],[114.217687,30.476357],[114.222397,30.4819],[114.227284,30.487422],[114.228346,30.488306],[114.230237,30.490834],[114.232726,30.493475],[114.235751,30.497661],[114.236123,30.4978],[114.238084,30.500528],[114.239481,30.501918],[114.24092,30.503891],[114.24145,30.504173],[114.241471,30.504405],[114.248767,30.513201],[114.250032,30.514392],[114.251682,30.516452],[114.252368,30.516993],[114.25415,30.519018],[114.255834,30.520482],[114.256946,30.521821],[114.257285,30.521596],[114.259245,30.523749],[114.266747,30.534095],[114.267816,30.536112],[114.26861,30.536912],[114.269239,30.538153],[114.269386,30.538064],[114.269672,30.538419],[114.269456,30.538547],[114.270957,30.540828],[114.273459,30.54549],[114.273867,30.545893],[114.27496,30.548587],[114.287188,30.545659],[114.287914,30.54791],[114.275015,30.550922],[114.271364,30.546792],[114.271029,30.546525],[114.268528,30.541867],[114.266992,30.539522],[114.266893,30.539325],[114.266285,30.538114],[114.265459,30.537268],[114.264419,30.535292],[114.256974,30.525025],[114.255394,30.523269],[114.255144,30.523565],[114.253778,30.522005],[114.25209,30.520537],[114.25028,30.518483],[114.249538,30.517881],[114.247887,30.51582],[114.246586,30.514588],[114.239248,30.505742],[114.238754,30.505295],[114.237288,30.503291],[114.235865,30.501871],[114.233903,30.49914],[114.233506,30.49897],[114.230501,30.494809],[114.228048,30.492211],[114.226173,30.489703],[114.225167,30.488882],[114.220226,30.483298],[114.215468,30.477699],[114.214734,30.476548],[114.213534,30.475573],[114.210753,30.471644],[114.210708,30.471561],[114.209648,30.471043],[114.209164,30.470182],[114.206716,30.467813],[114.200451,30.462377],[114.2,30.462034],[114.19652,30.460175],[114.19507,30.458872],[114.193396,30.458193],[114.192438,30.457641],[114.190376,30.455863],[114.184002,30.449041],[114.181248,30.445702],[114.178336,30.441684],[114.175181,30.436457],[114.170838,30.428003],[114.169687,30.426224],[114.169598,30.425715],[114.168513,30.424585],[114.167543,30.422612],[114.167388,30.42177],[114.165563,30.418955],[114.164255,30.416168],[114.162513,30.41429],[114.160899,30.41214],[114.155259,30.403593],[114.150041,30.396573],[114.152321,30.395312]]],[[[114.275674,30.548322],[114.277307,30.552551],[114.279978,30.557402],[114.282757,30.561734],[114.283325,30.562472],[114.285021,30.564746],[114.285583,30.566219],[114.284424,30.566602],[114.285845,30.568208],[114.286381,30.568297],[114.287492,30.56912],[114.289019,30.570861],[114.291138,30.57413],[114.291717,30.575364],[114.29364,30.577821],[114.296223,30.582367],[114.2973,30.58374],[114.298204,30.58553],[114.300744,30.589637],[114.302015,30.591062],[114.306124,30.597642],[114.30793,30.599932],[114.31062,30.604226],[114.312874,30.606968],[114.313341,30.60729],[114.314229,30.608905],[114.314848,30.609498],[114.315995,30.61121],[114.316513,30.61268],[114.317673,30.614099],[114.318163,30.614269],[114.317918,30.614641],[114.320726,30.619129],[114.326144,30.626414],[114.342238,30.619351],[114.343471,30.621432],[114.326112,30.628749],[114.318401,30.620333],[114.315447,30.615606],[114.315634,30.615117],[114.314085,30.613724],[114.31352,30.612168],[114.312583,30.610784],[114.31189,30.610088],[114.311016,30.608494],[114.310718,30.608386],[114.308298,30.605435],[114.30559,30.601116],[114.303771,30.598805],[114.299667,30.592232],[114.29841,30.590829],[114.29578,30.586579],[114.294912,30.584849],[114.293828,30.583465],[114.291267,30.578952],[114.289374,30.576541],[114.288727,30.575201],[114.286721,30.572101],[114.285462,30.570669],[114.284913,30.570261],[114.283921,30.569854],[114.281729,30.566866],[114.282613,30.565821],[114.281048,30.563741],[114.280399,30.562889],[114.277563,30.558464],[114.274796,30.553434],[114.273101,30.549059],[114.275674,30.548322]]],[[[114.326144,30.626414],[114.336262,30.639103],[114.33904,30.64214],[114.343321,30.646178],[114.344062,30.647207],[114.343992,30.648115],[114.345644,30.649173],[114.351894,30.655339],[114.353524,30.657294],[114.355004,30.65853],[114.356871,30.661177],[114.358197,30.662132],[114.360488,30.664688],[114.361346,30.666104],[114.365144,30.670677],[114.368191,30.673778],[114.371227,30.6764],[114.371391,30.676639],[114.371243,30.676684],[114.369414,30.67566],[114.369742,30.676154],[114.371962,30.677709],[114.374585,30.679134],[114.380186,30.681823],[114.382115,30.682575],[114.385046,30.684225],[114.388259,30.685621],[114.394474,30.687955],[114.397538,30.689436],[114.399495,30.689941],[114.399687,30.689761],[114.40086,30.690039],[114.412903,30.693642],[114.420969,30.695689],[114.430316,30.697624],[114.439157,30.698931],[114.448544,30.699921],[114.456476,30.700133],[114.465279,30.699326],[114.474023,30.698216],[114.483113,30.696821],[114.492398,30.69507],[114.498899,30.693396],[114.499584,30.693344],[114.505329,30.691754],[114.508044,30.691265],[114.509577,30.690541],[114.510946,30.690283],[114.516503,30.688519],[114.51861,30.687977],[114.519418,30.688001],[114.519959,30.687444],[114.526959,30.685083],[114.531449,30.682873],[114.533393,30.681642],[114.534362,30.680763],[114.534775,30.680014],[114.536459,30.6786],[114.537609,30.678006],[114.539988,30.675781],[114.541258,30.674252],[114.542439,30.673185],[114.545048,30.669176],[114.546486,30.665685],[114.546299,30.665612],[114.546217,30.665126],[114.546782,30.663989],[114.546774,30.663643],[114.546543,30.663495],[114.546791,30.6631],[114.546632,30.662615],[114.546914,30.662114],[114.547396,30.661828],[114.549826,30.657532],[114.552267,30.658554],[114.549778,30.662948],[114.549496,30.663303],[114.549257,30.663557],[114.549366,30.664708],[114.548847,30.665706],[114.549085,30.66636],[114.547511,30.67016],[114.544724,30.674447],[114.543366,30.675724],[114.542071,30.677279],[114.539457,30.679717],[114.538186,30.680403],[114.53686,30.68151],[114.536555,30.68214],[114.535143,30.683428],[114.532883,30.684857],[114.528099,30.687203],[114.521074,30.689574],[114.520551,30.690124],[114.51916,30.690264],[114.5174,30.690723],[114.511819,30.692495],[114.510571,30.692714],[114.5089,30.693481],[114.506076,30.693999],[114.500357,30.695583],[114.49963,30.695646],[114.493063,30.697335],[114.483643,30.699112],[114.474461,30.700521],[114.465621,30.701643],[114.456588,30.702467],[114.448326,30.702249],[114.438763,30.701242],[114.429765,30.699911],[114.420271,30.697946],[114.41206,30.695862],[114.399982,30.692249],[114.399461,30.692089],[114.399024,30.692241],[114.396403,30.691558],[114.393302,30.690062],[114.387124,30.687743],[114.383689,30.686249],[114.380762,30.6846],[114.378911,30.683885],[114.37322,30.681153],[114.370382,30.679608],[114.367888,30.67786],[114.368678,30.676753],[114.366186,30.675353],[114.362989,30.672099],[114.359089,30.667403],[114.358244,30.666004],[114.356165,30.66368],[114.354712,30.662594],[114.352823,30.659921],[114.351444,30.658795],[114.349809,30.656836],[114.343667,30.650774],[114.34176,30.649445],[114.34146,30.647874],[114.341255,30.647693],[114.336981,30.643661],[114.334044,30.640449],[114.323906,30.627735],[114.326144,30.626414]]],[[[114.767435,30.622774],[114.771799,30.624447],[114.774111,30.625014],[114.774411,30.625277],[114.778216,30.626237],[114.777452,30.628479],[114.773523,30.627484],[114.773171,30.627205],[114.770813,30.626624],[114.76633,30.624907],[114.767435,30.622774]]]]}},{"type":"Feature","properties":{"id":"B1-R","band":"B1","name":"近岸低滩","bank":"右岸（南岸）","elev_wusong_m":24,"area_km2":48.616,"segmentCount":8},"geometry":{"type":"MultiPolygon","coordinates":[[[[113.850803,30.200278],[113.864526,30.179533],[113.865377,30.179105],[113.865585,30.179152],[113.86695,30.178216],[113.868656,30.177418],[113.869783,30.177047],[113.871446,30.17688],[113.877282,30.176927],[113.879809,30.177107],[113.886005,30.178568],[113.892453,30.180506],[113.89551,30.181777],[113.903074,30.185422],[113.906786,30.187657],[113.916979,30.191941],[113.920307,30.193626],[113.926967,30.197524],[113.932434,30.200394],[113.934681,30.201265],[113.937058,30.202735],[113.937837,30.202919],[113.940006,30.20296],[113.947449,30.201907],[113.952207,30.200421],[113.955643,30.198743],[113.956662,30.198504],[113.957974,30.197918],[113.961013,30.195915],[113.961769,30.194767],[113.962829,30.19454],[113.963553,30.193898],[113.968273,30.190875],[113.969762,30.189681],[113.972248,30.188466],[113.972871,30.187884],[113.974196,30.187427],[113.975006,30.18691],[113.977699,30.184387],[113.979659,30.183313],[113.981664,30.182745],[113.982493,30.18139],[113.985343,30.179169],[113.985678,30.178663],[113.985499,30.178086],[113.985756,30.177409],[113.98773,30.176609],[113.98916,30.173761],[113.990565,30.172284],[113.99166,30.170629],[113.99406,30.168713],[113.994865,30.167723],[113.996557,30.166654],[113.997735,30.165562],[113.999392,30.164943],[114.003802,30.161951],[114.005301,30.161163],[114.005478,30.160669],[114.006294,30.160611],[114.006073,30.158283],[114.004017,30.158704],[114.003511,30.159413],[114.002195,30.160074],[113.997861,30.163019],[113.996188,30.163647],[113.994783,30.164893],[113.993,30.166033],[113.992105,30.167101],[113.989597,30.16912],[113.988341,30.170958],[113.986809,30.17261],[113.985627,30.175142],[113.984114,30.175554],[113.982801,30.177961],[113.982997,30.178375],[113.980474,30.179838],[113.979996,30.180908],[113.978492,30.181207],[113.975898,30.182646],[113.973091,30.185262],[113.972935,30.185362],[113.971452,30.185896],[113.970746,30.186524],[113.968211,30.187768],[113.966604,30.189038],[113.961892,30.192055],[113.961501,30.192506],[113.959988,30.19301],[113.959141,30.19423],[113.956441,30.195994],[113.955638,30.196343],[113.954438,30.196652],[113.951105,30.198289],[113.946816,30.199637],[113.939679,30.200641],[113.938075,30.200593],[113.936047,30.19925],[113.933756,30.198357],[113.928433,30.195562],[113.921774,30.191665],[113.918208,30.189861],[113.908075,30.185604],[113.90447,30.183422],[113.896786,30.179718],[113.893436,30.178331],[113.886807,30.176338],[113.880384,30.174825],[113.877367,30.174592],[113.871395,30.174545],[113.869194,30.174767],[113.867492,30.17531],[113.865473,30.17626],[113.864106,30.177197],[113.862204,30.178338],[113.848457,30.199119],[113.850803,30.200278]]],[[[113.890398,30.264122],[113.903761,30.258977],[113.90563,30.261423],[113.909104,30.265264],[113.916091,30.272517],[113.916813,30.272978],[113.917325,30.273831],[113.918371,30.274125],[113.919795,30.275722],[113.92046,30.27608],[113.923502,30.27892],[113.924403,30.279985],[113.925119,30.280481],[113.925417,30.281088],[113.92642,30.282149],[113.935926,30.289171],[113.938522,30.290589],[113.941526,30.29183],[113.944337,30.292794],[113.947073,30.293498],[113.951579,30.293998],[113.956456,30.294271],[113.957807,30.294253],[113.963488,30.293414],[113.96984,30.292849],[113.972039,30.292488],[113.975472,30.291098],[113.977436,30.290033],[113.981588,30.2868],[113.988969,30.280046],[113.996544,30.272392],[114.002541,30.265869],[114.005824,30.261755],[114.008904,30.25701],[114.014182,30.247353],[114.020287,30.235433],[114.024568,30.228963],[114.032051,30.219169],[114.034513,30.217407],[114.035849,30.215345],[114.036353,30.215048],[114.040602,30.213826],[114.042372,30.213775],[114.04355,30.21397],[114.043769,30.213996],[114.045315,30.214018],[114.045571,30.213867],[114.045757,30.214084],[114.047464,30.214548],[114.048549,30.21537],[114.049569,30.215192],[114.051323,30.215829],[114.052055,30.216269],[114.053468,30.217741],[114.054375,30.218089],[114.055723,30.21906],[114.05678,30.219453],[114.057772,30.220142],[114.059801,30.222446],[114.059981,30.222859],[114.059951,30.223647],[114.06048,30.224131],[114.061496,30.226103],[114.062513,30.227549],[114.065909,30.230634],[114.072531,30.237727],[114.07568,30.241356],[114.078995,30.246181],[114.079521,30.246704],[114.080851,30.247422],[114.081784,30.249012],[114.085282,30.253013],[114.086409,30.255082],[114.086736,30.25618],[114.08827,30.259475],[114.090775,30.267],[114.092395,30.277312],[114.094498,30.283388],[114.094549,30.284604],[114.094919,30.28623],[114.094842,30.288632],[114.095383,30.28982],[114.095397,30.291536],[114.095063,30.293954],[114.095397,30.295042],[114.095153,30.29781],[114.095464,30.300339],[114.09684,30.30388],[114.0974,30.306469],[114.098078,30.307186],[114.098405,30.308283],[114.103113,30.31407],[114.108757,30.320026],[114.11167,30.322735],[114.120001,30.329777],[114.121873,30.332153],[114.122878,30.333621],[114.124221,30.336228],[114.124589,30.336357],[114.124275,30.33772],[114.124304,30.340144],[114.124469,30.340752],[114.124413,30.344815],[114.123642,30.346136],[114.123618,30.347081],[114.124205,30.347768],[114.125596,30.348813],[114.125999,30.350479],[114.128409,30.353285],[114.13114,30.35577],[114.132551,30.356727],[114.134938,30.359196],[114.13512,30.359436],[114.135012,30.359749],[114.137234,30.362379],[114.137922,30.36351],[114.138351,30.364545],[114.138303,30.365517],[114.138936,30.366076],[114.140179,30.366722],[114.140878,30.367726],[114.141402,30.367955],[114.144308,30.370892],[114.144512,30.371354],[114.150574,30.376895],[114.152002,30.377952],[114.153368,30.379371],[114.154034,30.379726],[114.154407,30.380174],[114.157867,30.382758],[114.160816,30.385561],[114.164036,30.387962],[114.16656,30.39068],[114.168673,30.38922],[114.165981,30.386338],[114.162709,30.383891],[114.159756,30.381085],[114.156236,30.378453],[114.155841,30.377987],[114.155294,30.377729],[114.153942,30.376323],[114.152508,30.375261],[114.146524,30.369791],[114.146433,30.369445],[114.143379,30.36636],[114.142935,30.366208],[114.142078,30.365058],[114.141022,30.364168],[114.140395,30.36256],[114.139485,30.361082],[114.137312,30.358519],[114.137032,30.357716],[114.134506,30.355113],[114.133018,30.354088],[114.130483,30.351784],[114.128378,30.349365],[114.127946,30.347654],[114.126132,30.346128],[114.127096,30.345122],[114.127175,30.340705],[114.127006,30.340015],[114.126975,30.337871],[114.127293,30.336284],[114.126603,30.335119],[114.125301,30.332581],[114.124146,30.330885],[114.121977,30.328182],[114.113587,30.321087],[114.110816,30.318511],[114.105266,30.312656],[114.100692,30.307036],[114.100518,30.306179],[114.099975,30.30575],[114.09945,30.303265],[114.098094,30.299794],[114.097858,30.297784],[114.098101,30.294995],[114.097768,30.293954],[114.098096,30.291692],[114.098052,30.28944],[114.09753,30.288373],[114.097619,30.286084],[114.097232,30.284308],[114.097119,30.282811],[114.095049,30.276863],[114.093427,30.266542],[114.090844,30.258758],[114.089275,30.255378],[114.088922,30.254221],[114.087541,30.251729],[114.084015,30.247692],[114.082914,30.245912],[114.081176,30.244858],[114.077936,30.240069],[114.074655,30.236283],[114.067968,30.229121],[114.064581,30.226046],[114.063901,30.225036],[114.062855,30.223016],[114.062511,30.222897],[114.062668,30.222608],[114.062013,30.221103],[114.059809,30.218607],[114.058189,30.21746],[114.057206,30.217108],[114.05589,30.216155],[114.055285,30.216012],[114.053995,30.214643],[114.052534,30.213741],[114.050077,30.212898],[114.049451,30.213168],[114.048736,30.212487],[114.046796,30.211928],[114.046032,30.211566],[114.045093,30.21169],[114.043854,30.211661],[114.042524,30.211443],[114.03996,30.211558],[114.035416,30.212857],[114.033608,30.214039],[114.032462,30.215886],[114.029882,30.217775],[114.022275,30.227725],[114.017857,30.234409],[114.011722,30.246384],[114.006486,30.255963],[114.003526,30.260523],[114.000382,30.264463],[113.99446,30.270904],[113.986955,30.278487],[113.979673,30.28515],[113.975728,30.288222],[113.974212,30.289032],[113.971123,30.29029],[113.969503,30.290532],[113.963126,30.2911],[113.957429,30.29194],[113.956584,30.291938],[113.951836,30.291673],[113.947585,30.291204],[113.945227,30.290588],[113.942614,30.289692],[113.939825,30.288542],[113.937625,30.287354],[113.928219,30.280405],[113.92766,30.279783],[113.927237,30.279029],[113.926419,30.278428],[113.925541,30.277385],[113.922372,30.274428],[113.921783,30.274138],[113.920165,30.272377],[113.919079,30.272053],[113.918913,30.271507],[113.918138,30.270992],[113.911201,30.26379],[113.90781,30.260041],[113.903218,30.256689],[113.889297,30.261989],[113.890398,30.264122]]],[[[114.152321,30.395312],[114.16656,30.39068],[114.168782,30.392595],[114.175367,30.399972],[114.175875,30.401021],[114.176178,30.401141],[114.176643,30.40195],[114.178304,30.403685],[114.17943,30.405571],[114.182035,30.409125],[114.187399,30.41885],[114.189604,30.423342],[114.189856,30.424475],[114.190022,30.4275],[114.189733,30.429096],[114.189845,30.429642],[114.192742,30.435058],[114.194062,30.436723],[114.196733,30.440886],[114.197988,30.442051],[114.201345,30.444281],[114.201634,30.444628],[114.204278,30.44604],[114.204788,30.446147],[114.211716,30.450056],[114.218679,30.454427],[114.221345,30.455656],[114.227257,30.460308],[114.233898,30.465959],[114.235529,30.468289],[114.239496,30.471597],[114.240593,30.473014],[114.240979,30.473995],[114.2421,30.475106],[114.242626,30.475379],[114.243624,30.476591],[114.244501,30.47795],[114.244632,30.478647],[114.245165,30.479585],[114.245866,30.480104],[114.248092,30.483044],[114.249165,30.485173],[114.249557,30.48644],[114.251308,30.488532],[114.25454,30.493916],[114.256549,30.496124],[114.258148,30.497314],[114.259932,30.499435],[114.259855,30.499543],[114.260568,30.500003],[114.26051,30.500139],[114.263644,30.502914],[114.264366,30.503738],[114.264325,30.504081],[114.26453,30.504382],[114.265456,30.504822],[114.266402,30.50563],[114.266249,30.505852],[114.268126,30.507292],[114.271789,30.510715],[114.275166,30.514336],[114.27549,30.514936],[114.279428,30.519385],[114.281358,30.522104],[114.283087,30.525705],[114.283814,30.527541],[114.284285,30.529491],[114.284039,30.529624],[114.284314,30.529982],[114.284473,30.529891],[114.284979,30.531695],[114.286995,30.530787],[114.287594,30.530811],[114.284814,30.532241],[114.284938,30.532715],[114.285939,30.532329],[114.285999,30.532446],[114.284549,30.53391],[114.284467,30.534418],[114.283528,30.535573],[114.283342,30.53614],[114.283948,30.536799],[114.284227,30.537753],[114.284104,30.538179],[114.284244,30.539633],[114.284547,30.540268],[114.28445,30.541265],[114.285421,30.541907],[114.285501,30.542622],[114.286675,30.545695],[114.287188,30.545659],[114.286971,30.543331],[114.288109,30.541981],[114.287677,30.540611],[114.287243,30.540015],[114.286911,30.539213],[114.286816,30.538161],[114.286926,30.537526],[114.2864,30.535801],[114.286864,30.53551],[114.286802,30.535209],[114.286547,30.534037],[114.289254,30.532658],[114.286984,30.529274],[114.28643,30.526926],[114.285614,30.524858],[114.283785,30.521062],[114.281644,30.518039],[114.277682,30.513563],[114.27733,30.512928],[114.273844,30.50919],[114.27006,30.505656],[114.268271,30.504297],[114.267114,30.502974],[114.266788,30.502688],[114.265635,30.50133],[114.262515,30.498567],[114.262535,30.498396],[114.261805,30.497921],[114.260182,30.495771],[114.258549,30.494548],[114.25687,30.492722],[114.253658,30.487368],[114.251932,30.485315],[114.251706,30.484359],[114.250456,30.481902],[114.248055,30.478728],[114.247354,30.478209],[114.24719,30.477876],[114.246997,30.47704],[114.245918,30.475348],[114.244655,30.473832],[114.243993,30.473435],[114.243281,30.472762],[114.242984,30.471915],[114.241486,30.470013],[114.237588,30.466771],[114.235919,30.464403],[114.229125,30.458617],[114.223032,30.453829],[114.220194,30.45249],[114.213257,30.448135],[114.206226,30.444168],[114.2056,30.444001],[114.203181,30.44271],[114.203063,30.442475],[114.199748,30.440275],[114.19902,30.439633],[114.196394,30.435535],[114.195152,30.433991],[114.192329,30.42871],[114.19273,30.427554],[114.192554,30.424273],[114.192139,30.422518],[114.18986,30.417875],[114.18444,30.408052],[114.181761,30.404382],[114.18056,30.402393],[114.17884,30.400584],[114.178382,30.399784],[114.178199,30.399822],[114.177558,30.398599],[114.170878,30.391117],[114.166051,30.388386],[114.151366,30.393127],[114.152321,30.395312]]],[[[114.275674,30.548322],[114.287188,30.545659],[114.287684,30.547961],[114.287641,30.549113],[114.289682,30.552964],[114.291045,30.55449],[114.293965,30.558803],[114.295369,30.56054],[114.298558,30.563543],[114.301156,30.566393],[114.304182,30.570866],[114.304642,30.571808],[114.304843,30.571809],[114.30863,30.578797],[114.309841,30.580074],[114.314115,30.586008],[114.315249,30.587134],[114.316298,30.588661],[114.318269,30.591803],[114.318607,30.593048],[114.318806,30.593057],[114.318625,30.593176],[114.318845,30.593872],[114.319494,30.59489],[114.331613,30.609165],[114.342238,30.619351],[114.344257,30.617791],[114.333731,30.607706],[114.321697,30.593527],[114.321332,30.592938],[114.3215,30.59278],[114.321153,30.59224],[114.320741,30.590839],[114.318668,30.587524],[114.317463,30.585784],[114.31638,30.584722],[114.31211,30.578795],[114.311036,30.577719],[114.307278,30.570779],[114.306965,30.570601],[114.306555,30.569734],[114.303418,30.565104],[114.300623,30.562029],[114.297451,30.559044],[114.296275,30.557579],[114.293338,30.553243],[114.292064,30.551846],[114.290206,30.548353],[114.290379,30.547699],[114.287093,30.543325],[114.274971,30.546066],[114.275674,30.548322]]],[[[114.326144,30.626414],[114.342238,30.619351],[114.34264,30.6202],[114.345098,30.62235],[114.347927,30.624437],[114.348262,30.624907],[114.351416,30.627129],[114.354966,30.630086],[114.36496,30.636862],[114.36806,30.639086],[114.368686,30.639749],[114.370685,30.640986],[114.376939,30.643965],[114.378371,30.644434],[114.379663,30.64509],[114.379758,30.645001],[114.380004,30.645266],[114.381004,30.645581],[114.381478,30.645926],[114.381694,30.645787],[114.381665,30.645999],[114.3845,30.647305],[114.390394,30.650735],[114.394492,30.652413],[114.396441,30.652973],[114.397383,30.653049],[114.398956,30.653683],[114.405258,30.655414],[114.40686,30.656069],[114.408094,30.656045],[114.411531,30.657217],[114.413244,30.658044],[114.414986,30.658447],[114.415214,30.658745],[114.418478,30.659422],[114.419118,30.659884],[114.419846,30.659802],[114.421572,30.660263],[114.422732,30.660767],[114.423978,30.660861],[114.427711,30.662024],[114.428361,30.66199],[114.429223,30.662444],[114.432137,30.663234],[114.437279,30.665133],[114.440547,30.666551],[114.44418,30.667662],[114.444391,30.665574],[114.443901,30.665428],[114.443886,30.665239],[114.444065,30.665227],[114.444254,30.66183],[114.444057,30.661704],[114.444156,30.66004],[114.44433,30.65953],[114.444797,30.659362],[114.444795,30.658318],[114.4453,30.657421],[114.445045,30.65651],[114.445387,30.657386],[114.444942,30.658145],[114.44494,30.658608],[114.445277,30.659084],[114.44576,30.659155],[114.445838,30.65931],[114.445607,30.667982],[114.446979,30.668981],[114.449317,30.670271],[114.456229,30.672792],[114.457133,30.672865],[114.458588,30.67349],[114.463014,30.674667],[114.463181,30.674737],[114.46362,30.674921],[114.464069,30.674862],[114.466393,30.67527],[114.466722,30.675473],[114.467095,30.675424],[114.467672,30.675648],[114.467778,30.675865],[114.468854,30.676241],[114.469094,30.675962],[114.469569,30.675833],[114.4699,30.676113],[114.470461,30.676033],[114.473421,30.676886],[114.475201,30.67719],[114.476065,30.677088],[114.478361,30.677442],[114.479069,30.677354],[114.482917,30.677691],[114.483266,30.677569],[114.48513,30.677647],[114.492192,30.677328],[114.496553,30.676958],[114.497508,30.676864],[114.497701,30.676704],[114.500436,30.676574],[114.50482,30.676022],[114.508878,30.675309],[114.511764,30.67455],[114.517257,30.672536],[114.520218,30.671042],[114.524054,30.668492],[114.526823,30.665976],[114.526897,30.665717],[114.529864,30.662854],[114.533168,30.660516],[114.537279,30.655112],[114.537701,30.655067],[114.537743,30.654592],[114.538972,30.65302],[114.549826,30.657532],[114.551007,30.655429],[114.539711,30.650772],[114.535348,30.653492],[114.535071,30.653753],[114.531073,30.659031],[114.527979,30.661172],[114.524815,30.664217],[114.524786,30.664432],[114.522247,30.666749],[114.518673,30.669121],[114.516077,30.670433],[114.510789,30.672371],[114.508228,30.673042],[114.504354,30.673721],[114.500135,30.674252],[114.49739,30.674384],[114.496833,30.674602],[114.496279,30.674634],[114.492002,30.674998],[114.485045,30.675313],[114.483203,30.675234],[114.483078,30.67536],[114.479242,30.675023],[114.47864,30.675119],[114.476317,30.674762],[114.475442,30.674863],[114.474162,30.674639],[114.471132,30.67377],[114.470584,30.673853],[114.470147,30.673551],[114.467662,30.673139],[114.46739,30.673209],[114.467096,30.673014],[114.464463,30.672551],[114.464057,30.672616],[114.463831,30.67244],[114.459499,30.67129],[114.458017,30.670656],[114.457206,30.670613],[114.45049,30.668165],[114.448562,30.667084],[114.448553,30.659345],[114.44694,30.657237],[114.442604,30.657145],[114.442144,30.65781],[114.442219,30.65863],[114.441457,30.659789],[114.441345,30.661813],[114.438411,30.66301],[114.43312,30.661057],[114.430195,30.660263],[114.429194,30.659767],[114.42849,30.659787],[114.424743,30.65862],[114.423487,30.658524],[114.422556,30.658086],[114.420325,30.657503],[114.419954,30.657662],[114.419351,30.65721],[114.416052,30.656523],[114.416023,30.656288],[114.414282,30.655886],[114.412648,30.655088],[114.408839,30.6538],[114.407541,30.653808],[114.406156,30.65321],[114.399851,30.651478],[114.39823,30.65083],[114.397114,30.65071],[114.395565,30.650267],[114.391781,30.648728],[114.385948,30.64533],[114.383111,30.644022],[114.382817,30.643661],[114.382371,30.64372],[114.382257,30.643509],[114.381294,30.643211],[114.381156,30.642999],[114.380829,30.642981],[114.379545,30.642328],[114.378194,30.641894],[114.372071,30.638978],[114.370433,30.637962],[114.369877,30.63735],[114.366654,30.635037],[114.356706,30.628293],[114.353229,30.625391],[114.350074,30.623168],[114.349785,30.622734],[114.346948,30.620641],[114.344738,30.618719],[114.341149,30.617211],[114.324911,30.624333],[114.326144,30.626414]]],[[[114.538972,30.65302],[114.549826,30.657532],[114.550264,30.657088],[114.550566,30.656476],[114.550491,30.656253],[114.550908,30.655885],[114.551243,30.654831],[114.55187,30.654346],[114.55186,30.653775],[114.553509,30.651715],[114.554117,30.650474],[114.554262,30.650497],[114.555093,30.649456],[114.555088,30.649034],[114.555562,30.648575],[114.556273,30.647101],[114.557087,30.64649],[114.559191,30.642088],[114.559749,30.640248],[114.55981,30.639421],[114.560712,30.638407],[114.56138,30.637033],[114.562111,30.63611],[114.562136,30.635637],[114.563134,30.634409],[114.563359,30.633353],[114.565594,30.629207],[114.566248,30.627769],[114.566277,30.627312],[114.566873,30.626617],[114.5676,30.625248],[114.567826,30.62379],[114.568643,30.62346],[114.569059,30.622716],[114.568715,30.622054],[114.569528,30.621327],[114.56992,30.619788],[114.570724,30.618097],[114.572186,30.615637],[114.572377,30.614917],[114.573314,30.613204],[114.574015,30.612411],[114.574076,30.611795],[114.575678,30.608606],[114.576277,30.608188],[114.576246,30.607795],[114.576584,30.607458],[114.577107,30.60585],[114.577648,30.605487],[114.577686,30.604631],[114.578957,30.60182],[114.580552,30.599754],[114.580669,30.599177],[114.583253,30.595084],[114.583505,30.594345],[114.584322,30.593244],[114.584777,30.592064],[114.585623,30.590978],[114.586018,30.59012],[114.590278,30.584968],[114.593056,30.58202],[114.594934,30.580401],[114.598617,30.577976],[114.603402,30.57564],[114.606017,30.57461],[114.610274,30.573346],[114.613264,30.572587],[114.614747,30.572547],[114.617853,30.571424],[114.6218,30.570798],[114.625463,30.569476],[114.632624,30.566434],[114.633343,30.566443],[114.636539,30.56864],[114.63676,30.568973],[114.637072,30.569019],[114.637667,30.56952],[114.638528,30.570531],[114.639516,30.570662],[114.639901,30.571207],[114.644348,30.572823],[114.65238,30.577586],[114.654042,30.578309],[114.65534,30.578692],[114.657751,30.579029],[114.661989,30.580657],[114.663392,30.581366],[114.666725,30.582501],[114.667282,30.58254],[114.667629,30.582828],[114.671018,30.583431],[114.671252,30.58326],[114.671372,30.5835],[114.672789,30.583645],[114.675039,30.584419],[114.679375,30.585431],[114.679767,30.586203],[114.681618,30.586563],[114.682177,30.586053],[114.683278,30.58625],[114.692949,30.588813],[114.69991,30.590239],[114.700781,30.59054],[114.701302,30.590935],[114.701978,30.591002],[114.70303,30.591533],[114.711379,30.594657],[114.720569,30.599147],[114.73525,30.607341],[114.737292,30.608739],[114.738952,30.609579],[114.739355,30.609976],[114.744765,30.61319],[114.748417,30.614831],[114.748948,30.615258],[114.749539,30.615364],[114.750478,30.615948],[114.751242,30.616197],[114.751412,30.616496],[114.752165,30.616858],[114.75277,30.616956],[114.75303,30.617294],[114.754649,30.618109],[114.758203,30.619674],[114.758506,30.619732],[114.758699,30.619544],[114.761716,30.620796],[114.767435,30.622774],[114.768376,30.616327],[114.768923,30.609891],[114.766217,30.609721],[114.765676,30.616096],[114.762788,30.61865],[114.759674,30.617364],[114.757713,30.617498],[114.755928,30.616049],[114.754606,30.615393],[114.754142,30.614941],[114.753159,30.614685],[114.752773,30.614268],[114.751819,30.613917],[114.750797,30.613294],[114.750257,30.613213],[114.749769,30.612806],[114.746199,30.611207],[114.740943,30.608082],[114.740504,30.607662],[114.738852,30.606827],[114.736755,30.605398],[114.721994,30.59716],[114.712601,30.592571],[114.704147,30.589404],[114.702991,30.588835],[114.702411,30.588803],[114.702144,30.588521],[114.700584,30.587976],[114.693677,30.586563],[114.684052,30.584011],[114.681597,30.583771],[114.681422,30.584233],[114.681139,30.584188],[114.680464,30.583292],[114.675854,30.582191],[114.673547,30.581403],[114.67213,30.581258],[114.671858,30.580984],[114.67139,30.581117],[114.668353,30.580577],[114.668334,30.580387],[114.667622,30.580297],[114.66451,30.579238],[114.663166,30.578553],[114.658632,30.57682],[114.655937,30.576414],[114.655122,30.576167],[114.65387,30.575635],[114.645733,30.570814],[114.641152,30.569134],[114.640862,30.568634],[114.640109,30.568633],[114.639755,30.568029],[114.638627,30.567105],[114.638488,30.567173],[114.638308,30.566869],[114.634828,30.564489],[114.631518,30.564302],[114.624313,30.567361],[114.621027,30.568559],[114.617103,30.569179],[114.613982,30.570307],[114.612713,30.5703],[114.609437,30.571125],[114.605036,30.572432],[114.602134,30.573574],[114.597133,30.576021],[114.593183,30.578617],[114.591017,30.580479],[114.588105,30.58357],[114.583761,30.588824],[114.583245,30.589852],[114.582344,30.591029],[114.581875,30.592234],[114.581078,30.593301],[114.580831,30.594031],[114.57824,30.598137],[114.578182,30.598617],[114.576536,30.600765],[114.575092,30.603946],[114.575137,30.604603],[114.574646,30.604866],[114.574048,30.606627],[114.573695,30.606999],[114.573276,30.60752],[114.571536,30.610973],[114.571555,30.611426],[114.570949,30.612058],[114.569856,30.614051],[114.569709,30.614684],[114.568268,30.617103],[114.567334,30.619079],[114.56706,30.620355],[114.566109,30.621402],[114.566347,30.622613],[114.5654,30.622742],[114.564993,30.624598],[114.564496,30.625489],[114.563818,30.626324],[114.563655,30.627077],[114.563114,30.628257],[114.560845,30.632473],[114.560668,30.633431],[114.559725,30.634563],[114.55965,30.635123],[114.558975,30.635949],[114.558348,30.637258],[114.557335,30.638463],[114.557087,30.63979],[114.556642,30.641283],[114.554659,30.645444],[114.553975,30.645857],[114.55316,30.647485],[114.55262,30.648061],[114.55265,30.648436],[114.552167,30.649012],[114.55172,30.649377],[114.551168,30.650531],[114.549467,30.652671],[114.549444,30.653297],[114.548852,30.653725],[114.548437,30.654917],[114.54806,30.655213],[114.540154,30.650917],[114.538972,30.65302]]],[[[114.538972,30.65302],[114.541542,30.649136],[114.541695,30.648495],[114.542365,30.647417],[114.543347,30.646538],[114.544888,30.644288],[114.545422,30.643928],[114.548542,30.638595],[114.551368,30.634555],[114.55716,30.62357],[114.557557,30.622248],[114.558043,30.621548],[114.558421,30.619933],[114.560776,30.613839],[114.563743,30.605124],[114.565828,30.600478],[114.56786,30.59505],[114.573171,30.583604],[114.574501,30.581603],[114.576432,30.577799],[114.579644,30.57356],[114.581738,30.570372],[114.585469,30.56618],[114.586077,30.565439],[114.588062,30.563319],[114.590532,30.561293],[114.592342,30.560039],[114.596573,30.557641],[114.598791,30.557191],[114.600121,30.556728],[114.604861,30.554551],[114.609429,30.552717],[114.615422,30.5515],[114.616015,30.551574],[114.621788,30.55092],[114.623269,30.550936],[114.627158,30.551574],[114.629761,30.552365],[114.631447,30.553334],[114.634449,30.554666],[114.635701,30.555579],[114.636137,30.555714],[114.636786,30.55636],[114.637844,30.557706],[114.6383,30.558005],[114.638265,30.559148],[114.638559,30.558647],[114.638659,30.559519],[114.63959,30.560136],[114.640179,30.560802],[114.641442,30.561461],[114.644681,30.562331],[114.646134,30.563151],[114.646452,30.563497],[114.647394,30.563859],[114.648093,30.564657],[114.64962,30.565131],[114.651805,30.566116],[114.656213,30.566372],[114.662567,30.567318],[114.663809,30.567709],[114.664551,30.567527],[114.667342,30.56791],[114.668838,30.568232],[114.669269,30.568573],[114.669953,30.568319],[114.670548,30.568561],[114.671339,30.568509],[114.672691,30.568774],[114.673284,30.568668],[114.67488,30.568797],[114.676037,30.569076],[114.687999,30.570213],[114.694532,30.571097],[114.699771,30.572058],[114.70311,30.573065],[114.705827,30.573494],[114.708037,30.574104],[114.711025,30.57512],[114.715362,30.577147],[114.718847,30.578431],[114.722055,30.580261],[114.73106,30.584459],[114.734382,30.586469],[114.73737,30.588597],[114.73796,30.589223],[114.739203,30.589978],[114.741916,30.592142],[114.743164,30.593362],[114.743679,30.594241],[114.746184,30.596902],[114.747801,30.598944],[114.748469,30.600145],[114.748662,30.601201],[114.74902,30.601634],[114.751325,30.602768],[114.758376,30.606962],[114.760232,30.607626],[114.765938,30.609093],[114.766751,30.609456],[114.767459,30.609433],[114.768923,30.609891],[114.769851,30.607696],[114.768074,30.607158],[114.767434,30.607196],[114.76678,30.606872],[114.761076,30.605406],[114.759828,30.604989],[114.752823,30.600821],[114.751047,30.599416],[114.750121,30.597733],[114.74835,30.595495],[114.745866,30.592859],[114.745363,30.591993],[114.743828,30.590485],[114.740969,30.588205],[114.739747,30.587465],[114.739178,30.586856],[114.736026,30.584612],[114.73243,30.582443],[114.723404,30.578235],[114.720137,30.576377],[114.71656,30.575052],[114.712204,30.573016],[114.708964,30.571909],[114.706473,30.571226],[114.703831,30.570813],[114.700469,30.569801],[114.695018,30.568799],[114.68834,30.567895],[114.676375,30.566759],[114.675341,30.566495],[114.673317,30.566332],[114.672946,30.566449],[114.67165,30.566189],[114.670975,30.566255],[114.669924,30.565983],[114.669512,30.566247],[114.667851,30.565616],[114.664729,30.565196],[114.664139,30.565391],[114.663111,30.565029],[114.656562,30.564056],[114.652384,30.563834],[114.650746,30.563006],[114.649592,30.562711],[114.649116,30.562055],[114.647936,30.561541],[114.64778,30.561295],[114.645728,30.560177],[114.642437,30.559288],[114.641912,30.559006],[114.641489,30.558468],[114.640989,30.558323],[114.64093,30.557435],[114.63997,30.556256],[114.638968,30.554973],[114.637876,30.553922],[114.637287,30.553685],[114.635866,30.552675],[114.63279,30.551305],[114.630928,30.550257],[114.627829,30.549311],[114.623648,30.548624],[114.621513,30.548597],[114.61573,30.549251],[114.614886,30.54921],[114.608566,30.550503],[114.603647,30.552463],[114.598899,30.554643],[114.598015,30.554953],[114.595335,30.555562],[114.590783,30.558127],[114.588729,30.559549],[114.586071,30.561732],[114.583939,30.564002],[114.583306,30.56477],[114.579494,30.569059],[114.577333,30.572336],[114.574056,30.576672],[114.572059,30.580586],[114.570674,30.58269],[114.565319,30.594231],[114.563268,30.599703],[114.561162,30.604402],[114.558183,30.613149],[114.555825,30.619251],[114.555459,30.620834],[114.555017,30.621427],[114.554669,30.622643],[114.548934,30.633522],[114.54616,30.637476],[114.543045,30.642799],[114.542647,30.64297],[114.541116,30.645207],[114.540169,30.646045],[114.539185,30.647605],[114.539131,30.648063],[114.536613,30.651865],[114.538972,30.65302]]],[[[114.767435,30.622774],[114.768376,30.616327],[114.768923,30.609891],[114.773104,30.610382],[114.77347,30.608068],[114.766684,30.608572],[114.765676,30.616096],[114.764742,30.622483],[114.767435,30.622774]]]]}},{"type":"Feature","properties":{"id":"B2-L","band":"B2","name":"沿江滩地","bank":"左岸（北岸）","elev_wusong_m":25.5,"area_km2":53.48,"segmentCount":7},"geometry":{"type":"MultiPolygon","coordinates":[[[[113.848418,30.201376],[113.854771,30.211677],[113.855246,30.213408],[113.859248,30.220876],[113.860385,30.222454],[113.861115,30.224437],[113.863076,30.226714],[113.865301,30.230107],[113.867457,30.232215],[113.868488,30.233455],[113.868858,30.234288],[113.870752,30.23646],[113.871837,30.23733],[113.87261,30.238673],[113.874374,30.240956],[113.881121,30.2541],[113.885423,30.2613],[113.890637,30.266449],[113.905535,30.260739],[113.903522,30.254658],[113.896159,30.24491],[113.893311,30.241667],[113.889613,30.236997],[113.889015,30.236085],[113.88854,30.23414],[113.888464,30.232005],[113.889414,30.227906],[113.89237,30.220623],[113.893032,30.217475],[113.893969,30.215253],[113.895216,30.213737],[113.895919,30.212389],[113.896449,30.210496],[113.896818,30.207102],[113.896967,30.206401],[113.898325,30.204028],[113.898401,30.203896],[113.899306,30.203126],[113.900574,30.202384],[113.902412,30.201758],[113.905593,30.20144],[113.905778,30.201475],[113.907469,30.201836],[113.90927,30.201342],[113.909966,30.201814],[113.911541,30.202847],[113.912519,30.203675],[113.913536,30.203929],[113.914719,30.204605],[113.915995,30.204655],[113.917961,30.20516],[113.918804,30.204828],[113.921817,30.206773],[113.925095,30.207754],[113.926405,30.207942],[113.927189,30.208424],[113.928321,30.208543],[113.929088,30.208711],[113.932566,30.210713],[113.932265,30.210679],[113.933899,30.211785],[113.935987,30.212385],[113.938627,30.213546],[113.941788,30.214206],[113.945435,30.214412],[113.951359,30.213721],[113.954676,30.212939],[113.958235,30.211587],[113.961198,30.210223],[113.966763,30.207089],[113.967517,30.20683],[113.970592,30.206188],[113.97463,30.206222],[113.976126,30.206556],[113.979698,30.205627],[113.983603,30.203906],[113.985428,30.202789],[113.987256,30.20226],[113.992222,30.200088],[113.993325,30.199858],[113.99704,30.19848],[114.000887,30.196852],[114.005614,30.194475],[114.006886,30.193425],[114.007357,30.192562],[114.007199,30.192697],[114.008767,30.192023],[114.010944,30.190483],[114.012244,30.189907],[114.013085,30.189063],[114.014233,30.188316],[114.014236,30.187919],[114.016464,30.186287],[114.018172,30.184707],[114.017515,30.185227],[114.018989,30.184455],[114.020145,30.183358],[114.020416,30.182735],[114.018895,30.183697],[114.020394,30.183284],[114.021559,30.182171],[114.025599,30.179578],[114.028438,30.176776],[114.029573,30.174169],[114.030009,30.171994],[114.029639,30.169214],[114.027748,30.166639],[114.026417,30.165429],[114.02636,30.165087],[114.026242,30.165267],[114.026101,30.166933],[114.027101,30.165919],[114.030339,30.163133],[114.033125,30.165552],[114.033326,30.167994],[114.033955,30.172118],[114.033381,30.175074],[114.031766,30.178614],[114.02822,30.182131],[114.024069,30.184806],[114.023404,30.185286],[114.021694,30.186942],[114.019176,30.188769],[114.017098,30.190271],[114.017236,30.190533],[114.015759,30.191575],[114.014636,30.192623],[114.013216,30.193275],[114.010998,30.19484],[114.01021,30.195269],[114.007666,30.197391],[114.002765,30.199855],[113.99869,30.201581],[113.994749,30.203042],[113.993865,30.203193],[113.988908,30.205361],[113.987253,30.205817],[113.985576,30.206864],[113.981232,30.208772],[113.976626,30.209942],[113.974317,30.209625],[113.970981,30.209585],[113.968604,30.210112],[113.96326,30.213135],[113.95995,30.214662],[113.956024,30.216148],[113.952067,30.217079],[113.945683,30.217819],[113.941213,30.217584],[113.937244,30.216743],[113.934423,30.21552],[113.932222,30.214876],[113.92934,30.212974],[113.927145,30.211683],[113.925792,30.211617],[113.925047,30.211147],[113.924028,30.211041],[113.919914,30.209765],[113.917183,30.20794],[113.915251,30.208008],[113.913434,30.207833],[113.911786,30.206989],[113.910446,30.206581],[113.908991,30.205454],[113.907748,30.205241],[113.904837,30.20479],[113.903287,30.205087],[113.902346,30.205435],[113.901764,30.205798],[113.901354,30.206162],[113.900633,30.207672],[113.90036,30.210972],[113.899685,30.213421],[113.898585,30.215519],[113.897511,30.216765],[113.896849,30.218352],[113.896154,30.221603],[113.893205,30.228867],[113.892389,30.2324],[113.892466,30.233754],[113.892763,30.235006],[113.892927,30.235138],[113.896527,30.239682],[113.899429,30.242993],[113.906811,30.252766],[113.908129,30.263315],[113.890986,30.269849],[113.881939,30.262912],[113.877543,30.255549],[113.870809,30.242427],[113.869227,30.240436],[113.868638,30.239333],[113.867745,30.238674],[113.865535,30.236134],[113.865095,30.235205],[113.864396,30.234373],[113.862044,30.232039],[113.859747,30.228552],[113.857648,30.226073],[113.856785,30.223858],[113.855703,30.222381],[113.851604,30.214732],[113.851224,30.213179],[113.844933,30.202981],[113.848418,30.201376]]],[[[114.043612,30.163821],[114.044978,30.164703],[114.046661,30.165862],[114.049161,30.161408],[114.046886,30.159915],[114.049248,30.15718],[114.051914,30.158962],[114.045491,30.169122],[114.042385,30.167277],[114.041238,30.166548],[114.043612,30.163821]]],[[[113.888045,30.265274],[113.890013,30.268269],[113.893599,30.273027],[113.897793,30.277824],[113.901371,30.28134],[113.905423,30.284469],[113.910604,30.289387],[113.918863,30.296594],[113.921917,30.298933],[113.927785,30.302775],[113.933361,30.305661],[113.933737,30.306462],[113.934878,30.306399],[113.938029,30.307937],[113.941387,30.308783],[113.949361,30.309916],[113.958861,30.310232],[113.964224,30.309441],[113.967672,30.308354],[113.969526,30.30743],[113.97302,30.305102],[113.975771,30.302778],[113.977597,30.301939],[113.978807,30.300734],[113.979506,30.300232],[113.98055,30.299605],[113.982077,30.298996],[113.985723,30.296189],[113.988199,30.294856],[113.991324,30.292642],[113.993921,30.290385],[113.995537,30.288595],[113.996279,30.290652],[114.000923,30.287664],[113.998859,30.286448],[114.001757,30.285014],[114.00681,30.28077],[114.011178,30.276751],[114.013884,30.27364],[114.015398,30.272636],[114.01919,30.268144],[114.021488,30.264255],[114.02201,30.263957],[114.024403,30.259004],[114.027386,30.253424],[114.02956,30.248558],[114.030544,30.245016],[114.03199,30.242191],[114.034585,30.238238],[114.036779,30.235535],[114.038128,30.234105],[114.04135,30.231844],[114.042677,30.231235],[114.044299,30.230714],[114.04627,30.230344],[114.047407,30.230359],[114.050193,30.231022],[114.051172,30.231393],[114.052962,30.232413],[114.054256,30.233371],[114.057544,30.236336],[114.05876,30.237719],[114.061446,30.24154],[114.069448,30.25482],[114.072514,30.261742],[114.074305,30.266445],[114.076571,30.273853],[114.07874,30.282149],[114.079607,30.289335],[114.080413,30.301774],[114.081393,30.30869],[114.082167,30.311672],[114.082112,30.312141],[114.082411,30.312645],[114.082557,30.314391],[114.08472,30.321622],[114.085709,30.323395],[114.085705,30.324375],[114.089007,30.330322],[114.092565,30.334911],[114.094115,30.339125],[114.09553,30.34189],[114.095827,30.342102],[114.098007,30.345645],[114.099343,30.347292],[114.102334,30.350489],[114.105229,30.352974],[114.107766,30.354851],[114.108298,30.355032],[114.109503,30.355835],[114.111095,30.355955],[114.110326,30.355809],[114.113824,30.357468],[114.114261,30.357783],[114.114804,30.358388],[114.118228,30.360271],[114.118378,30.360658],[114.119745,30.361187],[114.12174,30.362609],[114.122412,30.36281],[114.122327,30.363076],[114.123781,30.364435],[114.124731,30.366464],[114.126372,30.367717],[114.127046,30.368375],[114.127063,30.368673],[114.128698,30.371026],[114.130362,30.372608],[114.130361,30.372852],[114.132015,30.374822],[114.134837,30.377727],[114.135894,30.378465],[114.135931,30.37876],[114.143198,30.387468],[114.147641,30.393312],[114.149027,30.394093],[114.148873,30.394025],[114.148655,30.393236],[114.148645,30.394508],[114.152914,30.397591],[114.167515,30.392866],[114.168912,30.39606],[114.15378,30.400922],[114.144959,30.395751],[114.144459,30.395341],[114.139947,30.389414],[114.132693,30.380721],[114.131927,30.380039],[114.128916,30.376944],[114.127033,30.374698],[114.125503,30.373039],[114.123572,30.37028],[114.123643,30.370189],[114.121428,30.368344],[114.120411,30.366223],[114.119435,30.365383],[114.117537,30.364019],[114.116111,30.363456],[114.115882,30.363019],[114.112506,30.361166],[114.111432,30.360169],[114.108526,30.358849],[114.107733,30.358888],[114.106107,30.357874],[114.105341,30.357549],[114.102534,30.355473],[114.099383,30.352762],[114.096216,30.349383],[114.094586,30.347357],[114.092391,30.343793],[114.091993,30.343418],[114.090402,30.3403],[114.089027,30.336436],[114.085562,30.331999],[114.082045,30.325669],[114.081926,30.32439],[114.080936,30.322612],[114.078697,30.315129],[114.078514,30.31322],[114.078247,30.312862],[114.078275,30.312276],[114.077485,30.309208],[114.076471,30.302044],[114.075665,30.289587],[114.074842,30.282718],[114.072731,30.274661],[114.070509,30.267394],[114.068798,30.262903],[114.065876,30.25628],[114.05797,30.243162],[114.05545,30.239583],[114.05459,30.238603],[114.051484,30.235803],[114.050604,30.235151],[114.049222,30.234362],[114.048968,30.234267],[114.046713,30.233719],[114.046699,30.233737],[114.045379,30.233997],[114.044306,30.234344],[114.043662,30.234612],[114.040835,30.236592],[114.039942,30.237581],[114.037941,30.24004],[114.035507,30.243747],[114.034291,30.246098],[114.03332,30.249608],[114.03102,30.254766],[114.028019,30.260381],[114.025576,30.26543],[114.024901,30.265976],[114.022543,30.269952],[114.018426,30.27483],[114.016842,30.275903],[114.014181,30.278971],[114.009626,30.283165],[114.004422,30.287535],[114.002726,30.287159],[113.993417,30.293007],[113.993982,30.295169],[113.990531,30.297613],[113.98816,30.298877],[113.984494,30.301698],[113.982468,30.30259],[113.981888,30.302956],[113.981649,30.303108],[113.980005,30.304647],[113.978243,30.305442],[113.975606,30.307684],[113.971826,30.310206],[113.969248,30.311484],[113.965181,30.312753],[113.958998,30.313643],[113.948981,30.313314],[113.940619,30.312131],[113.936455,30.311068],[113.933438,30.309578],[113.931766,30.309421],[113.93105,30.308431],[113.925561,30.305597],[113.919444,30.301596],[113.916098,30.299033],[113.907749,30.291748],[113.902615,30.286872],[113.898568,30.283747],[113.894716,30.279967],[113.890365,30.27499],[113.886651,30.270065],[113.884607,30.266957],[113.888045,30.265274]]],[[[114.150041,30.396573],[114.155259,30.403593],[114.160899,30.41214],[114.162513,30.41429],[114.164255,30.416168],[114.165563,30.418955],[114.167388,30.42177],[114.167543,30.422612],[114.168513,30.424585],[114.169598,30.425715],[114.169687,30.426224],[114.170838,30.428003],[114.175181,30.436457],[114.178336,30.441684],[114.181248,30.445702],[114.184002,30.449041],[114.190376,30.455863],[114.192438,30.457641],[114.193396,30.458193],[114.19507,30.458872],[114.19652,30.460175],[114.2,30.462034],[114.200451,30.462377],[114.206716,30.467813],[114.209164,30.470182],[114.209648,30.471043],[114.210708,30.471561],[114.210753,30.471644],[114.213534,30.475573],[114.214734,30.476548],[114.215468,30.477699],[114.220226,30.483298],[114.225167,30.488882],[114.226173,30.489703],[114.228048,30.492211],[114.230501,30.494809],[114.233506,30.49897],[114.233903,30.49914],[114.235865,30.501871],[114.237288,30.503291],[114.238754,30.505295],[114.239459,30.505758],[114.239248,30.505742],[114.246586,30.514588],[114.247887,30.51582],[114.249538,30.517881],[114.25028,30.518483],[114.25209,30.520537],[114.253778,30.522005],[114.255144,30.523565],[114.255394,30.523269],[114.256974,30.525025],[114.264419,30.535292],[114.265459,30.537268],[114.266285,30.538114],[114.266893,30.539325],[114.26781,30.539965],[114.266981,30.538708],[114.266992,30.539522],[114.268528,30.541867],[114.271029,30.546525],[114.271364,30.546792],[114.275015,30.550922],[114.287914,30.54791],[114.288976,30.551199],[114.275096,30.554335],[114.267706,30.548107],[114.267476,30.548039],[114.264978,30.543385],[114.263466,30.541039],[114.262887,30.539872],[114.262016,30.538957],[114.261016,30.537042],[114.253654,30.526889],[114.252629,30.525714],[114.250773,30.52423],[114.249079,30.522756],[114.247229,30.520661],[114.246404,30.51997],[114.244751,30.517907],[114.243398,30.516616],[114.236,30.507696],[114.235588,30.507347],[114.234083,30.505298],[114.232624,30.503833],[114.230659,30.5011],[114.230226,30.500883],[114.22725,30.496759],[114.224849,30.494224],[114.222998,30.491744],[114.222075,30.491014],[114.217053,30.485342],[114.212226,30.479659],[114.211617,30.478655],[114.210288,30.477529],[114.207427,30.473497],[114.206773,30.473391],[114.206046,30.472287],[114.20386,30.470178],[114.197668,30.464805],[114.194154,30.462912],[114.19275,30.461638],[114.191592,30.461232],[114.189736,30.460136],[114.187349,30.458063],[114.180873,30.451132],[114.177949,30.44759],[114.17489,30.443366],[114.1716,30.437914],[114.167245,30.429437],[114.166109,30.427686],[114.166216,30.42749],[114.165105,30.426322],[114.163784,30.423681],[114.163795,30.423202],[114.161999,30.42044],[114.16081,30.417849],[114.159297,30.41628],[114.15748,30.41386],[114.151868,30.405353],[114.14671,30.398415],[114.150041,30.396573]]],[[[114.273101,30.549059],[114.274796,30.553434],[114.277563,30.558464],[114.280399,30.562889],[114.281048,30.563741],[114.282613,30.565821],[114.282969,30.565596],[114.281729,30.566866],[114.283921,30.569854],[114.284913,30.570261],[114.285462,30.570669],[114.286721,30.572101],[114.288727,30.575201],[114.289374,30.576541],[114.291267,30.578952],[114.293828,30.583465],[114.294912,30.584849],[114.29578,30.586579],[114.29841,30.590829],[114.299667,30.592232],[114.303771,30.598805],[114.30559,30.601116],[114.308298,30.605435],[114.310718,30.608386],[114.311016,30.608494],[114.31189,30.610088],[114.312583,30.610784],[114.31352,30.612168],[114.314085,30.613724],[114.315649,30.615655],[114.315634,30.615117],[114.315447,30.615606],[114.318401,30.620333],[114.326112,30.628749],[114.343471,30.621432],[114.345273,30.624473],[114.326064,30.632163],[114.315001,30.622092],[114.311835,30.617017],[114.311938,30.616355],[114.310537,30.61525],[114.309904,30.613569],[114.309272,30.612663],[114.30847,30.611818],[114.307618,30.610255],[114.304904,30.607202],[114.302171,30.602845],[114.300331,30.600504],[114.296235,30.593941],[114.295,30.59257],[114.292237,30.588112],[114.291422,30.586469],[114.290328,30.585069],[114.287799,30.580606],[114.28595,30.578262],[114.285203,30.576766],[114.283361,30.573914],[114.282494,30.572932],[114.281109,30.572261],[114.27779,30.567252],[114.27772,30.565595],[114.276952,30.564575],[114.274033,30.560018],[114.271126,30.554724],[114.269339,30.550136],[114.273101,30.549059]]],[[[114.323906,30.627735],[114.334044,30.640449],[114.336981,30.643661],[114.341255,30.647693],[114.34146,30.647874],[114.34176,30.649445],[114.343667,30.650774],[114.349809,30.656836],[114.351444,30.658795],[114.352823,30.659921],[114.354712,30.662594],[114.356165,30.66368],[114.358244,30.666004],[114.359089,30.667403],[114.362989,30.672099],[114.366186,30.675353],[114.36927,30.678019],[114.368678,30.676753],[114.372599,30.67466],[114.370446,30.6735],[114.367888,30.67786],[114.370382,30.679608],[114.37322,30.681153],[114.378911,30.683885],[114.380762,30.6846],[114.383689,30.686249],[114.387124,30.687743],[114.393302,30.690062],[114.396403,30.691558],[114.399024,30.692241],[114.399461,30.692089],[114.399982,30.692249],[114.41206,30.695862],[114.420271,30.697946],[114.429765,30.699911],[114.438763,30.701242],[114.448326,30.702249],[114.456588,30.702467],[114.465621,30.701643],[114.474461,30.700521],[114.483643,30.699112],[114.493063,30.697335],[114.49963,30.695646],[114.500357,30.695583],[114.506076,30.693999],[114.5089,30.693481],[114.510571,30.692714],[114.511819,30.692495],[114.5174,30.690723],[114.51916,30.690264],[114.520551,30.690124],[114.521074,30.689574],[114.528099,30.687203],[114.532883,30.684857],[114.535143,30.683428],[114.536555,30.68214],[114.53686,30.68151],[114.538186,30.680403],[114.539457,30.679717],[114.542071,30.677279],[114.543366,30.675724],[114.544724,30.674447],[114.547511,30.67016],[114.549085,30.66636],[114.548808,30.664719],[114.548847,30.665706],[114.549366,30.664708],[114.549281,30.662745],[114.549257,30.663557],[114.549496,30.663303],[114.549332,30.662865],[114.548999,30.663611],[114.549778,30.662948],[114.552267,30.658554],[114.555836,30.660047],[114.553224,30.663647],[114.553142,30.665757],[114.552692,30.666554],[114.552884,30.667347],[114.551111,30.671597],[114.548063,30.676292],[114.546447,30.677876],[114.545116,30.679469],[114.542158,30.682218],[114.54071,30.683037],[114.539908,30.683697],[114.539761,30.684152],[114.537701,30.686038],[114.534979,30.687755],[114.529766,30.690301],[114.522703,30.692687],[114.522208,30.693226],[114.519963,30.693607],[114.518711,30.693946],[114.513095,30.695727],[114.512025,30.695891],[114.510151,30.696721],[114.507167,30.697282],[114.501488,30.698855],[114.500698,30.698933],[114.494034,30.700645],[114.484418,30.70246],[114.4751,30.70389],[114.466121,30.705029],[114.456752,30.705877],[114.448007,30.705651],[114.438187,30.70462],[114.428959,30.703253],[114.41925,30.701245],[114.410827,30.699107],[114.3987,30.69548],[114.398336,30.695603],[114.394745,30.694659],[114.39159,30.693142],[114.385465,30.690844],[114.381707,30.689206],[114.378784,30.687559],[114.377049,30.6869],[114.371224,30.684104],[114.368072,30.682384],[114.365178,30.680354],[114.363257,30.677657],[114.359841,30.674177],[114.35579,30.6693],[114.354965,30.667926],[114.353195,30.665944],[114.351557,30.664664],[114.349635,30.661954],[114.348403,30.660988],[114.346763,30.659023],[114.340778,30.653113],[114.338498,30.651388],[114.337657,30.648848],[114.33397,30.645885],[114.330802,30.642417],[114.320635,30.629667],[114.323906,30.627735]]],[[[114.76633,30.624907],[114.770813,30.626624],[114.773171,30.627205],[114.773523,30.627484],[114.777452,30.628479],[114.776336,30.631754],[114.772225,30.63071],[114.771798,30.630408],[114.769372,30.629804],[114.764716,30.628026],[114.76633,30.624907]]]]}},{"type":"Feature","properties":{"id":"B2-R","band":"B2","name":"沿江滩地","bank":"右岸（南岸）","elev_wusong_m":25.5,"area_km2":70.74,"segmentCount":8},"geometry":{"type":"MultiPolygon","coordinates":[[[[113.848457,30.199119],[113.862204,30.178338],[113.86434,30.176948],[113.864106,30.177197],[113.865473,30.17626],[113.867492,30.17531],[113.869194,30.174767],[113.871395,30.174545],[113.877367,30.174592],[113.880384,30.174825],[113.886807,30.176338],[113.893436,30.178331],[113.896786,30.179718],[113.90447,30.183422],[113.908075,30.185604],[113.918208,30.189861],[113.921774,30.191665],[113.928433,30.195562],[113.933756,30.198357],[113.936047,30.19925],[113.938459,30.200738],[113.938075,30.200593],[113.939679,30.200641],[113.946816,30.199637],[113.951105,30.198289],[113.954438,30.196652],[113.955638,30.196343],[113.956441,30.195994],[113.959141,30.19423],[113.959988,30.19301],[113.961501,30.192506],[113.961892,30.192055],[113.966604,30.189038],[113.968211,30.187768],[113.970746,30.186524],[113.971452,30.185896],[113.972935,30.185362],[113.973091,30.185262],[113.975898,30.182646],[113.978492,30.181207],[113.979996,30.180908],[113.980474,30.179838],[113.983442,30.177509],[113.982997,30.178375],[113.982801,30.177961],[113.984114,30.175554],[113.985627,30.175142],[113.986809,30.17261],[113.988341,30.170958],[113.989597,30.16912],[113.992105,30.167101],[113.993,30.166033],[113.994783,30.164893],[113.996188,30.163647],[113.997861,30.163019],[114.002195,30.160074],[114.003511,30.159413],[114.004017,30.158704],[114.006073,30.158283],[114.005749,30.154881],[114.001881,30.155833],[114.000895,30.156857],[113.999847,30.157329],[113.995622,30.160207],[113.993928,30.160848],[113.99219,30.162319],[113.990275,30.163563],[113.989248,30.164745],[113.986583,30.166915],[113.985091,30.16902],[113.983374,30.170927],[113.982554,30.172999],[113.981713,30.172844],[113.978857,30.177778],[113.977523,30.17757],[113.976787,30.178128],[113.973265,30.180101],[113.970293,30.182854],[113.969378,30.182991],[113.968551,30.183687],[113.965944,30.184973],[113.964164,30.186354],[113.959466,30.189362],[113.959561,30.189532],[113.957386,30.190443],[113.956405,30.191768],[113.954201,30.193183],[113.95414,30.193184],[113.952678,30.193597],[113.949493,30.195172],[113.945892,30.196318],[113.939201,30.197253],[113.938422,30.197192],[113.938044,30.196305],[113.935689,30.19538],[113.930576,30.192694],[113.923919,30.188798],[113.920004,30.186821],[113.909958,30.182603],[113.90651,30.180499],[113.898649,30.176709],[113.894872,30.175151],[113.88798,30.173078],[113.881224,30.17149],[113.877491,30.17118],[113.871322,30.171132],[113.868335,30.171436],[113.865792,30.172229],[113.863314,30.173402],[113.861945,30.17434],[113.85881,30.176593],[113.845028,30.197424],[113.848457,30.199119]]],[[[113.889297,30.261989],[113.903218,30.256689],[113.90781,30.260041],[113.911201,30.26379],[113.918138,30.270992],[113.918913,30.271507],[113.919079,30.272053],[113.920165,30.272377],[113.921783,30.274138],[113.922372,30.274428],[113.925541,30.277385],[113.926419,30.278428],[113.927237,30.279029],[113.92766,30.279783],[113.928219,30.280405],[113.937625,30.287354],[113.939825,30.288542],[113.942614,30.289692],[113.945227,30.290588],[113.947585,30.291204],[113.951836,30.291673],[113.956584,30.291938],[113.957429,30.29194],[113.963126,30.2911],[113.969503,30.290532],[113.971123,30.29029],[113.974212,30.289032],[113.975728,30.288222],[113.979673,30.28515],[113.986955,30.278487],[113.99446,30.270904],[114.000382,30.264463],[114.003526,30.260523],[114.006486,30.255963],[114.011722,30.246384],[114.017857,30.234409],[114.022275,30.227725],[114.029882,30.217775],[114.032462,30.215886],[114.033608,30.214039],[114.035416,30.212857],[114.03996,30.211558],[114.042524,30.211443],[114.044034,30.211672],[114.043854,30.211661],[114.045093,30.21169],[114.046032,30.211566],[114.046796,30.211928],[114.048736,30.212487],[114.049451,30.213168],[114.050077,30.212898],[114.052534,30.213741],[114.053995,30.214643],[114.055285,30.216012],[114.05589,30.216155],[114.057206,30.217108],[114.058189,30.21746],[114.059809,30.218607],[114.062013,30.221103],[114.062668,30.222608],[114.062511,30.222897],[114.062855,30.223016],[114.063901,30.225036],[114.064581,30.226046],[114.067968,30.229121],[114.074655,30.236283],[114.077936,30.240069],[114.081292,30.244949],[114.081176,30.244858],[114.082914,30.245912],[114.084015,30.247692],[114.087541,30.251729],[114.088922,30.254221],[114.089275,30.255378],[114.090844,30.258758],[114.093427,30.266542],[114.095049,30.276863],[114.097119,30.282811],[114.097232,30.284308],[114.097619,30.286084],[114.09753,30.288373],[114.098052,30.28944],[114.098096,30.291692],[114.097768,30.293954],[114.098101,30.294995],[114.097858,30.297784],[114.098094,30.299794],[114.09945,30.303265],[114.099975,30.30575],[114.100518,30.306179],[114.100692,30.307036],[114.105266,30.312656],[114.110816,30.318511],[114.113587,30.321087],[114.121977,30.328182],[114.124146,30.330885],[114.125301,30.332581],[114.126603,30.335119],[114.127293,30.336284],[114.126975,30.337871],[114.127006,30.340015],[114.127175,30.340705],[114.127096,30.345122],[114.126232,30.346813],[114.126211,30.346414],[114.126132,30.346128],[114.127946,30.347654],[114.128378,30.349365],[114.130483,30.351784],[114.133018,30.354088],[114.134506,30.355113],[114.137032,30.357716],[114.137809,30.35917],[114.137312,30.358519],[114.139485,30.361082],[114.140395,30.36256],[114.141022,30.364168],[114.140874,30.364786],[114.140552,30.364202],[114.142078,30.365058],[114.142935,30.366208],[114.143379,30.36636],[114.146433,30.369445],[114.146524,30.369791],[114.152508,30.375261],[114.153942,30.376323],[114.155294,30.377729],[114.155841,30.377987],[114.156236,30.378453],[114.159756,30.381085],[114.162709,30.383891],[114.165981,30.386338],[114.168673,30.38922],[114.171762,30.387087],[114.168825,30.383963],[114.165475,30.381451],[114.162518,30.37864],[114.158911,30.375937],[114.158483,30.375446],[114.158108,30.375329],[114.156777,30.373942],[114.155335,30.372872],[114.149464,30.367506],[114.149538,30.367329],[114.146269,30.364029],[114.145941,30.363989],[114.144927,30.363617],[114.144009,30.361172],[114.142775,30.359186],[114.140675,30.356721],[114.140094,30.355554],[114.137365,30.352753],[114.135762,30.35163],[114.133515,30.349591],[114.131854,30.347736],[114.131381,30.345962],[114.131017,30.345571],[114.131129,30.340636],[114.130956,30.339826],[114.130922,30.338092],[114.131247,30.336179],[114.130083,30.333498],[114.128842,30.331061],[114.127467,30.329033],[114.124866,30.325851],[114.11639,30.318679],[114.113825,30.316296],[114.108413,30.310589],[114.104035,30.305213],[114.104086,30.304707],[114.103737,30.3047],[114.103264,30.302367],[114.101939,30.298997],[114.101811,30.297747],[114.102054,30.294927],[114.101721,30.293954],[114.10204,30.29192],[114.101953,30.288884],[114.101458,30.287994],[114.101564,30.28587],[114.101153,30.283874],[114.100949,30.281967],[114.098928,30.276206],[114.097303,30.265873],[114.094605,30.25771],[114.092986,30.254204],[114.092596,30.252963],[114.090842,30.249853],[114.087276,30.245764],[114.085929,30.243706],[114.083596,30.242159],[114.081232,30.238187],[114.077759,30.234171],[114.070977,30.226909],[114.067604,30.223848],[114.067414,30.223476],[114.066326,30.221386],[114.065245,30.219141],[114.062786,30.216363],[114.060249,30.214547],[114.059374,30.214254],[114.058105,30.213328],[114.05794,30.213484],[114.056831,30.212267],[114.054306,30.21069],[114.05082,30.209545],[114.050594,30.209475],[114.048315,30.208776],[114.046705,30.208202],[114.044767,30.208288],[114.043977,30.208249],[114.042747,30.208035],[114.039021,30.208242],[114.034046,30.209655],[114.030332,30.212132],[114.029464,30.213663],[114.026712,30.215738],[114.018925,30.225916],[114.014306,30.232912],[114.008126,30.244969],[114.002953,30.254434],[114.000168,30.258724],[113.997225,30.262409],[113.991413,30.268729],[113.984012,30.276208],[113.976873,30.28274],[113.973232,30.285574],[113.972369,30.286012],[113.969784,30.287079],[113.969011,30.287145],[113.962597,30.287717],[113.956877,30.28856],[113.956771,30.288528],[113.952212,30.288275],[113.948332,30.287852],[113.946527,30.287364],[113.944203,30.286566],[113.94173,30.285551],[113.940109,30.284699],[113.930848,30.277856],[113.930333,30.276906],[113.929365,30.276152],[113.92852,30.275142],[113.925165,30.272013],[113.924687,30.271823],[113.922787,30.269823],[113.921642,30.269455],[113.921131,30.268761],[113.914265,30.261634],[113.910996,30.258021],[113.902423,30.253345],[113.887688,30.258871],[113.889297,30.261989]]],[[[114.151366,30.393127],[114.166051,30.388386],[114.170878,30.391117],[114.177558,30.398599],[114.178199,30.399822],[114.178382,30.399784],[114.17884,30.400584],[114.18056,30.402393],[114.181761,30.404382],[114.18444,30.408052],[114.18986,30.417875],[114.192139,30.422518],[114.192554,30.424273],[114.19273,30.427554],[114.192435,30.429262],[114.192329,30.42871],[114.195152,30.433991],[114.196394,30.435535],[114.19902,30.439633],[114.199748,30.440275],[114.203063,30.442475],[114.203181,30.44271],[114.2056,30.444001],[114.206226,30.444168],[114.213257,30.448135],[114.220194,30.45249],[114.223032,30.453829],[114.229125,30.458617],[114.235919,30.464403],[114.237588,30.466771],[114.241486,30.470013],[114.242984,30.471915],[114.243281,30.472762],[114.243993,30.473435],[114.244655,30.473832],[114.245918,30.475348],[114.246997,30.47704],[114.24719,30.477876],[114.247354,30.478209],[114.248055,30.478728],[114.250456,30.481902],[114.251706,30.484359],[114.251932,30.485315],[114.253658,30.487368],[114.25687,30.492722],[114.258549,30.494548],[114.260182,30.495771],[114.262195,30.498149],[114.261805,30.497921],[114.262535,30.498396],[114.262515,30.498567],[114.265635,30.50133],[114.266788,30.502688],[114.266973,30.503581],[114.266171,30.502522],[114.267114,30.502974],[114.268661,30.504338],[114.268271,30.504297],[114.27006,30.505656],[114.273844,30.50919],[114.27733,30.512928],[114.277682,30.513563],[114.281644,30.518039],[114.283785,30.521062],[114.285614,30.524858],[114.28643,30.526926],[114.286984,30.529274],[114.286747,30.529504],[114.28589,30.528082],[114.287044,30.52915],[114.286013,30.529536],[114.286005,30.528612],[114.289254,30.532658],[114.286547,30.534037],[114.285182,30.530388],[114.285176,30.530087],[114.288161,30.533856],[114.286802,30.535209],[114.286864,30.53551],[114.285891,30.536719],[114.285943,30.535479],[114.2864,30.535801],[114.286926,30.537526],[114.286816,30.538161],[114.286911,30.539213],[114.287243,30.540015],[114.286915,30.540291],[114.287677,30.540611],[114.288109,30.541981],[114.289121,30.544687],[114.286971,30.543331],[114.286653,30.539929],[114.29081,30.5386],[114.290779,30.538135],[114.29087,30.537195],[114.29168,30.535358],[114.290253,30.526029],[114.289307,30.52362],[114.287331,30.519538],[114.284882,30.516072],[114.280887,30.511555],[114.280492,30.510871],[114.276846,30.506963],[114.272887,30.503265],[114.271227,30.502023],[114.270328,30.501155],[114.268546,30.499014],[114.265444,30.496269],[114.265411,30.496048],[114.264656,30.49555],[114.263156,30.493516],[114.261473,30.492244],[114.260274,30.490977],[114.257093,30.485668],[114.255403,30.48367],[114.255419,30.48317],[114.253911,30.480232],[114.251256,30.476716],[114.250554,30.476197],[114.250645,30.475711],[114.249271,30.473531],[114.247622,30.47157],[114.246758,30.470991],[114.246646,30.470962],[114.246479,30.470309],[114.244396,30.467696],[114.240597,30.464551],[114.238872,30.462129],[114.231856,30.456145],[114.225497,30.451157],[114.222409,30.449661],[114.215509,30.445327],[114.208328,30.441275],[114.207531,30.441021],[114.205442,30.439908],[114.202319,30.437679],[114.199804,30.4338],[114.198674,30.432432],[114.196688,30.427632],[114.196498,30.423978],[114.195843,30.421315],[114.193458,30.416451],[114.187955,30.406483],[114.185168,30.402645],[114.183858,30.400506],[114.182051,30.398588],[114.181603,30.397801],[114.180761,30.396594],[114.173942,30.388956],[114.165307,30.385034],[114.149969,30.389933],[114.151366,30.393127]]],[[[114.274971,30.546066],[114.287093,30.543325],[114.290379,30.547699],[114.290206,30.548353],[114.292064,30.551846],[114.293338,30.553243],[114.296275,30.557579],[114.297451,30.559044],[114.300623,30.562029],[114.303418,30.565104],[114.306555,30.569734],[114.306965,30.570601],[114.307278,30.570779],[114.311036,30.577719],[114.31211,30.578795],[114.31638,30.584722],[114.317463,30.585784],[114.318668,30.587524],[114.320741,30.590839],[114.321153,30.59224],[114.3215,30.59278],[114.321336,30.59308],[114.321332,30.592938],[114.321697,30.593527],[114.333731,30.607706],[114.344257,30.617791],[114.347209,30.61551],[114.336828,30.605573],[114.324966,30.591573],[114.324874,30.591061],[114.324353,30.58943],[114.322133,30.585863],[114.320699,30.583811],[114.31969,30.582842],[114.315427,30.576924],[114.314553,30.576143],[114.310837,30.569274],[114.31036,30.568838],[114.310022,30.568078],[114.306725,30.563221],[114.303642,30.559816],[114.300495,30.556857],[114.299651,30.55579],[114.29669,30.55142],[114.295544,30.550212],[114.293954,30.547242],[114.286955,30.539914],[114.273943,30.54277],[114.274971,30.546066]]],[[[114.324911,30.624333],[114.341149,30.617211],[114.344738,30.618719],[114.346948,30.620641],[114.349785,30.622734],[114.350074,30.623168],[114.353229,30.625391],[114.356706,30.628293],[114.366654,30.635037],[114.369877,30.63735],[114.370433,30.637962],[114.372071,30.638978],[114.378194,30.641894],[114.379545,30.642328],[114.380829,30.642981],[114.381156,30.642999],[114.381294,30.643211],[114.382257,30.643509],[114.382371,30.64372],[114.382817,30.643661],[114.383111,30.644022],[114.385948,30.64533],[114.391781,30.648728],[114.395565,30.650267],[114.397114,30.65071],[114.39823,30.65083],[114.399851,30.651478],[114.406156,30.65321],[114.407541,30.653808],[114.408839,30.6538],[114.412648,30.655088],[114.414282,30.655886],[114.416023,30.656288],[114.416052,30.656523],[114.419351,30.65721],[114.419954,30.657662],[114.420325,30.657503],[114.422556,30.658086],[114.423487,30.658524],[114.424743,30.65862],[114.42849,30.659787],[114.429194,30.659767],[114.430195,30.660263],[114.43312,30.661057],[114.438411,30.66301],[114.441612,30.664402],[114.443411,30.665422],[114.441691,30.665823],[114.442243,30.667277],[114.441661,30.663901],[114.441361,30.665011],[114.441539,30.661835],[114.441345,30.661813],[114.441457,30.659789],[114.442223,30.658056],[114.442219,30.65863],[114.442144,30.65781],[114.442604,30.657145],[114.443885,30.654398],[114.448098,30.657512],[114.447532,30.658847],[114.447535,30.657923],[114.44694,30.657237],[114.446913,30.65704],[114.448553,30.659345],[114.448309,30.667747],[114.448562,30.667084],[114.45049,30.668165],[114.457206,30.670613],[114.458017,30.670656],[114.459499,30.67129],[114.463831,30.67244],[114.46437,30.672637],[114.464057,30.672616],[114.464463,30.672551],[114.467096,30.673014],[114.46739,30.673209],[114.467662,30.673139],[114.469303,30.673781],[114.469147,30.673848],[114.469086,30.673914],[114.467592,30.674016],[114.470147,30.673551],[114.470584,30.673853],[114.471132,30.67377],[114.474162,30.674639],[114.475442,30.674863],[114.476317,30.674762],[114.47864,30.675119],[114.479242,30.675023],[114.483078,30.67536],[114.483203,30.675234],[114.485045,30.675313],[114.492002,30.674998],[114.496279,30.674634],[114.496833,30.674602],[114.49739,30.674384],[114.500135,30.674252],[114.504354,30.673721],[114.508228,30.673042],[114.510789,30.672371],[114.516077,30.670433],[114.518673,30.669121],[114.522247,30.666749],[114.524786,30.664432],[114.524815,30.664217],[114.527979,30.661172],[114.531073,30.659031],[114.535071,30.653753],[114.535549,30.653643],[114.535348,30.653492],[114.539711,30.650772],[114.551007,30.655429],[114.552734,30.652356],[114.540791,30.647488],[114.531843,30.651766],[114.52801,30.656861],[114.525225,30.658715],[114.521773,30.662026],[114.521809,30.662175],[114.519606,30.664201],[114.516416,30.666313],[114.514352,30.667359],[114.509364,30.669185],[114.507279,30.669727],[114.503673,30.670358],[114.499695,30.67086],[114.496935,30.670993],[114.495847,30.671295],[114.491724,30.671593],[114.48492,30.671901],[114.483112,30.671821],[114.479493,30.671617],[114.479047,30.671723],[114.476684,30.671363],[114.475793,30.671463],[114.475245,30.671355],[114.472114,30.670462],[114.471583,30.670549],[114.470993,30.670216],[114.468491,30.669801],[114.468368,30.669901],[114.468123,30.669717],[114.465038,30.669173],[114.465026,30.669184],[114.460832,30.668075],[114.459308,30.667428],[114.458635,30.667429],[114.452205,30.665086],[114.450875,30.66431],[114.452521,30.659395],[114.44937,30.654539],[114.442189,30.651312],[114.438663,30.65674],[114.438271,30.657068],[114.434555,30.657875],[114.431614,30.657075],[114.430413,30.656519],[114.429628,30.656517],[114.42586,30.655345],[114.424589,30.655245],[114.423994,30.654904],[114.421025,30.654143],[114.420626,30.653978],[114.417277,30.653276],[114.415799,30.652732],[114.41428,30.651976],[114.409929,30.650517],[114.408535,30.650503],[114.40747,30.649989],[114.401158,30.648255],[114.399469,30.647587],[114.398097,30.647403],[114.397133,30.647132],[114.393808,30.645793],[114.388065,30.642443],[114.385223,30.641133],[114.38446,30.640554],[114.383676,30.640497],[114.383179,30.640208],[114.3832,30.640074],[114.382534,30.639898],[114.381262,30.63925],[114.380028,30.638867],[114.374097,30.636043],[114.372988,30.63535],[114.372532,30.634814],[114.36913,30.63237],[114.359249,30.625673],[114.355879,30.622851],[114.352723,30.620627],[114.352501,30.620246],[114.349651,30.618143],[114.347804,30.616553],[114.339559,30.614084],[114.323109,30.621292],[114.324911,30.624333]]],[[[114.540154,30.650917],[114.550875,30.655378],[114.54794,30.655881],[114.547922,30.655946],[114.54806,30.655213],[114.548437,30.654917],[114.548852,30.653725],[114.549444,30.653297],[114.549467,30.652671],[114.551168,30.650531],[114.55172,30.649377],[114.552167,30.649012],[114.55265,30.648436],[114.55262,30.648061],[114.55316,30.647485],[114.553975,30.645857],[114.554659,30.645444],[114.556642,30.641283],[114.557087,30.63979],[114.557335,30.638463],[114.558348,30.637258],[114.558975,30.635949],[114.55965,30.635123],[114.559725,30.634563],[114.560668,30.633431],[114.560845,30.632473],[114.563114,30.628257],[114.563655,30.627077],[114.563818,30.626324],[114.564496,30.625489],[114.564993,30.624598],[114.5654,30.622742],[114.566713,30.621818],[114.566347,30.622613],[114.566109,30.621402],[114.56706,30.620355],[114.567334,30.619079],[114.568268,30.617103],[114.569709,30.614684],[114.569856,30.614051],[114.570949,30.612058],[114.571555,30.611426],[114.571536,30.610973],[114.573276,30.60752],[114.573953,30.606982],[114.573695,30.606999],[114.574048,30.606627],[114.574646,30.604866],[114.575137,30.604603],[114.575092,30.603946],[114.576536,30.600765],[114.578182,30.598617],[114.57824,30.598137],[114.580831,30.594031],[114.581078,30.593301],[114.581875,30.592234],[114.582344,30.591029],[114.583245,30.589852],[114.583761,30.588824],[114.588105,30.58357],[114.591017,30.580479],[114.593183,30.578617],[114.597133,30.576021],[114.602134,30.573574],[114.605036,30.572432],[114.609437,30.571125],[114.612713,30.5703],[114.613982,30.570307],[114.617103,30.569179],[114.621027,30.568559],[114.624313,30.567361],[114.631518,30.564302],[114.634828,30.564489],[114.638308,30.566869],[114.638488,30.567173],[114.638627,30.567105],[114.639755,30.568029],[114.640109,30.568633],[114.640862,30.568634],[114.641152,30.569134],[114.645733,30.570814],[114.65387,30.575635],[114.655122,30.576167],[114.655937,30.576414],[114.658632,30.57682],[114.663166,30.578553],[114.66451,30.579238],[114.667622,30.580297],[114.668334,30.580387],[114.668353,30.580577],[114.67139,30.581117],[114.671858,30.580984],[114.67213,30.581258],[114.673547,30.581403],[114.675854,30.582191],[114.680464,30.583292],[114.681139,30.584188],[114.681422,30.584233],[114.681597,30.583771],[114.684052,30.584011],[114.693677,30.586563],[114.700584,30.587976],[114.702144,30.588521],[114.702411,30.588803],[114.702991,30.588835],[114.704147,30.589404],[114.712601,30.592571],[114.721994,30.59716],[114.736755,30.605398],[114.738852,30.606827],[114.740504,30.607662],[114.740943,30.608082],[114.746199,30.611207],[114.749769,30.612806],[114.750257,30.613213],[114.750797,30.613294],[114.751819,30.613917],[114.752773,30.614268],[114.753149,30.614702],[114.753159,30.614685],[114.754142,30.614941],[114.754606,30.615393],[114.755928,30.616049],[114.759395,30.617576],[114.757713,30.617498],[114.759674,30.617364],[114.762788,30.61865],[114.765766,30.620932],[114.765676,30.616096],[114.766217,30.609721],[114.762261,30.609472],[114.7611,30.614179],[114.757798,30.613039],[114.756909,30.612613],[114.756148,30.611996],[114.755009,30.611449],[114.75378,30.61095],[114.752636,30.610269],[114.752171,30.610223],[114.751745,30.609846],[114.748296,30.60831],[114.743265,30.605314],[114.742771,30.604862],[114.741131,30.604034],[114.738954,30.602557],[114.724077,30.594255],[114.714387,30.589524],[114.705779,30.586293],[114.70447,30.585668],[114.704032,30.585688],[114.701568,30.584669],[114.694741,30.583275],[114.685183,30.58074],[114.681136,30.580829],[114.677045,30.578935],[114.674655,30.578125],[114.673239,30.57798],[114.672742,30.577656],[114.671934,30.577736],[114.669411,30.577287],[114.668933,30.577075],[114.666143,30.576128],[114.664885,30.575477],[114.659919,30.573592],[114.656809,30.573084],[114.656701,30.573035],[114.656048,30.572782],[114.647757,30.567879],[114.642979,30.566105],[114.642829,30.56567],[114.642419,30.565859],[114.6409,30.564308],[114.640893,30.564281],[114.636999,30.561633],[114.6299,30.561185],[114.622631,30.564269],[114.619897,30.565287],[114.616005,30.565899],[114.612862,30.567032],[114.611908,30.566957],[114.608214,30.567877],[114.603604,30.569249],[114.600282,30.570556],[114.594965,30.573163],[114.590625,30.576009],[114.588037,30.578227],[114.58493,30.581525],[114.580462,30.58693],[114.57977,30.588208],[114.578789,30.589517],[114.5783,30.590757],[114.577531,30.591774],[114.577292,30.592491],[114.574689,30.596615],[114.574718,30.596955],[114.572997,30.599225],[114.571301,30.602943],[114.571466,30.60331],[114.571049,30.603427],[114.570341,30.605412],[114.569966,30.605836],[114.569764,30.605933],[114.567823,30.609771],[114.567959,30.609986],[114.567493,30.610384],[114.566172,30.612787],[114.566088,30.61329],[114.564678,30.615652],[114.563554,30.618043],[114.563453,30.618935],[114.5623,30.620449],[114.561855,30.621211],[114.561183,30.623647],[114.561022,30.623841],[114.560223,30.62488],[114.559867,30.626065],[114.55949,30.626869],[114.55717,30.631186],[114.557065,30.632002],[114.556202,30.632994],[114.556054,30.633681],[114.555461,30.634365],[114.554895,30.635578],[114.553717,30.637061],[114.553196,30.63912],[114.552918,30.640108],[114.551112,30.643915],[114.550617,30.644039],[114.54965,30.645894],[114.549013,30.64664],[114.549081,30.646945],[114.548218,30.647772],[114.547748,30.6488],[114.54597,30.651059],[114.545898,30.651765],[114.545357,30.652109],[114.544826,30.653502],[114.544507,30.653693],[114.54188,30.647843],[114.540154,30.650917]]],[[[114.536613,30.651865],[114.539131,30.648063],[114.539185,30.647605],[114.540169,30.646045],[114.541116,30.645207],[114.542647,30.64297],[114.543045,30.642799],[114.54616,30.637476],[114.548934,30.633522],[114.554669,30.622643],[114.555017,30.621427],[114.555459,30.620834],[114.555825,30.619251],[114.558183,30.613149],[114.561162,30.604402],[114.563268,30.599703],[114.565319,30.594231],[114.570674,30.58269],[114.572059,30.580586],[114.574056,30.576672],[114.577333,30.572336],[114.579494,30.569059],[114.583306,30.56477],[114.583939,30.564002],[114.586071,30.561732],[114.588729,30.559549],[114.590783,30.558127],[114.595335,30.555562],[114.598015,30.554953],[114.598899,30.554643],[114.603647,30.552463],[114.608566,30.550503],[114.614886,30.54921],[114.61573,30.549251],[114.621513,30.548597],[114.623648,30.548624],[114.627829,30.549311],[114.630928,30.550257],[114.63279,30.551305],[114.635866,30.552675],[114.637287,30.553685],[114.637876,30.553922],[114.638968,30.554973],[114.63997,30.556256],[114.64093,30.557435],[114.640828,30.558383],[114.64056,30.55707],[114.640989,30.558323],[114.641489,30.558468],[114.641912,30.559006],[114.642437,30.559288],[114.645728,30.560177],[114.64778,30.561295],[114.647936,30.561541],[114.649116,30.562055],[114.649592,30.562711],[114.650746,30.563006],[114.652384,30.563834],[114.656562,30.564056],[114.663111,30.565029],[114.664139,30.565391],[114.664729,30.565196],[114.667851,30.565616],[114.669844,30.566063],[114.669512,30.566247],[114.669924,30.565983],[114.670975,30.566255],[114.67165,30.566189],[114.672946,30.566449],[114.673317,30.566332],[114.675341,30.566495],[114.676375,30.566759],[114.68834,30.567895],[114.695018,30.568799],[114.700469,30.569801],[114.703831,30.570813],[114.706473,30.571226],[114.708964,30.571909],[114.712204,30.573016],[114.71656,30.575052],[114.720137,30.576377],[114.723404,30.578235],[114.73243,30.582443],[114.736026,30.584612],[114.739178,30.586856],[114.739747,30.587465],[114.740969,30.588205],[114.743828,30.590485],[114.745363,30.591993],[114.745866,30.592859],[114.74835,30.595495],[114.750121,30.597733],[114.751047,30.599416],[114.751248,30.600493],[114.750551,30.599706],[114.752823,30.600821],[114.759828,30.604989],[114.761076,30.605406],[114.76678,30.606872],[114.767434,30.607196],[114.768074,30.607158],[114.769851,30.607696],[114.771206,30.604488],[114.768973,30.603834],[114.768433,30.603892],[114.76801,30.603627],[114.76231,30.602162],[114.761951,30.602106],[114.755011,30.597974],[114.753512,30.595962],[114.751515,30.593439],[114.749062,30.590839],[114.748577,30.589994],[114.746621,30.588062],[114.74355,30.585613],[114.742358,30.584896],[114.741821,30.584311],[114.738429,30.581896],[114.734432,30.579496],[114.725376,30.575274],[114.722022,30.573374],[114.718309,30.571988],[114.713928,30.569942],[114.710317,30.5687],[114.707416,30.56791],[114.704884,30.567522],[114.70149,30.566502],[114.695728,30.565441],[114.688839,30.564509],[114.676868,30.563372],[114.676015,30.563131],[114.673366,30.562919],[114.673319,30.56305],[114.672103,30.562798],[114.6716,30.562884],[114.669882,30.56257],[114.668595,30.562263],[114.664991,30.56179],[114.66462,30.562002],[114.663905,30.561685],[114.657072,30.56067],[114.653231,30.560499],[114.652392,30.5599],[114.651783,30.559866],[114.651633,30.559417],[114.650103,30.558683],[114.647257,30.557028],[114.644445,30.55638],[114.643076,30.554135],[114.642158,30.552946],[114.640418,30.551303],[114.639606,30.550916],[114.637938,30.549764],[114.634753,30.548339],[114.632633,30.547175],[114.628811,30.546004],[114.624203,30.545244],[114.621111,30.545201],[114.615313,30.545857],[114.614103,30.545864],[114.607305,30.547267],[114.601873,30.54941],[114.597111,30.551596],[114.596881,30.551682],[114.593527,30.552525],[114.588505,30.555334],[114.586094,30.556999],[114.583162,30.559414],[114.580814,30.561902],[114.580146,30.562709],[114.576215,30.567141],[114.573956,30.570548],[114.570582,30.575026],[114.568489,30.5791],[114.567025,30.581354],[114.561605,30.593034],[114.559527,30.59857],[114.557391,30.603345],[114.554394,30.61214],[114.552031,30.618255],[114.551682,30.619791],[114.551303,30.620226],[114.551029,30.621287],[114.545376,30.632011],[114.542677,30.63584],[114.539572,30.641149],[114.539372,30.641043],[114.537856,30.643262],[114.536959,30.644038],[114.535516,30.646304],[114.535607,30.646494],[114.533164,30.650176],[114.536613,30.651865]]],[[[114.764742,30.622483],[114.765676,30.616096],[114.766684,30.608572],[114.77347,30.608068],[114.774006,30.604686],[114.763411,30.606645],[114.761729,30.615758],[114.760806,30.622057],[114.764742,30.622483]]]]}},{"type":"Feature","properties":{"id":"B3-L","band":"B3","name":"外滩低地","bank":"左岸（北岸）","elev_wusong_m":27,"area_km2":73.425,"segmentCount":7},"geometry":{"type":"MultiPolygon","coordinates":[[[[113.844933,30.202981],[113.851224,30.213179],[113.851604,30.214732],[113.855703,30.222381],[113.856785,30.223858],[113.857648,30.226073],[113.859747,30.228552],[113.862044,30.232039],[113.864396,30.234373],[113.865095,30.235205],[113.865535,30.236134],[113.867745,30.238674],[113.868638,30.239333],[113.869227,30.240436],[113.870809,30.242427],[113.877543,30.255549],[113.881939,30.262912],[113.890986,30.269849],[113.908129,30.263315],[113.906811,30.252766],[113.899429,30.242993],[113.896527,30.239682],[113.892927,30.235138],[113.892763,30.235006],[113.892466,30.233754],[113.892389,30.2324],[113.893205,30.228867],[113.896154,30.221603],[113.896849,30.218352],[113.897511,30.216765],[113.898585,30.215519],[113.899685,30.213421],[113.90036,30.210972],[113.900736,30.207535],[113.900633,30.207672],[113.901828,30.205605],[113.901354,30.206162],[113.901764,30.205798],[113.902346,30.205435],[113.903287,30.205087],[113.905864,30.204845],[113.904837,30.20479],[113.907748,30.205241],[113.908904,30.204741],[113.907864,30.204704],[113.908991,30.205454],[113.910446,30.206581],[113.911786,30.206989],[113.913434,30.207833],[113.915251,30.208008],[113.917514,30.208551],[113.917183,30.20794],[113.919914,30.209765],[113.924028,30.211041],[113.925047,30.211147],[113.925792,30.211617],[113.927461,30.211874],[113.927145,30.211683],[113.930234,30.213469],[113.92934,30.212974],[113.932222,30.214876],[113.934423,30.21552],[113.937244,30.216743],[113.941213,30.217584],[113.945683,30.217819],[113.952067,30.217079],[113.956024,30.216148],[113.95995,30.214662],[113.96326,30.213135],[113.968805,30.210012],[113.968604,30.210112],[113.970981,30.209585],[113.974317,30.209625],[113.976626,30.209942],[113.981232,30.208772],[113.985576,30.206864],[113.987253,30.205817],[113.988908,30.205361],[113.993865,30.203193],[113.994749,30.203042],[113.99869,30.201581],[114.002765,30.199855],[114.007666,30.197391],[114.01021,30.195269],[114.010609,30.194499],[114.009295,30.19559],[114.010998,30.19484],[114.013216,30.193275],[114.014636,30.192623],[114.015759,30.191575],[114.017236,30.190533],[114.017098,30.190271],[114.019176,30.188769],[114.020757,30.187287],[114.018635,30.188501],[114.021694,30.186942],[114.023404,30.185286],[114.023846,30.184426],[114.019723,30.187034],[114.02286,30.18595],[114.024069,30.184806],[114.02822,30.182131],[114.031766,30.178614],[114.033381,30.175074],[114.033955,30.172118],[114.033326,30.167994],[114.030879,30.164559],[114.029543,30.163345],[114.029591,30.163125],[114.029807,30.1638],[114.029502,30.168667],[114.029973,30.168262],[114.033125,30.165552],[114.036864,30.168798],[114.038275,30.166356],[114.03925,30.172285],[114.03849,30.176289],[114.036232,30.18108],[114.031738,30.185557],[114.027778,30.187874],[114.025324,30.190279],[114.022816,30.192099],[114.020939,30.193428],[114.019347,30.194947],[114.017847,30.196268],[114.016266,30.197022],[114.01467,30.197744],[114.01042,30.201306],[114.005287,30.203885],[114.000905,30.205743],[113.996659,30.207316],[113.996068,30.20736],[113.991126,30.209522],[113.989703,30.209879],[113.988224,30.210832],[113.98329,30.212994],[113.977297,30.214487],[113.973896,30.214192],[113.971503,30.214144],[113.970062,30.214517],[113.966028,30.217042],[113.962252,30.218789],[113.957832,30.220455],[113.953018,30.221586],[113.946016,30.222391],[113.940442,30.222116],[113.935388,30.221035],[113.932324,30.219727],[113.929972,30.219024],[113.925415,30.216054],[113.924537,30.215672],[113.923917,30.215902],[113.923224,30.215449],[113.922596,30.215452],[113.917361,30.21378],[113.915007,30.212118],[113.914252,30.212507],[113.91171,30.212165],[113.909436,30.211096],[113.908124,30.20981],[113.905552,30.209379],[113.90561,30.21161],[113.904738,30.214806],[113.903106,30.217912],[113.902264,30.218795],[113.901973,30.21953],[113.901233,30.222919],[113.898292,30.230157],[113.897656,30.232931],[113.897735,30.233236],[113.897794,30.233557],[113.900842,30.237019],[113.903817,30.24042],[113.911225,30.250225],[113.91161,30.266772],[113.891454,30.274413],[113.877264,30.265075],[113.872741,30.257495],[113.866023,30.244401],[113.864687,30.242804],[113.864345,30.242022],[113.863709,30.241646],[113.861075,30.238612],[113.860542,30.237553],[113.860287,30.237269],[113.857673,30.234632],[113.855279,30.231018],[113.852995,30.228269],[113.851952,30.225743],[113.850944,30.224401],[113.846718,30.216508],[113.846464,30.215195],[113.840255,30.205136],[113.844933,30.202981]]],[[[114.041238,30.166548],[114.042385,30.167277],[114.045491,30.169122],[114.051914,30.158962],[114.049248,30.15718],[114.052419,30.153509],[114.05561,30.155679],[114.043919,30.173497],[114.038904,30.170731],[114.038051,30.170209],[114.041238,30.166548]]],[[[113.884607,30.266957],[113.886651,30.270065],[113.890365,30.27499],[113.894716,30.279967],[113.898568,30.283747],[113.902615,30.286872],[113.907749,30.291748],[113.916098,30.299033],[113.919444,30.301596],[113.925561,30.305597],[113.93105,30.308431],[113.931766,30.309421],[113.933438,30.309578],[113.936455,30.311068],[113.940619,30.312131],[113.948981,30.313314],[113.958998,30.313643],[113.965181,30.312753],[113.969248,30.311484],[113.971826,30.310206],[113.975606,30.307684],[113.978243,30.305442],[113.980005,30.304647],[113.981649,30.303108],[113.981888,30.302956],[113.982468,30.30259],[113.984494,30.301698],[113.98816,30.298877],[113.990531,30.297613],[113.993982,30.295169],[113.9965,30.292972],[113.995219,30.291997],[113.993417,30.293007],[114.004361,30.28598],[114.002726,30.287159],[114.004422,30.287535],[114.009626,30.283165],[114.014181,30.278971],[114.016842,30.275903],[114.018426,30.27483],[114.022543,30.269952],[114.024901,30.265976],[114.025576,30.26543],[114.028019,30.260381],[114.03102,30.254766],[114.03332,30.249608],[114.034291,30.246098],[114.035507,30.243747],[114.037941,30.24004],[114.039942,30.237581],[114.040835,30.236592],[114.043662,30.234612],[114.044306,30.234344],[114.045379,30.233997],[114.046699,30.233737],[114.046713,30.233719],[114.048968,30.234267],[114.049222,30.234362],[114.050604,30.235151],[114.051484,30.235803],[114.05459,30.238603],[114.05545,30.239583],[114.05797,30.243162],[114.065876,30.25628],[114.068798,30.262903],[114.070509,30.267394],[114.072731,30.274661],[114.074842,30.282718],[114.075665,30.289587],[114.076471,30.302044],[114.077485,30.309208],[114.078275,30.312276],[114.078247,30.312862],[114.078514,30.31322],[114.078697,30.315129],[114.080936,30.322612],[114.081926,30.32439],[114.082045,30.325669],[114.085562,30.331999],[114.089027,30.336436],[114.090402,30.3403],[114.091993,30.343418],[114.092391,30.343793],[114.094586,30.347357],[114.096216,30.349383],[114.099383,30.352762],[114.102534,30.355473],[114.105341,30.357549],[114.106107,30.357874],[114.107733,30.358888],[114.111189,30.359368],[114.108526,30.358849],[114.111776,30.360389],[114.111432,30.360169],[114.112506,30.361166],[114.115882,30.363019],[114.116111,30.363456],[114.117537,30.364019],[114.119435,30.365383],[114.119683,30.365282],[114.119156,30.365117],[114.120411,30.366223],[114.121428,30.368344],[114.123643,30.370189],[114.123768,30.370286],[114.123572,30.37028],[114.125503,30.373039],[114.127243,30.374708],[114.127033,30.374698],[114.128916,30.376944],[114.131927,30.380039],[114.132943,30.380739],[114.132693,30.380721],[114.139947,30.389414],[114.144459,30.395341],[114.146696,30.396851],[114.145546,30.395874],[114.144698,30.393293],[114.144959,30.395751],[114.15378,30.400922],[114.168912,30.39606],[114.170786,30.400346],[114.154942,30.405392],[114.140187,30.398064],[114.135584,30.392027],[114.128347,30.383354],[114.12802,30.383143],[114.124756,30.379792],[114.122567,30.377177],[114.121215,30.375742],[114.118886,30.372435],[114.116996,30.370867],[114.115888,30.368623],[114.114899,30.367855],[114.114574,30.367821],[114.113068,30.36721],[114.112733,30.366708],[114.109422,30.364895],[114.107635,30.363371],[114.106111,30.362928],[114.105357,30.362984],[114.103166,30.361689],[114.102088,30.361169],[114.098917,30.358827],[114.095423,30.355814],[114.09202,30.352189],[114.089994,30.349656],[114.08778,30.346063],[114.087246,30.345469],[114.085418,30.341876],[114.084278,30.338483],[114.080938,30.334249],[114.077134,30.327406],[114.076849,30.325726],[114.075856,30.32394],[114.073516,30.31612],[114.073282,30.313991],[114.073059,30.313828],[114.073052,30.313086],[114.07224,30.309903],[114.071182,30.302407],[114.070374,30.289926],[114.069611,30.283482],[114.067577,30.275746],[114.065414,30.268668],[114.063809,30.26446],[114.061081,30.258238],[114.053304,30.24534],[114.051007,30.242085],[114.050626,30.241646],[114.047763,30.239067],[114.047439,30.238827],[114.04683,30.238404],[114.046493,30.238518],[114.044467,30.23993],[114.044187,30.240327],[114.042444,30.24246],[114.040227,30.245836],[114.039321,30.24755],[114.038366,30.251017],[114.035897,30.256567],[114.032872,30.262228],[114.030362,30.267406],[114.029482,30.268285],[114.027042,30.272379],[114.022489,30.277775],[114.020813,30.278941],[114.018211,30.28195],[114.013405,30.28638],[114.007998,30.29092],[113.994791,30.296564],[113.99366,30.301312],[113.991431,30.302484],[113.987737,30.305324],[113.985042,30.306596],[113.983236,30.308281],[113.981559,30.309019],[113.979077,30.311149],[113.974914,30.313932],[113.971363,30.315686],[113.966465,30.317198],[113.959182,30.318222],[113.948471,30.317874],[113.939589,30.316626],[113.934341,30.31527],[113.931505,30.313845],[113.929121,30.313392],[113.927949,30.312149],[113.922577,30.309385],[113.916125,30.30517],[113.912387,30.302307],[113.903916,30.294916],[113.898846,30.290096],[113.894806,30.286977],[113.890586,30.282842],[113.886026,30.277625],[113.88214,30.272474],[113.879992,30.269216],[113.884607,30.266957]]],[[[114.14671,30.398415],[114.151868,30.405353],[114.15748,30.41386],[114.159297,30.41628],[114.16081,30.417849],[114.161999,30.42044],[114.163795,30.423202],[114.163784,30.423681],[114.165105,30.426322],[114.166216,30.42749],[114.166109,30.427686],[114.167245,30.429437],[114.1716,30.437914],[114.17489,30.443366],[114.177949,30.44759],[114.180873,30.451132],[114.187349,30.458063],[114.189736,30.460136],[114.191592,30.461232],[114.19275,30.461638],[114.194154,30.462912],[114.19781,30.464878],[114.197668,30.464805],[114.20386,30.470178],[114.206046,30.472287],[114.206773,30.473391],[114.20829,30.474264],[114.207427,30.473497],[114.210288,30.477529],[114.211617,30.478655],[114.212226,30.479659],[114.217053,30.485342],[114.222075,30.491014],[114.222998,30.491744],[114.224849,30.494224],[114.22725,30.496759],[114.230226,30.500883],[114.230659,30.5011],[114.232624,30.503833],[114.234083,30.505298],[114.235588,30.507347],[114.236548,30.508074],[114.236,30.507696],[114.243398,30.516616],[114.244751,30.517907],[114.246404,30.51997],[114.247229,30.520661],[114.249079,30.522756],[114.250773,30.52423],[114.252509,30.526115],[114.252629,30.525714],[114.253654,30.526889],[114.261016,30.537042],[114.262016,30.538957],[114.262887,30.539872],[114.263466,30.541039],[114.265506,30.542742],[114.263048,30.53913],[114.263391,30.540947],[114.264978,30.543385],[114.267476,30.548039],[114.267706,30.548107],[114.275096,30.554335],[114.288976,30.551199],[114.290401,30.555612],[114.275204,30.558916],[114.262797,30.549871],[114.260214,30.545423],[114.258866,30.54334],[114.258327,30.54223],[114.257393,30.541224],[114.256449,30.539391],[114.249199,30.529392],[114.248918,30.528996],[114.24674,30.527217],[114.245038,30.525734],[114.243133,30.523584],[114.242198,30.522773],[114.240543,30.520708],[114.239121,30.519338],[114.23164,30.510319],[114.23134,30.510102],[114.229782,30.507992],[114.228273,30.506467],[114.226305,30.503729],[114.225822,30.503451],[114.222886,30.499376],[114.220555,30.496926],[114.218736,30.494483],[114.217924,30.493877],[114.212795,30.488085],[114.207874,30.48229],[114.207434,30.481482],[114.205932,30.480154],[114.202915,30.476542],[114.20186,30.475111],[114.200026,30.473351],[114.193932,30.468064],[114.190979,30.466586],[114.189635,30.465351],[114.189171,30.465311],[114.186109,30.463485],[114.183286,30.461017],[114.176672,30.453938],[114.173522,30.450125],[114.170265,30.445622],[114.166795,30.43987],[114.162424,30.431361],[114.161308,30.429647],[114.160531,30.428653],[114.158738,30.425116],[114.157215,30.422434],[114.156187,30.420106],[114.154981,30.418951],[114.152893,30.41617],[114.147316,30.407715],[114.142238,30.400887],[114.14671,30.398415]]],[[[114.269339,30.550136],[114.271126,30.554724],[114.274033,30.560018],[114.276952,30.564575],[114.27772,30.565595],[114.279094,30.567393],[114.279148,30.564685],[114.27779,30.567252],[114.281109,30.572261],[114.282769,30.573132],[114.282494,30.572932],[114.283361,30.573914],[114.285203,30.576766],[114.28595,30.578262],[114.287799,30.580606],[114.290328,30.585069],[114.291422,30.586469],[114.292237,30.588112],[114.295,30.59257],[114.296235,30.593941],[114.300331,30.600504],[114.302171,30.602845],[114.304904,30.607202],[114.307567,30.610459],[114.307618,30.610255],[114.30847,30.611818],[114.309272,30.612663],[114.309904,30.613569],[114.310537,30.61525],[114.312692,30.61793],[114.311938,30.616355],[114.311835,30.617017],[114.315001,30.622092],[114.326064,30.632163],[114.345273,30.624473],[114.347691,30.628554],[114.326001,30.636744],[114.310439,30.624453],[114.306987,30.61891],[114.306978,30.618017],[114.305775,30.617299],[114.305049,30.61545],[114.304828,30.615185],[114.30388,30.614138],[114.303058,30.612618],[114.30035,30.609573],[114.297582,30.605166],[114.295715,30.602784],[114.291628,30.596236],[114.290422,30.594907],[114.287482,30.59017],[114.286738,30.588643],[114.28563,30.587221],[114.283144,30.582826],[114.281355,30.580572],[114.280474,30.578867],[114.278851,30.576346],[114.278512,30.57597],[114.277335,30.57549],[114.273253,30.568085],[114.272327,30.566839],[114.269296,30.562103],[114.266201,30.556455],[114.264291,30.551581],[114.269339,30.550136]]],[[[114.320635,30.629667],[114.330802,30.642417],[114.33397,30.645885],[114.338236,30.649908],[114.337657,30.648848],[114.338498,30.651388],[114.340778,30.653113],[114.346763,30.659023],[114.348403,30.660988],[114.349635,30.661954],[114.351557,30.664664],[114.353195,30.665944],[114.354965,30.667926],[114.35579,30.6693],[114.359841,30.674177],[114.363257,30.677657],[114.366409,30.680386],[114.364714,30.676919],[114.37458,30.671703],[114.371955,30.670343],[114.365178,30.680354],[114.368072,30.682384],[114.371224,30.684104],[114.377049,30.6869],[114.378784,30.687559],[114.381707,30.689206],[114.385465,30.690844],[114.39159,30.693142],[114.394745,30.694659],[114.398336,30.695603],[114.39913,30.69549],[114.3987,30.69548],[114.410827,30.699107],[114.41925,30.701245],[114.428959,30.703253],[114.438187,30.70462],[114.448007,30.705651],[114.456752,30.705877],[114.466121,30.705029],[114.4751,30.70389],[114.484418,30.70246],[114.494034,30.700645],[114.500698,30.698933],[114.501488,30.698855],[114.507167,30.697282],[114.510151,30.696721],[114.512025,30.695891],[114.513095,30.695727],[114.518711,30.693946],[114.519963,30.693607],[114.522208,30.693226],[114.522703,30.692687],[114.529766,30.690301],[114.534979,30.687755],[114.537701,30.686038],[114.539761,30.684152],[114.539908,30.683697],[114.54071,30.683037],[114.542158,30.682218],[114.545116,30.679469],[114.546447,30.677876],[114.548063,30.676292],[114.551111,30.671597],[114.552884,30.667347],[114.552475,30.663413],[114.552692,30.666554],[114.553142,30.665757],[114.552944,30.661432],[114.553224,30.663647],[114.553449,30.6636],[114.553277,30.66323],[114.552045,30.665799],[114.553261,30.664585],[114.555836,30.660047],[114.560625,30.662052],[114.558755,30.663998],[114.55821,30.667166],[114.557851,30.667691],[114.557983,30.668671],[114.555942,30.673525],[114.552545,30.678767],[114.550582,30.680764],[114.549203,30.682407],[114.545783,30.685575],[114.544097,30.686573],[114.543999,30.686631],[114.544064,30.686854],[114.541133,30.689542],[114.537793,30.691646],[114.532002,30.694459],[114.524889,30.696865],[114.524432,30.697389],[114.521041,30.698094],[114.520471,30.69827],[114.514807,30.700065],[114.513975,30.700154],[114.511831,30.701069],[114.508631,30.701687],[114.503004,30.703247],[114.502131,30.703346],[114.495338,30.705087],[114.485459,30.706953],[114.475959,30.708412],[114.466793,30.709574],[114.456972,30.710455],[114.447578,30.710218],[114.437414,30.709153],[114.427877,30.707739],[114.417881,30.705672],[114.409172,30.703461],[114.397412,30.700115],[114.392518,30.698821],[114.389292,30.697275],[114.383239,30.695006],[114.379046,30.693175],[114.37613,30.691531],[114.37455,30.690946],[114.368545,30.688064],[114.364972,30.68611],[114.36154,30.683701],[114.359393,30.677143],[114.355615,30.676966],[114.351362,30.671847],[114.350564,30.670507],[114.349208,30.668983],[114.347322,30.667442],[114.345357,30.664683],[114.344322,30.663931],[114.342675,30.661959],[114.336899,30.656253],[114.33412,30.653997],[114.332553,30.650156],[114.32993,30.648869],[114.326451,30.645059],[114.316245,30.632259],[114.320635,30.629667]]],[[[114.764716,30.628026],[114.769372,30.629804],[114.771798,30.630408],[114.772225,30.63071],[114.776336,30.631754],[114.774837,30.63615],[114.770483,30.635039],[114.769954,30.634706],[114.767438,30.634072],[114.762549,30.63221],[114.764716,30.628026]]]]}},{"type":"Feature","properties":{"id":"B3-R","band":"B3","name":"外滩低地","bank":"右岸（南岸）","elev_wusong_m":27,"area_km2":93.307,"segmentCount":8},"geometry":{"type":"MultiPolygon","coordinates":[[[[113.845028,30.197424],[113.85881,30.176593],[113.862824,30.173796],[113.861945,30.17434],[113.863314,30.173402],[113.865792,30.172229],[113.868335,30.171436],[113.871322,30.171132],[113.877491,30.17118],[113.881224,30.17149],[113.88798,30.173078],[113.894872,30.175151],[113.898649,30.176709],[113.90651,30.180499],[113.909958,30.182603],[113.920004,30.186821],[113.923919,30.188798],[113.930576,30.192694],[113.935689,30.19538],[113.938044,30.196305],[113.940507,30.197819],[113.938422,30.197192],[113.939201,30.197253],[113.945892,30.196318],[113.949493,30.195172],[113.952678,30.193597],[113.95414,30.193184],[113.954201,30.193183],[113.956405,30.191768],[113.957386,30.190443],[113.959561,30.189532],[113.959466,30.189362],[113.964164,30.186354],[113.965944,30.184973],[113.968551,30.183687],[113.969378,30.182991],[113.971092,30.182343],[113.970293,30.182854],[113.973265,30.180101],[113.976787,30.178128],[113.977557,30.178223],[113.977523,30.17757],[113.980663,30.175084],[113.979078,30.177955],[113.978857,30.177778],[113.981713,30.172844],[113.982554,30.172999],[113.983374,30.170927],[113.985091,30.16902],[113.986583,30.166915],[113.989248,30.164745],[113.990275,30.163563],[113.99219,30.162319],[113.993928,30.160848],[113.995622,30.160207],[113.999847,30.157329],[114.000895,30.156857],[114.001881,30.155833],[114.005749,30.154881],[114.005316,30.150315],[113.999015,30.15198],[113.997384,30.153426],[113.996695,30.153647],[113.992618,30.156433],[113.990895,30.157092],[113.988709,30.158864],[113.986618,30.160248],[113.985413,30.161583],[113.982537,30.163956],[113.980729,30.166418],[113.978764,30.168668],[113.978429,30.170122],[113.973819,30.17739],[113.969732,30.176686],[113.966594,30.179093],[113.965605,30.179878],[113.962901,30.181222],[113.960889,30.182752],[113.956209,30.185748],[113.953894,30.186996],[113.952733,30.188464],[113.951194,30.18941],[113.950316,30.189495],[113.947331,30.190989],[113.944651,30.191864],[113.938888,30.192629],[113.938283,30.191385],[113.933451,30.188845],[113.926797,30.184951],[113.922415,30.182741],[113.912485,30.178576],[113.909247,30.176576],[113.901151,30.172669],[113.8968,30.170884],[113.889553,30.168704],[113.882351,30.167013],[113.877657,30.166601],[113.871224,30.166551],[113.867181,30.166964],[113.863509,30.168095],[113.860416,30.169566],[113.859044,30.170506],[113.854256,30.17425],[113.840427,30.195151],[113.845028,30.197424]]],[[[113.887688,30.258871],[113.902423,30.253345],[113.910996,30.258021],[113.914265,30.261634],[113.921131,30.268761],[113.921982,30.269356],[113.921642,30.269455],[113.922787,30.269823],[113.924687,30.271823],[113.925165,30.272013],[113.92852,30.275142],[113.929365,30.276152],[113.930333,30.276906],[113.930939,30.277876],[113.930848,30.277856],[113.940109,30.284699],[113.94173,30.285551],[113.944203,30.286566],[113.946527,30.287364],[113.948332,30.287852],[113.952212,30.288275],[113.956771,30.288528],[113.956877,30.28856],[113.962597,30.287717],[113.969011,30.287145],[113.969784,30.287079],[113.972369,30.286012],[113.973232,30.285574],[113.976873,30.28274],[113.984012,30.276208],[113.991413,30.268729],[113.997225,30.262409],[114.000168,30.258724],[114.002953,30.254434],[114.008126,30.244969],[114.014306,30.232912],[114.018925,30.225916],[114.026712,30.215738],[114.029464,30.213663],[114.030332,30.212132],[114.034046,30.209655],[114.039021,30.208242],[114.042747,30.208035],[114.044743,30.208314],[114.043977,30.208249],[114.044767,30.208288],[114.046705,30.208202],[114.048315,30.208776],[114.050594,30.209475],[114.050768,30.20995],[114.05082,30.209545],[114.054306,30.21069],[114.056831,30.212267],[114.05794,30.213484],[114.058105,30.213328],[114.059374,30.214254],[114.060249,30.214547],[114.062786,30.216363],[114.065245,30.219141],[114.066596,30.222241],[114.066253,30.221802],[114.066326,30.221386],[114.067414,30.223476],[114.067604,30.223848],[114.070977,30.226909],[114.077759,30.234171],[114.081232,30.238187],[114.08465,30.243149],[114.083596,30.242159],[114.085929,30.243706],[114.087276,30.245764],[114.090842,30.249853],[114.092596,30.252963],[114.092986,30.254204],[114.094605,30.25771],[114.097303,30.265873],[114.098928,30.276206],[114.100949,30.281967],[114.101153,30.283874],[114.101564,30.28587],[114.101458,30.287994],[114.101953,30.288884],[114.10204,30.29192],[114.101721,30.293954],[114.102054,30.294927],[114.101811,30.297747],[114.101939,30.298997],[114.103264,30.302367],[114.103737,30.3047],[114.104086,30.304707],[114.104035,30.305213],[114.108413,30.310589],[114.113825,30.316296],[114.11639,30.318679],[114.124866,30.325851],[114.127467,30.329033],[114.128842,30.331061],[114.130083,30.333498],[114.131247,30.336179],[114.130922,30.338092],[114.130956,30.339826],[114.131129,30.340636],[114.131017,30.345571],[114.130018,30.347802],[114.130002,30.34544],[114.128949,30.343731],[114.131381,30.345962],[114.131854,30.347736],[114.133515,30.349591],[114.135762,30.35163],[114.137365,30.352753],[114.140094,30.355554],[114.141739,30.35878],[114.140675,30.356721],[114.142775,30.359186],[114.144009,30.361172],[114.144927,30.363617],[114.144631,30.363718],[114.142913,30.361464],[114.144854,30.362625],[114.145941,30.363989],[114.146269,30.364029],[114.149538,30.367329],[114.149464,30.367506],[114.155335,30.372872],[114.156777,30.373942],[114.158108,30.375329],[114.158483,30.375446],[114.158911,30.375937],[114.162518,30.37864],[114.165475,30.381451],[114.168825,30.383963],[114.171762,30.387087],[114.175908,30.384223],[114.172641,30.380777],[114.169188,30.378175],[114.166224,30.375359],[114.1625,30.37256],[114.162029,30.372035],[114.161885,30.372109],[114.160582,30.370746],[114.159129,30.369667],[114.15341,30.364441],[114.150148,30.3609],[114.149976,30.361011],[114.148861,30.35931],[114.14719,30.356642],[114.145188,30.354307],[114.144203,30.352653],[114.141201,30.349586],[114.139446,30.348331],[114.137583,30.346648],[114.13652,30.34555],[114.13509,30.344132],[114.136437,30.340544],[114.136256,30.339573],[114.136219,30.338388],[114.136552,30.336037],[114.134755,30.331322],[114.133595,30.329021],[114.131926,30.326546],[114.128743,30.322722],[114.120152,30.315447],[114.117864,30.313324],[114.112636,30.307814],[114.108522,30.302767],[114.108383,30.301161],[114.107098,30.297928],[114.107117,30.297697],[114.107359,30.294835],[114.107027,30.293954],[114.107334,30.292226],[114.107187,30.288137],[114.106731,30.287486],[114.106859,30.285584],[114.106416,30.283293],[114.10609,30.280835],[114.104134,30.275324],[114.102505,30.264976],[114.099653,30.256304],[114.097967,30.252629],[114.097526,30.251275],[114.095273,30.247335],[114.091652,30.243176],[114.089975,30.240744],[114.086843,30.238537],[114.085657,30.235662],[114.081926,30.231337],[114.075017,30.223941],[114.071661,30.220898],[114.070985,30.219199],[114.069583,30.216507],[114.066782,30.213352],[114.063014,30.210638],[114.062284,30.210424],[114.061077,30.209534],[114.060637,30.209078],[114.056683,30.206595],[114.051817,30.205045],[114.050352,30.204547],[114.04761,30.203688],[114.044331,30.203722],[114.044141,30.20367],[114.043045,30.203461],[114.037761,30.203792],[114.032208,30.205358],[114.025935,30.209572],[114.025441,30.21068],[114.022458,30.213004],[114.014428,30.223488],[114.009541,30.230903],[114.0033,30.243069],[113.998212,30.25238],[113.99566,30.256309],[113.992989,30.259652],[113.987325,30.26581],[113.980062,30.27315],[113.973117,30.279505],[113.969883,30.282021],[113.967987,30.282768],[113.961887,30.283177],[113.956136,30.284023],[113.952716,30.283714],[113.949336,30.283354],[113.948271,30.283037],[113.946337,30.282371],[113.944286,30.281536],[113.943443,30.281135],[113.934377,30.274435],[113.934487,30.274057],[113.933319,30.273098],[113.932519,30.272131],[113.928914,30.268771],[113.928585,30.268716],[113.926306,30.266395],[113.925083,30.265967],[113.925147,30.265768],[113.918378,30.258741],[113.915272,30.255311],[113.901357,30.248857],[113.885528,30.254687],[113.887688,30.258871]]],[[[114.149969,30.389933],[114.165307,30.385034],[114.173942,30.388956],[114.180761,30.396594],[114.181595,30.398069],[114.181603,30.397801],[114.182051,30.398588],[114.183858,30.400506],[114.185168,30.402645],[114.187955,30.406483],[114.193458,30.416451],[114.195843,30.421315],[114.196498,30.423978],[114.196688,30.427632],[114.196383,30.429505],[114.195959,30.427347],[114.198674,30.432432],[114.199804,30.4338],[114.202362,30.437802],[114.202319,30.437679],[114.205574,30.439835],[114.205442,30.439908],[114.207531,30.441021],[114.208328,30.441275],[114.215509,30.445327],[114.222409,30.449661],[114.225497,30.451157],[114.231856,30.456145],[114.238872,30.462129],[114.240597,30.464551],[114.244396,30.467696],[114.246479,30.470309],[114.246646,30.470962],[114.246758,30.470991],[114.247622,30.47157],[114.249271,30.473531],[114.250645,30.475711],[114.250929,30.476748],[114.250554,30.476197],[114.251256,30.476716],[114.253911,30.480232],[114.255419,30.48317],[114.255403,30.48367],[114.257093,30.485668],[114.260274,30.490977],[114.261473,30.492244],[114.263156,30.493516],[114.265501,30.496269],[114.264656,30.49555],[114.265411,30.496048],[114.265444,30.496269],[114.268546,30.499014],[114.270328,30.501155],[114.270843,30.502851],[114.268569,30.499805],[114.269539,30.500275],[114.271962,30.50245],[114.271227,30.502023],[114.272887,30.503265],[114.276846,30.506963],[114.280492,30.510871],[114.280887,30.511555],[114.284882,30.516072],[114.287331,30.519538],[114.289307,30.52362],[114.290253,30.526029],[114.29093,30.528957],[114.290705,30.529329],[114.288194,30.525305],[114.290802,30.528067],[114.287523,30.52638],[114.284557,30.525434],[114.29168,30.535358],[114.289082,30.536661],[114.28554,30.526989],[114.284061,30.526812],[114.291321,30.535917],[114.290096,30.537108],[114.290368,30.537105],[114.289344,30.538394],[114.289744,30.534513],[114.289983,30.534343],[114.29087,30.537195],[114.290779,30.538135],[114.29081,30.5386],[114.291183,30.539645],[114.290517,30.538868],[114.290974,30.538716],[114.29192,30.541045],[114.292697,30.543214],[114.286653,30.539929],[114.286227,30.535362],[114.295385,30.524825],[114.294264,30.521959],[114.29209,30.517493],[114.289228,30.513431],[114.285188,30.508861],[114.284736,30.50811],[114.280875,30.503973],[114.276682,30.500055],[114.275193,30.498972],[114.275078,30.499096],[114.272453,30.495906],[114.269376,30.493185],[114.269271,30.492897],[114.268481,30.492368],[114.267147,30.490488],[114.265396,30.489152],[114.264844,30.488635],[114.261703,30.483386],[114.260061,30.481462],[114.258547,30.477991],[114.255551,30.474016],[114.255542,30.473927],[114.253772,30.471093],[114.251603,30.468534],[114.251169,30.468153],[114.2483,30.464588],[114.244635,30.461573],[114.242836,30.459076],[114.235521,30.452827],[114.228806,30.447572],[114.225382,30.445863],[114.218531,30.441559],[114.211149,30.437393],[114.210124,30.437022],[114.208477,30.436147],[114.205769,30.434195],[114.204379,30.43147],[114.203401,30.43034],[114.202,30.427738],[114.201791,30.423582],[114.200815,30.4197],[114.198286,30.414539],[114.192673,30.404377],[114.18974,30.400312],[114.188284,30.397972],[114.18636,30.395909],[114.185926,30.395139],[114.185059,30.393902],[114.178054,30.386056],[114.164309,30.380534],[114.148095,30.385646],[114.149969,30.389933]]],[[[114.273943,30.54277],[114.286955,30.539914],[114.294318,30.547315],[114.293954,30.547242],[114.295544,30.550212],[114.29669,30.55142],[114.299651,30.55579],[114.300495,30.556857],[114.303642,30.559816],[114.306725,30.563221],[114.310022,30.568078],[114.31036,30.568838],[114.310837,30.569274],[114.314553,30.576143],[114.315427,30.576924],[114.31969,30.582842],[114.320699,30.583811],[114.322133,30.585863],[114.324353,30.58943],[114.324874,30.591061],[114.325438,30.592375],[114.325298,30.59294],[114.324966,30.591573],[114.324918,30.591535],[114.336828,30.605573],[114.347209,30.61551],[114.351171,30.61245],[114.340984,30.602711],[114.329844,30.58974],[114.329869,30.589477],[114.329201,30.58754],[114.326782,30.583634],[114.325041,30.581162],[114.324132,30.58032],[114.319879,30.574414],[114.319273,30.574027],[114.315613,30.567255],[114.314917,30.566472],[114.314676,30.565857],[114.311163,30.560694],[114.307693,30.556846],[114.30458,30.553921],[114.304182,30.553389],[114.301189,30.548974],[114.300215,30.548019],[114.298985,30.545752],[114.28677,30.535335],[114.272563,30.538345],[114.273943,30.54277]]],[[[114.323109,30.621292],[114.339559,30.614084],[114.347804,30.616553],[114.349651,30.618143],[114.352501,30.620246],[114.352723,30.620627],[114.355879,30.622851],[114.359249,30.625673],[114.36913,30.63237],[114.372532,30.634814],[114.372988,30.63535],[114.374097,30.636043],[114.380028,30.638867],[114.381262,30.63925],[114.382534,30.639898],[114.3832,30.640074],[114.383179,30.640208],[114.384089,30.64048],[114.383676,30.640497],[114.38446,30.640554],[114.385223,30.641133],[114.388065,30.642443],[114.393808,30.645793],[114.397133,30.647132],[114.398097,30.647403],[114.399469,30.647587],[114.401158,30.648255],[114.40747,30.649989],[114.408535,30.650503],[114.409929,30.650517],[114.41428,30.651976],[114.415799,30.652732],[114.417538,30.653133],[114.417277,30.653276],[114.420626,30.653978],[114.421175,30.654414],[114.421025,30.654143],[114.423994,30.654904],[114.424589,30.655245],[114.42586,30.655345],[114.429628,30.656517],[114.430413,30.656519],[114.431614,30.657075],[114.434555,30.657875],[114.440065,30.659907],[114.443167,30.661262],[114.442286,30.662149],[114.437745,30.666187],[114.439818,30.66998],[114.438408,30.661945],[114.43741,30.664695],[114.437571,30.661842],[114.437381,30.661974],[114.437511,30.659423],[114.439144,30.655903],[114.43845,30.657561],[114.438271,30.657068],[114.438663,30.65674],[114.442189,30.651312],[114.452061,30.657697],[114.451317,30.659872],[114.451329,30.656921],[114.44937,30.654539],[114.448597,30.65395],[114.452521,30.659395],[114.452257,30.667402],[114.450875,30.66431],[114.452205,30.665086],[114.458635,30.667429],[114.459308,30.667428],[114.460832,30.668075],[114.465026,30.669184],[114.466107,30.669568],[114.464696,30.669247],[114.465038,30.669173],[114.468123,30.669717],[114.468368,30.669901],[114.468491,30.669801],[114.471688,30.671052],[114.471147,30.6709],[114.469424,30.670513],[114.465397,30.671173],[114.470993,30.670216],[114.471583,30.670549],[114.472114,30.670462],[114.475245,30.671355],[114.475793,30.671463],[114.476684,30.671363],[114.479047,30.671723],[114.479493,30.671617],[114.483314,30.671952],[114.483112,30.671821],[114.48492,30.671901],[114.491724,30.671593],[114.495878,30.671238],[114.495847,30.671295],[114.496935,30.670993],[114.499695,30.67086],[114.503673,30.670358],[114.507279,30.669727],[114.509364,30.669185],[114.514352,30.667359],[114.516416,30.666313],[114.519606,30.664201],[114.521809,30.662175],[114.521773,30.662026],[114.525225,30.658715],[114.52801,30.656861],[114.531843,30.651766],[114.532403,30.651563],[114.531848,30.651883],[114.540791,30.647488],[114.552734,30.652356],[114.555051,30.648231],[114.54224,30.643079],[114.527512,30.6491],[114.523899,30.653948],[114.521528,30.655416],[114.517689,30.659084],[114.516061,30.660781],[114.513385,30.662546],[114.512037,30.663233],[114.507451,30.664909],[114.506004,30.665279],[114.502759,30.665845],[114.499105,30.666307],[114.496325,30.666442],[114.494523,30.666857],[114.491351,30.667023],[114.484753,30.667322],[114.482989,30.667241],[114.479831,30.667045],[114.479593,30.667166],[114.477177,30.666802],[114.476264,30.666899],[114.473431,30.666023],[114.472924,30.666115],[114.472127,30.66574],[114.469603,30.665321],[114.469502,30.665292],[114.466629,30.664815],[114.46262,30.663759],[114.46104,30.663096],[114.460552,30.663154],[114.457846,30.659464],[114.452632,30.650917],[114.440778,30.657755],[114.436482,30.653604],[114.433519,30.652797],[114.432048,30.652159],[114.431155,30.652128],[114.42736,30.650949],[114.426069,30.650844],[114.425923,30.650634],[114.422338,30.649639],[114.418921,30.648918],[114.417836,30.648499],[114.41647,30.6478],[114.411392,30.646112],[114.40987,30.646068],[114.409233,30.645666],[114.402914,30.64393],[114.401131,30.643234],[114.399416,30.642964],[114.399237,30.642923],[114.396528,30.641854],[114.390906,30.638568],[114.388058,30.637254],[114.386664,30.636383],[114.38571,30.636177],[114.384822,30.635761],[114.383565,30.63512],[114.38249,30.634805],[114.376815,30.632103],[114.376416,30.631844],[114.376095,30.631409],[114.372454,30.62879],[114.362662,30.622157],[114.359436,30.619442],[114.356278,30.617217],[114.356146,30.616906],[114.353278,30.614789],[114.351919,30.613647],[114.337424,30.609887],[114.32069,30.617211],[114.323109,30.621292]]],[[[114.54188,30.647843],[114.552407,30.652229],[114.544542,30.654118],[114.544058,30.65517],[114.544507,30.653693],[114.544826,30.653502],[114.545357,30.652109],[114.545898,30.651765],[114.54597,30.651059],[114.547748,30.6488],[114.548218,30.647772],[114.549106,30.64684],[114.549081,30.646945],[114.549013,30.64664],[114.54965,30.645894],[114.550617,30.644039],[114.551112,30.643915],[114.552918,30.640108],[114.553196,30.63912],[114.553717,30.637061],[114.554895,30.635578],[114.555461,30.634365],[114.556054,30.633681],[114.556202,30.632994],[114.557065,30.632002],[114.55717,30.631186],[114.55949,30.626869],[114.559867,30.626065],[114.560223,30.62488],[114.561022,30.623841],[114.561183,30.623647],[114.561855,30.621211],[114.563892,30.619418],[114.562384,30.622462],[114.5623,30.620449],[114.563453,30.618935],[114.563554,30.618043],[114.564678,30.615652],[114.566088,30.61329],[114.566172,30.612787],[114.567493,30.610384],[114.567959,30.609986],[114.567823,30.609771],[114.569764,30.605933],[114.570556,30.605219],[114.569966,30.605836],[114.570341,30.605412],[114.571049,30.603427],[114.571466,30.60331],[114.571301,30.602943],[114.572997,30.599225],[114.574718,30.596955],[114.574689,30.596615],[114.577292,30.592491],[114.577531,30.591774],[114.5783,30.590757],[114.578789,30.589517],[114.57977,30.588208],[114.580462,30.58693],[114.58493,30.581525],[114.588037,30.578227],[114.590625,30.576009],[114.594965,30.573163],[114.600282,30.570556],[114.603604,30.569249],[114.608214,30.567877],[114.611908,30.566957],[114.612862,30.567032],[114.616005,30.565899],[114.619897,30.565287],[114.622631,30.564269],[114.6299,30.561185],[114.636999,30.561633],[114.640893,30.564281],[114.641014,30.564542],[114.6409,30.564308],[114.642807,30.56585],[114.642419,30.565859],[114.642829,30.56567],[114.642979,30.566105],[114.647757,30.567879],[114.656048,30.572782],[114.656701,30.573035],[114.656809,30.573084],[114.659919,30.573592],[114.664885,30.575477],[114.666143,30.576128],[114.668933,30.577075],[114.669871,30.57724],[114.669411,30.577287],[114.671934,30.577736],[114.672742,30.577656],[114.673239,30.57798],[114.674655,30.578125],[114.677045,30.578935],[114.682056,30.580166],[114.683144,30.581243],[114.681136,30.580829],[114.680749,30.580436],[114.685183,30.58074],[114.694741,30.583275],[114.701568,30.584669],[114.704136,30.585569],[114.704032,30.585688],[114.70447,30.585668],[114.705779,30.586293],[114.714387,30.589524],[114.724077,30.594255],[114.738954,30.602557],[114.741131,30.604034],[114.742771,30.604862],[114.743265,30.605314],[114.748296,30.60831],[114.751745,30.609846],[114.752171,30.610223],[114.752636,30.610269],[114.75378,30.61095],[114.755009,30.611449],[114.755687,30.612078],[114.754612,30.611508],[114.756148,30.611996],[114.756909,30.612613],[114.757798,30.613039],[114.761137,30.614509],[114.756555,30.614233],[114.7611,30.614179],[114.764354,30.615514],[114.763327,30.61824],[114.761729,30.615758],[114.762261,30.609472],[114.756952,30.609138],[114.75884,30.608044],[114.758011,30.607665],[114.756411,30.606967],[114.755104,30.60621],[114.754739,30.60621],[114.754397,30.605874],[114.751109,30.60442],[114.746381,30.6016],[114.745815,30.601103],[114.744189,30.600284],[114.741906,30.598744],[114.726873,30.590357],[114.716784,30.585433],[114.707969,30.582118],[114.706456,30.581417],[114.706207,30.581507],[114.702888,30.580231],[114.696169,30.578861],[114.686702,30.576349],[114.680752,30.576259],[114.678644,30.574566],[114.676142,30.573726],[114.674726,30.573582],[114.67393,30.57319],[114.672665,30.573198],[114.670832,30.572872],[114.670693,30.572751],[114.668336,30.571953],[114.667193,30.571349],[114.661647,30.569258],[114.65798,30.568615],[114.650474,30.56394],[114.645432,30.562039],[114.645468,30.561692],[114.644362,30.560807],[114.639912,30.557799],[114.627729,30.557003],[114.620375,30.56012],[114.618381,30.560896],[114.614532,30.561497],[114.61136,30.562637],[114.610827,30.562471],[114.606573,30.563519],[114.60168,30.564977],[114.597796,30.566506],[114.592055,30.569327],[114.587191,30.572509],[114.584038,30.575205],[114.580668,30.578781],[114.576034,30.584388],[114.575107,30.586],[114.574017,30.587487],[114.573502,30.588775],[114.572771,30.589725],[114.572541,30.590425],[114.569924,30.594574],[114.570069,30.594724],[114.568247,30.597157],[114.566223,30.601496],[114.565367,30.603782],[114.565051,30.603803],[114.562854,30.608137],[114.561227,30.611089],[114.561228,30.61142],[114.55986,30.613703],[114.558482,30.616652],[114.558612,30.617029],[114.557188,30.61917],[114.557097,30.619155],[114.55607,30.622371],[114.555399,30.622941],[114.554782,30.624707],[114.554626,30.625005],[114.552238,30.629459],[114.55223,30.630085],[114.551473,30.630888],[114.551228,30.631745],[114.550744,30.632239],[114.550259,30.633324],[114.548862,30.635181],[114.547975,30.638222],[114.547919,30.638529],[114.54635,30.641864],[114.544939,30.643757],[114.544197,30.643718],[114.54188,30.647843]]],[[[114.533164,30.650176],[114.535607,30.646494],[114.535516,30.646304],[114.536959,30.644038],[114.537856,30.643262],[114.539372,30.641043],[114.539572,30.641149],[114.542677,30.63584],[114.545376,30.632011],[114.551029,30.621287],[114.551303,30.620226],[114.551682,30.619791],[114.552031,30.618255],[114.554394,30.61214],[114.557391,30.603345],[114.559527,30.59857],[114.561605,30.593034],[114.567025,30.581354],[114.568489,30.5791],[114.570582,30.575026],[114.573956,30.570548],[114.576215,30.567141],[114.580146,30.562709],[114.580814,30.561902],[114.583162,30.559414],[114.586094,30.556999],[114.588505,30.555334],[114.593527,30.552525],[114.596881,30.551682],[114.597111,30.551596],[114.601873,30.54941],[114.607305,30.547267],[114.614103,30.545864],[114.615313,30.545857],[114.621111,30.545201],[114.624203,30.545244],[114.628811,30.546004],[114.632633,30.547175],[114.634753,30.548339],[114.637938,30.549764],[114.639606,30.550916],[114.640418,30.551303],[114.642158,30.552946],[114.643076,30.554135],[114.644775,30.556603],[114.644573,30.557264],[114.643484,30.554766],[114.644393,30.556574],[114.644265,30.556031],[114.644445,30.55638],[114.643892,30.556112],[114.647257,30.557028],[114.650187,30.558582],[114.650103,30.558683],[114.651633,30.559417],[114.651783,30.559866],[114.652392,30.5599],[114.653231,30.560499],[114.657072,30.56067],[114.663905,30.561685],[114.66462,30.562002],[114.664991,30.56179],[114.668595,30.562263],[114.671315,30.562893],[114.669869,30.562847],[114.669882,30.56257],[114.6716,30.562884],[114.672103,30.562798],[114.673319,30.56305],[114.673366,30.562919],[114.676015,30.563131],[114.676868,30.563372],[114.688839,30.564509],[114.695728,30.565441],[114.70149,30.566502],[114.704884,30.567522],[114.707416,30.56791],[114.710317,30.5687],[114.713928,30.569942],[114.718309,30.571988],[114.722022,30.573374],[114.725376,30.575274],[114.734432,30.579496],[114.738429,30.581896],[114.741821,30.584311],[114.742358,30.584896],[114.74355,30.585613],[114.746621,30.588062],[114.748577,30.589994],[114.749062,30.590839],[114.751515,30.593439],[114.753512,30.595962],[114.754815,30.598351],[114.755027,30.599458],[114.75279,30.596889],[114.755011,30.597974],[114.761951,30.602106],[114.76231,30.602162],[114.76801,30.603627],[114.768433,30.603892],[114.768973,30.603834],[114.771206,30.604488],[114.773025,30.600183],[114.77018,30.599372],[114.769773,30.599458],[114.769661,30.599272],[114.763966,30.597808],[114.759872,30.596922],[114.758063,30.593586],[114.755764,30.59068],[114.753352,30.588127],[114.75289,30.58731],[114.750371,30.58481],[114.747014,30.582135],[114.745862,30.581448],[114.745368,30.580895],[114.741654,30.578252],[114.737119,30.575542],[114.728022,30.571299],[114.724552,30.569343],[114.720658,30.567877],[114.716241,30.565816],[114.712134,30.564394],[114.708682,30.56346],[114.706297,30.563105],[114.70286,30.562075],[114.696681,30.560933],[114.689509,30.559964],[114.677529,30.558826],[114.676919,30.558617],[114.673431,30.558338],[114.672712,30.558247],[114.672438,30.55836],[114.669826,30.557989],[114.669594,30.557763],[114.665341,30.557219],[114.66497,30.557196],[114.657757,30.556127],[114.654601,30.555732],[114.653012,30.554847],[114.649311,30.552801],[114.64799,30.55276],[114.647246,30.55129],[114.646438,30.550225],[114.643829,30.547787],[114.642718,30.5472],[114.640718,30.545858],[114.637387,30.544359],[114.634922,30.543039],[114.630128,30.541565],[114.624948,30.540708],[114.62057,30.540643],[114.614753,30.541301],[114.613051,30.541373],[114.605613,30.542923],[114.599492,30.545313],[114.594713,30.547507],[114.591099,30.548448],[114.585448,30.551584],[114.582556,30.553576],[114.579256,30.556302],[114.576619,30.559083],[114.575905,30.559942],[114.571814,30.564566],[114.569424,30.568148],[114.565921,30.572816],[114.563699,30.577105],[114.562127,30.579562],[114.556621,30.591427],[114.554506,30.59705],[114.552329,30.601927],[114.549308,30.610786],[114.546939,30.616918],[114.546613,30.618391],[114.546319,30.618616],[114.546143,30.619468],[114.540602,30.629983],[114.538004,30.633645],[114.534911,30.638934],[114.53348,30.640651],[114.53265,30.641346],[114.530593,30.644559],[114.528536,30.64791],[114.533164,30.650176]]],[[[114.760806,30.622057],[114.761729,30.615758],[114.763411,30.606645],[114.774006,30.604686],[114.774725,30.600146],[114.759018,30.604057],[114.756431,30.615305],[114.755524,30.621486],[114.760806,30.622057]]]]}},{"type":"Feature","properties":{"id":"B4-L","band":"B4","name":"堤内洼地","bank":"左岸（北岸）","elev_wusong_m":28.5,"area_km2":89.952,"segmentCount":7},"geometry":{"type":"MultiPolygon","coordinates":[[[[113.840255,30.205136],[113.846464,30.215195],[113.846718,30.216508],[113.850944,30.224401],[113.851952,30.225743],[113.852995,30.228269],[113.855279,30.231018],[113.857673,30.234632],[113.860287,30.237269],[113.860542,30.237553],[113.861075,30.238612],[113.863709,30.241646],[113.864345,30.242022],[113.864687,30.242804],[113.866023,30.244401],[113.872741,30.257495],[113.877264,30.265075],[113.891454,30.274413],[113.91161,30.266772],[113.911225,30.250225],[113.903817,30.24042],[113.900842,30.237019],[113.897374,30.232643],[113.897794,30.233557],[113.897735,30.233236],[113.897656,30.232931],[113.898292,30.230157],[113.901233,30.222919],[113.901973,30.21953],[113.902264,30.218795],[113.903106,30.217912],[113.904738,30.214806],[113.90561,30.21161],[113.905994,30.208116],[113.905552,30.209379],[113.906529,30.207722],[113.905319,30.209203],[113.905062,30.209384],[113.904724,30.209529],[113.904461,30.209554],[113.906227,30.209416],[113.903574,30.20924],[113.908124,30.20981],[113.908414,30.209303],[113.905042,30.208582],[113.905569,30.208953],[113.907663,30.21048],[113.909436,30.211096],[113.91171,30.212165],[113.914252,30.212507],[113.916913,30.213103],[113.915007,30.212118],[113.917361,30.21378],[113.922596,30.215452],[113.923224,30.215449],[113.923917,30.215902],[113.926307,30.216346],[113.924537,30.215672],[113.927105,30.217167],[113.925415,30.216054],[113.929972,30.219024],[113.932324,30.219727],[113.935388,30.221035],[113.940442,30.222116],[113.946016,30.222391],[113.953018,30.221586],[113.957832,30.220455],[113.962252,30.218789],[113.966028,30.217042],[113.971545,30.213934],[113.970062,30.214517],[113.971503,30.214144],[113.973896,30.214192],[113.977297,30.214487],[113.98329,30.212994],[113.988224,30.210832],[113.989703,30.209879],[113.991126,30.209522],[113.996068,30.20736],[113.996659,30.207316],[114.000905,30.205743],[114.005287,30.203885],[114.01042,30.201306],[114.01467,30.197744],[114.014974,30.197098],[114.012107,30.199474],[114.013993,30.19862],[114.016266,30.197022],[114.017847,30.196268],[114.019347,30.194947],[114.021266,30.193509],[114.020939,30.193428],[114.022816,30.192099],[114.024226,30.190751],[114.020137,30.192894],[114.025324,30.190279],[114.027778,30.187874],[114.028449,30.186696],[114.020834,30.191514],[114.02617,30.189528],[114.027437,30.188343],[114.031738,30.185557],[114.036232,30.18108],[114.03849,30.176289],[114.03925,30.172285],[114.038275,30.166356],[114.035081,30.161767],[114.033739,30.160546],[114.033928,30.160492],[114.034591,30.16183],[114.034067,30.170994],[114.033827,30.171406],[114.036864,30.168798],[114.041263,30.172617],[114.044502,30.177717],[114.041486,30.183981],[114.035877,30.189588],[114.032923,30.190918],[114.029596,30.194206],[114.027098,30.196017],[114.025458,30.197141],[114.023568,30.198914],[114.021625,30.200556],[114.019918,30.200655],[114.01366,30.205911],[114.008253,30.208626],[114.00351,30.21064],[113.998906,30.212343],[113.998661,30.212262],[113.993734,30.214418],[113.992585,30.214659],[113.991339,30.215502],[113.985712,30.217961],[113.978087,30.219833],[113.973401,30.219565],[113.972118,30.219508],[113.971778,30.219699],[113.969283,30.221639],[113.96496,30.223644],[113.959959,30.225522],[113.954137,30.226888],[113.946408,30.227771],[113.939535,30.227449],[113.933204,30.226083],[113.929854,30.224676],[113.927324,30.223904],[113.92171,30.220944],[113.92108,30.22051],[113.920912,30.220642],[113.914358,30.218503],[113.913077,30.217801],[113.909682,30.217262],[113.906673,30.215928],[113.906654,30.214793],[113.907521,30.214346],[113.908943,30.213604],[113.910683,30.216436],[113.908425,30.220727],[113.907855,30.221183],[113.907208,30.224467],[113.904278,30.231675],[113.903852,30.233555],[113.905918,30.233886],[113.908979,30.237392],[113.916417,30.247237],[113.915705,30.270839],[113.892004,30.279781],[113.871763,30.267619],[113.867092,30.259783],[113.860393,30.246723],[113.859346,30.245589],[113.859294,30.245186],[113.85896,30.245142],[113.855828,30.241528],[113.855186,30.240316],[113.852531,30.237684],[113.850022,30.23392],[113.84752,30.230853],[113.846266,30.22796],[113.845346,30.226778],[113.840968,30.218598],[113.840863,30.217567],[113.834751,30.207671],[113.840255,30.205136]]],[[[114.038051,30.170209],[114.038904,30.170731],[114.043919,30.173497],[114.05561,30.155679],[114.052419,30.153509],[114.056149,30.149191],[114.059957,30.151816],[114.04207,30.178645],[114.03481,30.174795],[114.034303,30.174515],[114.038051,30.170209]]],[[[113.879992,30.269216],[113.88214,30.272474],[113.886026,30.277625],[113.890586,30.282842],[113.894806,30.286977],[113.898846,30.290096],[113.903916,30.294916],[113.912387,30.302307],[113.916125,30.30517],[113.922577,30.309385],[113.927949,30.312149],[113.929121,30.313392],[113.931505,30.313845],[113.934341,30.31527],[113.939589,30.316626],[113.948471,30.317874],[113.959182,30.318222],[113.966465,30.317198],[113.971363,30.315686],[113.974914,30.313932],[113.979077,30.311149],[113.981559,30.309019],[113.983236,30.308281],[113.985462,30.306294],[113.985085,30.306613],[113.985042,30.306596],[113.987737,30.305324],[113.991431,30.302484],[113.99366,30.301312],[113.997549,30.29856],[113.999962,30.296444],[113.994791,30.296564],[113.989577,30.296168],[114.008976,30.283719],[114.007915,30.288114],[114.007998,30.29092],[114.013405,30.28638],[114.018211,30.28195],[114.020813,30.278941],[114.022489,30.277775],[114.027042,30.272379],[114.029482,30.268285],[114.030362,30.267406],[114.032872,30.262228],[114.035897,30.256567],[114.038366,30.251017],[114.039321,30.24755],[114.040227,30.245836],[114.042444,30.24246],[114.044187,30.240327],[114.044467,30.23993],[114.046766,30.238326],[114.046493,30.238518],[114.04683,30.238404],[114.047275,30.238292],[114.045782,30.238229],[114.047325,30.238623],[114.046606,30.238347],[114.047439,30.238827],[114.047763,30.239067],[114.050626,30.241646],[114.051007,30.242085],[114.053304,30.24534],[114.061081,30.258238],[114.063809,30.26446],[114.065414,30.268668],[114.067577,30.275746],[114.069611,30.283482],[114.070374,30.289926],[114.071182,30.302407],[114.07224,30.309903],[114.073052,30.313086],[114.073059,30.313828],[114.073282,30.313991],[114.073516,30.31612],[114.075856,30.32394],[114.076849,30.325726],[114.077134,30.327406],[114.080938,30.334249],[114.084278,30.338483],[114.085418,30.341876],[114.087246,30.345469],[114.08778,30.346063],[114.089994,30.349656],[114.09202,30.352189],[114.095423,30.355814],[114.098917,30.358827],[114.102088,30.361169],[114.103166,30.361689],[114.105357,30.362984],[114.111317,30.363948],[114.106111,30.362928],[114.109028,30.364309],[114.107635,30.363371],[114.109422,30.364895],[114.112733,30.366708],[114.113068,30.36721],[114.114574,30.367821],[114.116341,30.369106],[114.116022,30.3686],[114.114899,30.367855],[114.115888,30.368623],[114.116996,30.370867],[114.11998,30.373506],[114.119368,30.372851],[114.118886,30.372435],[114.121215,30.375742],[114.123055,30.377525],[114.122567,30.377177],[114.124756,30.379792],[114.12802,30.383143],[114.128984,30.383792],[114.128347,30.383354],[114.135584,30.392027],[114.140187,30.398064],[114.143568,30.400554],[114.141081,30.398354],[114.139388,30.393369],[114.140012,30.397419],[114.154942,30.405392],[114.170786,30.400346],[114.172991,30.40539],[114.156309,30.410652],[114.135162,30.401267],[114.130451,30.3951],[114.123424,30.386794],[114.119863,30.383142],[114.117313,30.380092],[114.11617,30.378921],[114.113374,30.374971],[114.111782,30.373835],[114.111088,30.372294],[114.109489,30.371627],[114.109029,30.371048],[114.105793,30.369282],[114.103269,30.367728],[114.102561,30.367804],[114.099707,30.366176],[114.09826,30.365428],[114.094663,30.362773],[114.090764,30.359403],[114.087083,30.35549],[114.084591,30.352361],[114.082356,30.348734],[114.081661,30.347881],[114.079554,30.343731],[114.078691,30.340891],[114.075498,30.336896],[114.071356,30.32945],[114.070876,30.327298],[114.06988,30.325502],[114.06742,30.317287],[114.067128,30.314898],[114.066907,30.314039],[114.066069,30.310722],[114.064959,30.302833],[114.064149,30.290325],[114.063457,30.284381],[114.061513,30.277021],[114.05942,30.270168],[114.057941,30.266292],[114.05544,30.260542],[114.047815,30.247902],[114.045781,30.245029],[114.047952,30.24365],[114.048536,30.243588],[114.04874,30.243857],[114.047742,30.245306],[114.04578,30.248292],[114.045239,30.249258],[114.044303,30.252674],[114.041634,30.258685],[114.038582,30.264402],[114.035992,30.26973],[114.034871,30.271002],[114.032335,30.275234],[114.02727,30.28124],[114.025485,30.282515],[114.022953,30.285454],[114.017852,30.290163],[114.012205,30.294901],[113.997341,30.305665],[113.99528,30.306728],[113.991552,30.30959],[113.98807,30.311309],[113.987037,30.312556],[113.985461,30.313226],[113.983161,30.315226],[113.978546,30.318316],[113.973851,30.32063],[113.967977,30.322428],[113.959398,30.323608],[113.947871,30.323239],[113.938377,30.321913],[113.931854,30.320214],[113.929231,30.318864],[113.926008,30.318065],[113.924301,30.316523],[113.919065,30.313842],[113.91222,30.309376],[113.908021,30.30616],[113.899407,30.298642],[113.894413,30.29389],[113.89038,30.290778],[113.885727,30.286225],[113.880921,30.280726],[113.876832,30.275308],[113.874563,30.271873],[113.879992,30.269216]]],[[[114.142238,30.400887],[114.147316,30.407715],[114.152893,30.41617],[114.154981,30.418951],[114.156187,30.420106],[114.157215,30.422434],[114.158973,30.425125],[114.158738,30.425116],[114.160531,30.428653],[114.161678,30.429873],[114.161308,30.429647],[114.162424,30.431361],[114.166795,30.43987],[114.170265,30.445622],[114.173522,30.450125],[114.176672,30.453938],[114.183286,30.461017],[114.186109,30.463485],[114.189171,30.465311],[114.189635,30.465351],[114.190979,30.466586],[114.194869,30.468694],[114.193932,30.468064],[114.200026,30.473351],[114.20186,30.475111],[114.202915,30.476542],[114.205044,30.477892],[114.202963,30.475984],[114.205932,30.480154],[114.207434,30.481482],[114.207874,30.48229],[114.212795,30.488085],[114.217924,30.493877],[114.218736,30.494483],[114.220555,30.496926],[114.222886,30.499376],[114.225822,30.503451],[114.226305,30.503729],[114.228273,30.506467],[114.229782,30.507992],[114.23134,30.510102],[114.232642,30.511182],[114.23164,30.510319],[114.239121,30.519338],[114.240543,30.520708],[114.242198,30.522773],[114.243133,30.523584],[114.245038,30.525734],[114.24674,30.527217],[114.248972,30.529537],[114.248918,30.528996],[114.249199,30.529392],[114.256449,30.539391],[114.257393,30.541224],[114.258327,30.54223],[114.258866,30.54334],[114.262413,30.54647],[114.257769,30.539696],[114.258557,30.54286],[114.260214,30.545423],[114.262708,30.550071],[114.262797,30.549871],[114.275204,30.558916],[114.290401,30.555612],[114.292077,30.560805],[114.275331,30.564304],[114.257021,30.551946],[114.254609,30.54782],[114.253454,30.546046],[114.252962,30.545004],[114.251956,30.543891],[114.251077,30.542155],[114.243958,30.532336],[114.241995,30.53073],[114.240284,30.529239],[114.238315,30.527022],[114.237249,30.526071],[114.235592,30.524003],[114.234088,30.52254],[114.226511,30.513404],[114.226341,30.513343],[114.224722,30.511161],[114.223154,30.509565],[114.221183,30.506823],[114.220642,30.506472],[114.217752,30.502455],[114.215504,30.500105],[114.213723,30.497706],[114.21304,30.497245],[114.207785,30.491312],[114.202755,30.485386],[114.202513,30.484808],[114.200806,30.483242],[114.198375,30.480249],[114.196937,30.478434],[114.195515,30.477084],[114.189538,30.471899],[114.187244,30.470908],[114.185971,30.469718],[114.181841,30.467425],[114.178506,30.464492],[114.171731,30.45724],[114.168314,30.453106],[114.164824,30.448277],[114.161142,30.442171],[114.156752,30.433626],[114.155659,30.431954],[114.15515,30.431396],[114.152802,30.426805],[114.151588,30.424779],[114.150748,30.422761],[114.149903,30.422094],[114.147495,30.418887],[114.141962,30.410493],[114.136977,30.403795],[114.142238,30.400887]]],[[[114.264291,30.551581],[114.266201,30.556455],[114.269296,30.562103],[114.272327,30.566839],[114.273253,30.568085],[114.27437,30.569502],[114.27402,30.563463],[114.272503,30.567769],[114.277335,30.57549],[114.27989,30.576985],[114.278512,30.57597],[114.278851,30.576346],[114.280474,30.578867],[114.281355,30.580572],[114.283144,30.582826],[114.28563,30.587221],[114.286738,30.588643],[114.287482,30.59017],[114.290422,30.594907],[114.291628,30.596236],[114.295715,30.602784],[114.297582,30.605166],[114.30035,30.609573],[114.303339,30.613242],[114.303058,30.612618],[114.30388,30.614138],[114.304828,30.615185],[114.305049,30.61545],[114.305775,30.617299],[114.308724,30.620984],[114.306978,30.618017],[114.306987,30.61891],[114.310439,30.624453],[114.326001,30.636744],[114.347691,30.628554],[114.350537,30.633355],[114.325926,30.642133],[114.305071,30.627231],[114.301284,30.621138],[114.301141,30.619972],[114.300174,30.619708],[114.299339,30.617662],[114.298481,30.616869],[114.297692,30.615398],[114.294992,30.612363],[114.292183,30.607897],[114.290284,30.605467],[114.286208,30.598935],[114.285037,30.597656],[114.281889,30.592591],[114.281227,30.591202],[114.280104,30.589754],[114.277667,30.585438],[114.275949,30.58329],[114.274911,30.581338],[114.273546,30.579207],[114.272895,30.57929],[114.267999,30.571014],[114.266885,30.569503],[114.263722,30.564555],[114.260406,30.558493],[114.258352,30.553282],[114.264291,30.551581]]],[[[114.316245,30.632259],[114.326451,30.645059],[114.32993,30.648869],[114.334183,30.65288],[114.332553,30.650156],[114.33412,30.653997],[114.336899,30.656253],[114.342675,30.661959],[114.344322,30.663931],[114.345357,30.664683],[114.347322,30.667442],[114.349208,30.668983],[114.350564,30.670507],[114.351362,30.671847],[114.355615,30.676966],[114.359326,30.680748],[114.362569,30.683561],[114.359393,30.677143],[114.377239,30.667733],[114.373981,30.666105],[114.36154,30.683701],[114.364972,30.68611],[114.368545,30.688064],[114.37455,30.690946],[114.37613,30.691531],[114.379046,30.693175],[114.383239,30.695006],[114.389292,30.697275],[114.392518,30.698821],[114.397412,30.700115],[114.398687,30.700056],[114.396978,30.699815],[114.409172,30.703461],[114.417881,30.705672],[114.427877,30.707739],[114.437414,30.709153],[114.447578,30.710218],[114.456972,30.710455],[114.466793,30.709574],[114.475959,30.708412],[114.485459,30.706953],[114.495338,30.705087],[114.502131,30.703346],[114.503004,30.703247],[114.508631,30.701687],[114.511831,30.701069],[114.513975,30.700154],[114.514807,30.700065],[114.520471,30.69827],[114.521041,30.698094],[114.524432,30.697389],[114.524889,30.696865],[114.532002,30.694459],[114.537793,30.691646],[114.541133,30.689542],[114.544064,30.686854],[114.543999,30.686631],[114.544097,30.686573],[114.545783,30.685575],[114.549203,30.682407],[114.550582,30.680764],[114.552545,30.678767],[114.555942,30.673525],[114.557983,30.668671],[114.557396,30.661662],[114.557851,30.667691],[114.55821,30.667166],[114.557861,30.65967],[114.558549,30.663769],[114.558755,30.663998],[114.558573,30.66372],[114.556133,30.668736],[114.557934,30.666783],[114.560625,30.662052],[114.566259,30.66441],[114.564998,30.664466],[114.564173,30.668823],[114.563921,30.66903],[114.563982,30.670229],[114.561626,30.675794],[114.557818,30.68168],[114.555446,30.684162],[114.554011,30.685864],[114.550048,30.689524],[114.548082,30.690733],[114.545171,30.693664],[114.541103,30.696223],[114.534633,30.699351],[114.52746,30.70178],[114.527048,30.702287],[114.522309,30.703372],[114.516821,30.705169],[114.51627,30.705169],[114.513807,30.706184],[114.510353,30.706869],[114.504789,30.708414],[114.503818,30.708537],[114.496871,30.710313],[114.486683,30.712239],[114.47697,30.713731],[114.467583,30.714921],[114.457231,30.71584],[114.447074,30.71559],[114.436505,30.714486],[114.426604,30.713017],[114.41627,30.710881],[114.407225,30.708585],[114.396326,30.705423],[114.389899,30.703718],[114.386589,30.702138],[114.380619,30.699902],[114.375916,30.697844],[114.373007,30.696204],[114.37161,30.695706],[114.365394,30.692723],[114.361325,30.690493],[114.357261,30.687638],[114.350643,30.680247],[114.346154,30.674843],[114.345387,30.673543],[114.344519,30.672557],[114.342339,30.67071],[114.340324,30.667893],[114.33952,30.667394],[114.337865,30.665413],[114.332337,30.659947],[114.328969,30.657065],[114.326549,30.651694],[114.325176,30.652379],[114.321333,30.648166],[114.31108,30.635308],[114.316245,30.632259]]],[[[114.762549,30.63221],[114.767438,30.634072],[114.769954,30.634706],[114.770483,30.635039],[114.774837,30.63615],[114.773075,30.641322],[114.768433,30.640132],[114.767786,30.639762],[114.765162,30.639094],[114.759999,30.637133],[114.762549,30.63221]]]]}},{"type":"Feature","properties":{"id":"B4-R","band":"B4","name":"堤内洼地","bank":"右岸（南岸）","elev_wusong_m":28.5,"area_km2":110.947,"segmentCount":8},"geometry":{"type":"MultiPolygon","coordinates":[[[[113.840427,30.195151],[113.854256,30.17425],[113.860789,30.169566],[113.859044,30.170506],[113.860416,30.169566],[113.863509,30.168095],[113.867181,30.166964],[113.871224,30.166551],[113.877657,30.166601],[113.882351,30.167013],[113.889553,30.168704],[113.8968,30.170884],[113.901151,30.172669],[113.909247,30.176576],[113.912485,30.178576],[113.922415,30.182741],[113.926797,30.184951],[113.933451,30.188845],[113.938283,30.191385],[113.940724,30.192352],[113.943256,30.193902],[113.938888,30.192629],[113.93856,30.192705],[113.944651,30.191864],[113.947331,30.190989],[113.950316,30.189495],[113.952131,30.188945],[113.951194,30.18941],[113.952733,30.188464],[113.953894,30.186996],[113.956958,30.185542],[113.956209,30.185748],[113.960889,30.182752],[113.962901,30.181222],[113.965605,30.179878],[113.966594,30.179093],[113.968618,30.178291],[113.966537,30.179621],[113.969732,30.176686],[113.974498,30.173996],[113.974284,30.17462],[113.973562,30.174526],[113.976934,30.171828],[113.973819,30.17739],[113.973565,30.177533],[113.978491,30.169206],[113.978429,30.170122],[113.978764,30.168668],[113.980729,30.166418],[113.982537,30.163956],[113.985413,30.161583],[113.986618,30.160248],[113.988709,30.158864],[113.990895,30.157092],[113.992618,30.156433],[113.996695,30.153647],[113.997384,30.153426],[113.999015,30.15198],[114.005316,30.150315],[114.004805,30.144943],[113.995643,30.147447],[113.993253,30.149389],[113.992987,30.149314],[113.989083,30.151993],[113.987326,30.152672],[113.984615,30.1548],[113.982315,30.156348],[113.980902,30.157863],[113.977778,30.160474],[113.975597,30.163358],[113.97334,30.16601],[113.973577,30.166738],[113.965576,30.172668],[113.96332,30.174506],[113.962139,30.175398],[113.959322,30.176809],[113.957037,30.178514],[113.952377,30.181495],[113.949785,30.182942],[113.948414,30.184577],[113.947657,30.184971],[113.947536,30.18467],[113.944787,30.186068],[113.943192,30.186624],[113.941335,30.186684],[113.936834,30.184317],[113.930183,30.180425],[113.925252,30.177941],[113.915458,30.173839],[113.912468,30.171961],[113.904094,30.167918],[113.899068,30.165863],[113.891405,30.163557],[113.883677,30.161747],[113.877853,30.161214],[113.871108,30.161162],[113.865824,30.161704],[113.860823,30.163231],[113.857007,30.165053],[113.855632,30.165995],[113.848898,30.171494],[113.835012,30.192476],[113.840427,30.195151]]],[[[113.885528,30.254687],[113.901357,30.248857],[113.915272,30.255311],[113.918378,30.258741],[113.925147,30.265768],[113.926102,30.26647],[113.925083,30.265967],[113.926306,30.266395],[113.928585,30.268716],[113.928914,30.268771],[113.932519,30.272131],[113.933319,30.273098],[113.934487,30.274057],[113.935339,30.275316],[113.934377,30.274435],[113.943443,30.281135],[113.944286,30.281536],[113.946337,30.282371],[113.948271,30.283037],[113.949336,30.283354],[113.952716,30.283714],[113.957022,30.283952],[113.956136,30.284023],[113.961887,30.283177],[113.96835,30.282599],[113.967987,30.282768],[113.969896,30.281958],[113.969883,30.282021],[113.973117,30.279505],[113.980062,30.27315],[113.987325,30.26581],[113.992989,30.259652],[113.99566,30.256309],[113.998212,30.25238],[114.0033,30.243069],[114.009541,30.230903],[114.014428,30.223488],[114.022458,30.213004],[114.025441,30.21068],[114.025935,30.209572],[114.032208,30.205358],[114.037761,30.203792],[114.043045,30.203461],[114.045694,30.203807],[114.044141,30.20367],[114.044331,30.203722],[114.04761,30.203688],[114.050352,30.204547],[114.053089,30.205433],[114.052536,30.205631],[114.051817,30.205045],[114.056683,30.206595],[114.060637,30.209078],[114.061503,30.210091],[114.061077,30.209534],[114.062284,30.210424],[114.063014,30.210638],[114.066782,30.213352],[114.069583,30.216507],[114.071867,30.221748],[114.071275,30.220332],[114.070985,30.219199],[114.07213,30.221381],[114.071661,30.220898],[114.075017,30.223941],[114.081926,30.231337],[114.085657,30.235662],[114.089157,30.240734],[114.086843,30.238537],[114.089975,30.240744],[114.091652,30.243176],[114.095273,30.247335],[114.097526,30.251275],[114.097967,30.252629],[114.099653,30.256304],[114.102505,30.264976],[114.104134,30.275324],[114.10609,30.280835],[114.106416,30.283293],[114.106859,30.285584],[114.106731,30.287486],[114.107187,30.288137],[114.107334,30.292226],[114.107027,30.293954],[114.107359,30.294835],[114.107117,30.297697],[114.107098,30.297928],[114.108383,30.301161],[114.108786,30.303292],[114.108874,30.302731],[114.108522,30.302767],[114.112636,30.307814],[114.117864,30.313324],[114.120152,30.315447],[114.128743,30.322722],[114.131926,30.326546],[114.133595,30.329021],[114.134755,30.331322],[114.136552,30.336037],[114.136219,30.338388],[114.136256,30.339573],[114.136437,30.340544],[114.136279,30.346174],[114.135099,30.34913],[114.13509,30.344132],[114.132729,30.340515],[114.135991,30.34369],[114.13652,30.34555],[114.137583,30.346648],[114.139446,30.348331],[114.141201,30.349586],[114.144203,30.352653],[114.147014,30.358256],[114.145188,30.354307],[114.14719,30.356642],[114.148861,30.35931],[114.150167,30.362876],[114.149674,30.362284],[114.146083,30.357788],[114.14858,30.359361],[114.149976,30.361011],[114.150148,30.3609],[114.153706,30.36449],[114.15341,30.364441],[114.159129,30.369667],[114.160582,30.370746],[114.161885,30.372109],[114.162029,30.372035],[114.1625,30.37256],[114.166224,30.375359],[114.169188,30.378175],[114.172641,30.380777],[114.175908,30.384223],[114.180785,30.380854],[114.177131,30.377029],[114.173557,30.374321],[114.170584,30.371499],[114.166723,30.368588],[114.1662,30.368022],[114.165058,30.366986],[114.163593,30.365896],[114.158052,30.360834],[114.154711,30.357219],[114.154568,30.357119],[114.152385,30.353649],[114.150497,30.351468],[114.149037,30.349239],[114.145714,30.34586],[114.14378,30.344449],[114.14237,30.343185],[114.142009,30.342978],[114.142681,30.340436],[114.142491,30.339275],[114.142451,30.338737],[114.142794,30.33587],[114.140251,30.328763],[114.139187,30.326621],[114.137171,30.323621],[114.133304,30.31904],[114.124578,30.311645],[114.122616,30.309827],[114.117605,30.30455],[114.114406,30.299743],[114.113169,30.29667],[114.1136,30.294726],[114.113269,30.293954],[114.113562,30.292586],[114.113346,30.28726],[114.112935,30.286888],[114.113089,30.285246],[114.112607,30.282609],[114.112138,30.279503],[114.110258,30.274286],[114.108624,30.26392],[114.105592,30.25465],[114.103826,30.250777],[114.103327,30.249288],[114.100485,30.244372],[114.096801,30.240131],[114.094735,30.237259],[114.090664,30.234276],[114.090863,30.232691],[114.086828,30.228003],[114.079769,30.22045],[114.076434,30.217428],[114.076466,30.216625],[114.074687,30.213408],[114.071482,30.209809],[114.066267,30.206039],[114.065707,30.205918],[114.065115,30.205326],[114.05948,30.201777],[114.05299,30.199752],[114.05275,30.199571],[114.048673,30.198377],[114.043817,30.198351],[114.043397,30.19808],[114.036279,30.198556],[114.030046,30.200303],[114.020763,30.206559],[114.020708,30.20717],[114.017453,30.209788],[114.009138,30.220632],[114.003934,30.22854],[113.997623,30.240833],[113.992633,30.249965],[113.990358,30.253468],[113.988005,30.256409],[113.982515,30.262375],[113.975415,30.269552],[113.968697,30.275699],[113.965872,30.277697],[113.961051,30.277835],[113.955263,30.278686],[113.95331,30.278349],[113.950516,30.278061],[113.950324,30.277947],[113.948846,30.277436],[113.947294,30.276813],[113.939375,30.270705],[113.93797,30.269504],[113.937223,30.268589],[113.933325,30.264958],[113.933172,30.26506],[113.930446,30.262361],[113.929871,30.262246],[113.923217,30.255337],[113.920303,30.252121],[113.900104,30.243577],[113.882987,30.249764],[113.885528,30.254687]]],[[[114.148095,30.385646],[114.164309,30.380534],[114.178054,30.386056],[114.185059,30.393902],[114.186153,30.395717],[114.185926,30.395139],[114.18636,30.395909],[114.188284,30.397972],[114.18974,30.400312],[114.192673,30.404377],[114.198286,30.414539],[114.200815,30.4197],[114.201791,30.423582],[114.202,30.427738],[114.201683,30.42983],[114.200831,30.425519],[114.203401,30.43034],[114.204379,30.43147],[114.206847,30.435345],[114.205769,30.434195],[114.208943,30.436292],[114.208477,30.436147],[114.210124,30.437022],[114.211149,30.437393],[114.218531,30.441559],[114.225382,30.445863],[114.228806,30.447572],[114.235521,30.452827],[114.242836,30.459076],[114.244635,30.461573],[114.2483,30.464588],[114.251169,30.468153],[114.251162,30.468545],[114.250471,30.467712],[114.251603,30.468534],[114.253772,30.471093],[114.255542,30.473927],[114.255947,30.475236],[114.254848,30.473497],[114.255551,30.474016],[114.258547,30.477991],[114.260402,30.481574],[114.260061,30.481462],[114.261703,30.483386],[114.264844,30.488635],[114.265396,30.489152],[114.267147,30.490488],[114.269939,30.493745],[114.268481,30.492368],[114.269271,30.492897],[114.269376,30.493185],[114.272453,30.495906],[114.275078,30.499096],[114.276037,30.501871],[114.271787,30.496158],[114.272792,30.496651],[114.276393,30.499917],[114.275193,30.498972],[114.276682,30.500055],[114.280875,30.503973],[114.284736,30.50811],[114.285188,30.508861],[114.289228,30.513431],[114.29209,30.517493],[114.294264,30.521959],[114.295385,30.524825],[114.296226,30.528532],[114.296017,30.529093],[114.291286,30.521577],[114.295846,30.526613],[114.28955,30.522144],[114.282615,30.52117],[114.294936,30.53898],[114.292483,30.540184],[114.28602,30.522426],[114.282565,30.522415],[114.295561,30.538682],[114.294516,30.539656],[114.295071,30.539245],[114.293979,30.540642],[114.294846,30.533217],[114.294793,30.532386],[114.296164,30.53675],[114.296098,30.538099],[114.296043,30.537776],[114.296471,30.539149],[114.295352,30.536957],[114.295399,30.536174],[114.297036,30.539788],[114.297496,30.541237],[114.286227,30.535362],[114.285726,30.529989],[114.301422,30.523408],[114.300095,30.520005],[114.297689,30.515088],[114.294341,30.510324],[114.290249,30.505692],[114.289729,30.504863],[114.285616,30.500456],[114.281146,30.496279],[114.280666,30.496674],[114.277049,30.49225],[114.274002,30.489557],[114.273812,30.48919],[114.272982,30.488625],[114.271842,30.486927],[114.270012,30.485514],[114.267127,30.480701],[114.265542,30.478865],[114.264002,30.475354],[114.261302,30.471829],[114.259066,30.468224],[114.256287,30.464963],[114.254838,30.463854],[114.252894,30.460931],[114.249387,30.458068],[114.247499,30.455485],[114.239833,30.448923],[114.232698,30.443354],[114.228879,30.441395],[114.222086,30.437125],[114.214468,30.432825],[114.213174,30.432317],[114.212047,30.431723],[114.209829,30.430096],[114.209762,30.42873],[114.208962,30.427878],[114.208249,30.427862],[114.208019,30.423116],[114.206665,30.417801],[114.203966,30.41229],[114.198223,30.4019],[114.195119,30.397569],[114.193491,30.394992],[114.19143,30.392757],[114.191013,30.392007],[114.190116,30.390735],[114.182891,30.382644],[114.163134,30.37524],[114.14589,30.380603],[114.148095,30.385646]]],[[[114.272563,30.538345],[114.28677,30.535335],[114.299604,30.546801],[114.298985,30.545752],[114.300215,30.548019],[114.301189,30.548974],[114.304182,30.553389],[114.30458,30.553921],[114.307693,30.556846],[114.311163,30.560694],[114.314676,30.565857],[114.314917,30.566472],[114.315613,30.567255],[114.319273,30.574027],[114.319879,30.574414],[114.324132,30.58032],[114.325041,30.581162],[114.326782,30.583634],[114.329201,30.58754],[114.329869,30.589477],[114.330722,30.591831],[114.330616,30.592752],[114.329844,30.58974],[114.32924,30.588861],[114.340984,30.602711],[114.351171,30.61245],[114.355831,30.608849],[114.345874,30.599343],[114.335744,30.587615],[114.334904,30.585315],[114.332253,30.581012],[114.33015,30.578046],[114.329359,30.577353],[114.325116,30.571461],[114.324826,30.571539],[114.321232,30.564879],[114.320277,30.563688],[114.320151,30.563244],[114.316384,30.557721],[114.312459,30.553351],[114.309385,30.550468],[114.306481,30.546097],[114.305711,30.545439],[114.304903,30.543999],[114.286552,30.529949],[114.27094,30.533139],[114.272563,30.538345]]],[[[114.32069,30.617211],[114.337424,30.609887],[114.351919,30.613647],[114.353278,30.614789],[114.356146,30.616906],[114.356278,30.617217],[114.359436,30.619442],[114.362662,30.622157],[114.372454,30.62879],[114.376095,30.631409],[114.376416,30.631844],[114.376815,30.632103],[114.38249,30.634805],[114.383565,30.63512],[114.384822,30.635761],[114.385944,30.636147],[114.38571,30.636177],[114.386546,30.636416],[114.385427,30.63617],[114.386664,30.636383],[114.388058,30.637254],[114.390906,30.638568],[114.396528,30.641854],[114.399237,30.642923],[114.399416,30.642964],[114.401131,30.643234],[114.402914,30.64393],[114.409233,30.645666],[114.40987,30.646068],[114.411392,30.646112],[114.41647,30.6478],[114.417836,30.648499],[114.419572,30.648899],[114.418921,30.648918],[114.422338,30.649639],[114.422815,30.650055],[114.421965,30.649634],[114.425923,30.650634],[114.426069,30.650844],[114.42736,30.650949],[114.431155,30.652128],[114.432048,30.652159],[114.433519,30.652797],[114.436482,30.653604],[114.442284,30.655742],[114.445255,30.657047],[114.440778,30.657755],[114.432449,30.666675],[114.436565,30.673607],[114.434043,30.65932],[114.432107,30.664271],[114.432245,30.661851],[114.432061,30.662189],[114.432216,30.658931],[114.435011,30.653013],[114.433392,30.656126],[114.433073,30.656072],[114.433375,30.656197],[114.439914,30.64717],[114.457379,30.657946],[114.456396,30.661249],[114.45642,30.655576],[114.452632,30.650917],[114.450858,30.649802],[114.457846,30.659464],[114.457556,30.666939],[114.45398,30.660587],[114.454506,30.660954],[114.460552,30.663154],[114.46104,30.663096],[114.46262,30.663759],[114.466629,30.664815],[114.468439,30.665449],[114.465554,30.664725],[114.46581,30.66464],[114.469502,30.665292],[114.469679,30.665461],[114.469603,30.665321],[114.474889,30.66739],[114.473831,30.666942],[114.469878,30.665948],[114.46245,30.667356],[114.472127,30.66574],[114.472924,30.666115],[114.473431,30.666023],[114.476699,30.666948],[114.476264,30.666899],[114.477177,30.666802],[114.479593,30.667166],[114.479831,30.667045],[114.48363,30.667379],[114.482989,30.667241],[114.484753,30.667322],[114.491351,30.667023],[114.49534,30.66668],[114.494523,30.666857],[114.496325,30.666442],[114.499105,30.666307],[114.502759,30.665845],[114.506004,30.665279],[114.507451,30.664909],[114.512037,30.663233],[114.513385,30.662546],[114.516061,30.660781],[114.517812,30.659147],[114.517689,30.659084],[114.521528,30.655416],[114.523899,30.653948],[114.527512,30.6491],[114.528181,30.64877],[114.527151,30.649723],[114.54224,30.643079],[114.555051,30.648231],[114.557778,30.643378],[114.543945,30.637893],[114.522417,30.645964],[114.519063,30.650521],[114.517179,30.651536],[114.512885,30.655624],[114.511891,30.656758],[114.50982,30.658113],[114.509314,30.658378],[114.5052,30.659879],[114.504505,30.660046],[114.501685,30.660535],[114.498411,30.66095],[114.495607,30.661088],[114.492965,30.661637],[114.490912,30.661646],[114.484556,30.661935],[114.482845,30.661853],[114.480229,30.661666],[114.477757,30.661435],[114.476818,30.661531],[114.474981,30.6608],[114.474501,30.660899],[114.473462,30.660473],[114.470412,30.660578],[114.468515,30.659675],[114.464724,30.658682],[114.463079,30.657999],[114.462807,30.658126],[114.457632,30.656207],[114.456469,30.646656],[114.438749,30.648579],[114.43576,30.647764],[114.433972,30.647029],[114.432953,30.646964],[114.429125,30.645777],[114.427811,30.645666],[114.424352,30.644535],[114.420855,30.643792],[114.420232,30.643518],[114.419047,30.642887],[114.413113,30.640929],[114.41144,30.64085],[114.411308,30.64058],[114.404979,30.638841],[114.403086,30.638114],[114.400968,30.637742],[114.399728,30.637221],[114.394248,30.634009],[114.391394,30.632692],[114.389258,30.631477],[114.388687,30.631434],[114.387514,30.630894],[114.386276,30.63026],[114.385386,30.630026],[114.380288,30.627404],[114.376363,30.624579],[114.366677,30.61802],[114.36362,30.615431],[114.36046,30.613205],[114.360434,30.612978],[114.357546,30.610845],[114.356761,30.610227],[114.334913,30.60495],[114.317844,30.61241],[114.32069,30.617211]]],[[[114.544197,30.643718],[114.554465,30.648003],[114.539982,30.651751],[114.538871,30.654129],[114.539738,30.651654],[114.539979,30.651603],[114.540666,30.64994],[114.541138,30.649709],[114.541276,30.648894],[114.543158,30.646478],[114.543517,30.645619],[114.544997,30.643926],[114.544291,30.644943],[114.544171,30.644732],[114.544939,30.643757],[114.546109,30.641599],[114.54635,30.641864],[114.547919,30.638529],[114.547975,30.638222],[114.548862,30.635181],[114.550259,30.633324],[114.550744,30.632239],[114.551228,30.631745],[114.551473,30.630888],[114.55223,30.630085],[114.552238,30.629459],[114.554626,30.625005],[114.554782,30.624707],[114.555399,30.622941],[114.55636,30.621629],[114.55607,30.622371],[114.557097,30.619155],[114.560105,30.616197],[114.557066,30.622259],[114.557188,30.61917],[114.558612,30.617029],[114.558482,30.616652],[114.55986,30.613703],[114.561228,30.61142],[114.561227,30.611089],[114.562854,30.608137],[114.563132,30.608053],[114.562841,30.608158],[114.565051,30.603803],[114.565997,30.602854],[114.564962,30.604275],[114.565367,30.603782],[114.566223,30.601496],[114.566539,30.601576],[114.566213,30.601598],[114.568247,30.597157],[114.570069,30.594724],[114.569924,30.594574],[114.572541,30.590425],[114.572771,30.589725],[114.573502,30.588775],[114.574017,30.587487],[114.575107,30.586],[114.576034,30.584388],[114.580668,30.578781],[114.584038,30.575205],[114.587191,30.572509],[114.592055,30.569327],[114.597796,30.566506],[114.60168,30.564977],[114.606573,30.563519],[114.610827,30.562471],[114.61136,30.562637],[114.614532,30.561497],[114.618381,30.560896],[114.620375,30.56012],[114.627729,30.557003],[114.639912,30.557799],[114.644362,30.560807],[114.644403,30.56101],[114.643951,30.560555],[114.646904,30.562926],[114.64552,30.562136],[114.645468,30.561692],[114.645432,30.562039],[114.650474,30.56394],[114.658971,30.568954],[114.65882,30.568833],[114.65798,30.568615],[114.661647,30.569258],[114.667193,30.571349],[114.668336,30.571953],[114.670693,30.572751],[114.671934,30.573017],[114.670832,30.572872],[114.672665,30.573198],[114.67393,30.57319],[114.674726,30.573582],[114.676142,30.573726],[114.678644,30.574566],[114.684192,30.575969],[114.685835,30.57729],[114.680752,30.576259],[114.679611,30.575961],[114.686702,30.576349],[114.696169,30.578861],[114.702888,30.580231],[114.70681,30.581608],[114.706207,30.581507],[114.706456,30.581417],[114.707969,30.582118],[114.716784,30.585433],[114.726873,30.590357],[114.741906,30.598744],[114.744189,30.600284],[114.745815,30.601103],[114.746381,30.6016],[114.751109,30.60442],[114.754397,30.605874],[114.754739,30.60621],[114.755104,30.60621],[114.756411,30.606967],[114.758011,30.607665],[114.759094,30.608558],[114.756561,30.607245],[114.75884,30.608044],[114.759999,30.608883],[114.760308,30.608999],[114.763475,30.610393],[114.755,30.609852],[114.763013,30.609903],[114.766456,30.611305],[114.760053,30.614627],[114.756431,30.615305],[114.756952,30.609138],[114.750707,30.608744],[114.756202,30.610377],[114.761542,30.603214],[114.759506,30.602281],[114.758007,30.601434],[114.757761,30.601489],[114.757517,30.601201],[114.754419,30.599845],[114.750046,30.59723],[114.749395,30.596681],[114.747788,30.595873],[114.745378,30.594259],[114.730163,30.585771],[114.719604,30.580621],[114.710547,30.577206],[114.708792,30.576417],[114.704442,30.57501],[114.697849,30.573669],[114.688488,30.571183],[114.6803,30.570883],[114.680525,30.569425],[114.677891,30.568551],[114.676475,30.568406],[114.675327,30.567936],[114.673524,30.567859],[114.672764,30.567665],[114.670915,30.567042],[114.669907,30.566492],[114.66368,30.564161],[114.659358,30.563357],[114.65367,30.559305],[114.648573,30.557012],[114.648443,30.55672],[114.64334,30.553289],[114.625175,30.552082],[114.617721,30.555239],[114.616597,30.55573],[114.612799,30.556318],[114.609556,30.557194],[114.604643,30.558392],[114.599418,30.559952],[114.594871,30.56174],[114.588632,30.564815],[114.583151,30.568392],[114.579332,30.57165],[114.575655,30.575552],[114.570825,30.581398],[114.56962,30.583403],[114.568404,30.5851],[114.567856,30.586444],[114.56717,30.587315],[114.566953,30.587994],[114.564319,30.592172],[114.562659,30.594724],[114.560227,30.600015],[114.559507,30.601297],[114.556979,30.606261],[114.55541,30.609092],[114.555511,30.60922],[114.554191,30.611411],[114.552515,30.615015],[114.551499,30.616738],[114.549724,30.620661],[114.548799,30.62311],[114.546436,30.627427],[114.546541,30.627829],[114.54591,30.62841],[114.54555,30.629468],[114.545195,30.629738],[114.544805,30.630672],[114.543149,30.632969],[114.541832,30.637166],[114.546924,30.638866],[114.544197,30.643718]]],[[[114.528536,30.64791],[114.530878,30.644388],[114.530593,30.644559],[114.53265,30.641346],[114.53348,30.640651],[114.534977,30.638457],[114.534911,30.638934],[114.538004,30.633645],[114.540602,30.629983],[114.546143,30.619468],[114.546319,30.618616],[114.546613,30.618391],[114.546939,30.616918],[114.549308,30.610786],[114.552329,30.601927],[114.554506,30.59705],[114.556621,30.591427],[114.562127,30.579562],[114.563699,30.577105],[114.565921,30.572816],[114.569424,30.568148],[114.571814,30.564566],[114.575905,30.559942],[114.576619,30.559083],[114.579256,30.556302],[114.582556,30.553576],[114.585448,30.551584],[114.591099,30.548448],[114.595359,30.547292],[114.594713,30.547507],[114.599492,30.545313],[114.605613,30.542923],[114.613051,30.541373],[114.614753,30.541301],[114.62057,30.540643],[114.624948,30.540708],[114.630128,30.541565],[114.634922,30.543039],[114.637387,30.544359],[114.640718,30.545858],[114.642718,30.5472],[114.643829,30.547787],[114.646438,30.550225],[114.647246,30.55129],[114.649934,30.555485],[114.6496,30.555763],[114.64741,30.551673],[114.648963,30.554227],[114.64799,30.55276],[114.647844,30.552856],[114.645844,30.551851],[114.649311,30.552801],[114.653417,30.554941],[114.653012,30.554847],[114.655011,30.555878],[114.654724,30.556048],[114.654601,30.555732],[114.654368,30.556023],[114.657757,30.556127],[114.66497,30.557196],[114.665266,30.557455],[114.665341,30.557219],[114.669594,30.557763],[114.673289,30.558639],[114.670347,30.558284],[114.669826,30.557989],[114.672438,30.55836],[114.672712,30.558247],[114.67382,30.558489],[114.673431,30.558338],[114.676919,30.558617],[114.677529,30.558826],[114.689509,30.559964],[114.696681,30.560933],[114.70286,30.562075],[114.706297,30.563105],[114.708682,30.56346],[114.712134,30.564394],[114.716241,30.565816],[114.720658,30.567877],[114.724552,30.569343],[114.728022,30.571299],[114.737119,30.575542],[114.741654,30.578252],[114.745368,30.580895],[114.745862,30.581448],[114.747014,30.582135],[114.750371,30.58481],[114.75289,30.58731],[114.753352,30.588127],[114.755764,30.59068],[114.758063,30.593586],[114.759872,30.596922],[114.760099,30.598069],[114.755794,30.593107],[114.757948,30.594153],[114.7648,30.598236],[114.763966,30.597808],[114.769661,30.599272],[114.769773,30.599458],[114.77018,30.599372],[114.773025,30.600183],[114.775165,30.595117],[114.7716,30.594122],[114.77135,30.594242],[114.765821,30.59524],[114.763416,30.590791],[114.760763,30.587433],[114.758399,30.584937],[114.757965,30.584153],[114.754782,30.580985],[114.751089,30.578043],[114.749985,30.577391],[114.749541,30.576877],[114.745449,30.573964],[114.740281,30.57089],[114.731136,30.566623],[114.727529,30.564602],[114.72342,30.56304],[114.718961,30.560962],[114.714272,30.559328],[114.710172,30.558225],[114.707959,30.557909],[114.704471,30.556867],[114.697803,30.555631],[114.690297,30.554617],[114.678308,30.553478],[114.677983,30.553305],[114.673508,30.552948],[114.673428,30.552892],[114.670769,30.552469],[114.665754,30.55184],[114.658562,30.550782],[114.656435,30.550334],[114.652151,30.547942],[114.651474,30.547025],[114.647843,30.543651],[114.646379,30.542828],[114.643988,30.541263],[114.640487,30.539676],[114.637614,30.538174],[114.631677,30.536343],[114.625824,30.535371],[114.619935,30.535281],[114.614095,30.535941],[114.611815,30.53609],[114.603622,30.537813],[114.596691,30.540493],[114.591891,30.542696],[114.588244,30.543652],[114.58185,30.547174],[114.578395,30.54955],[114.574662,30.552642],[114.571685,30.555767],[114.570915,30.556688],[114.566636,30.561536],[114.564092,30.565324],[114.560436,30.570217],[114.558063,30.574758],[114.556366,30.577453],[114.550757,30.589536],[114.548599,30.595262],[114.546374,30.600259],[114.543325,30.609194],[114.540949,30.615345],[114.540649,30.616743],[114.540456,30.61672],[114.540395,30.617327],[114.534985,30.627598],[114.532505,30.631063],[114.529427,30.636328],[114.528332,30.637579],[114.527582,30.638178],[114.5248,30.642505],[114.523091,30.645243],[114.528536,30.64791]]],[[[114.755524,30.621486],[114.756431,30.615305],[114.759018,30.604057],[114.774725,30.600146],[114.775571,30.594806],[114.75385,30.601013],[114.750199,30.614772],[114.749309,30.620814],[114.755524,30.621486]]]]}}]}