{"type":"FeatureCollection","features":[{"type":"Feature","properties":{"id":"RD0001","name":"青王公路","category":"road","roadType":"primary","ref":""},"geometry":{"type":"LineString","coordinates":[[114.43406,30.59671],[114.4341,30.59543],[114.43427,30.59406],[114.43447,30.59271],[114.43475,30.59094],[114.43515,30.58871],[114.43582,30.58507],[114.43708,30.5803],[114.43898,30.57493],[114.43968,30.57257],[114.43945,30.57052],[114.43884,30.56798],[114.43827,30.56448],[114.4394,30.56177],[114.44178,30.55903],[114.44444,30.55608],[114.44934,30.5505],[114.45133,30.54725],[114.45277,30.54461],[114.45457,30.54139],[114.45692,30.53715],[114.45819,30.53454],[114.45944,30.5318],[114.46039,30.52973]]}},{"type":"Feature","properties":{"id":"RD0002","name":"建设大道","category":"road","roadType":"primary","ref":""},"geometry":{"type":"LineString","coordinates":[[114.22809,30.58932],[114.22971,30.58898],[114.2332,30.5867],[114.23518,30.5869],[114.23811,30.58815],[114.24045,30.58807],[114.24247,30.58658],[114.24404,30.5861],[114.24713,30.58653],[114.24878,30.58861],[114.25043,30.59042],[114.25245,30.59292],[114.25681,30.59585],[114.25854,30.59659],[114.26272,30.59722],[114.26627,30.59872],[114.27001,30.6004],[114.27412,30.60218],[114.2758,30.60363],[114.27769,30.60593],[114.27954,30.6079],[114.2809,30.60938],[114.2852,30.61473],[114.29064,30.61939]]}},{"type":"Feature","properties":{"id":"RD0003","name":"武金堤","category":"road","roadType":"primary","ref":"S102"},"geometry":{"type":"LineString","coordinates":[[114.19882,30.4352],[114.2004,30.43544],[114.2019,30.43819],[114.20284,30.4389],[114.20325,30.4396],[114.20441,30.44076],[114.20553,30.44161],[114.20617,30.44206],[114.20637,30.44331],[114.20578,30.44405],[114.20566,30.44455],[114.20913,30.44629],[114.21298,30.44727],[114.2159,30.44811],[114.21973,30.44895],[114.22224,30.44973],[114.22657,30.45057],[114.22846,30.45233],[114.23077,30.45583],[114.23438,30.4606],[114.23676,30.46527],[114.24076,30.47121],[114.24573,30.47702],[114.24777,30.47957]]}},{"type":"Feature","properties":{"id":"RD0004","name":"建设大道","category":"road","roadType":"primary","ref":""},"geometry":{"type":"LineString","coordinates":[[114.281,30.60977],[114.27939,30.60796],[114.27738,30.60574],[114.27525,30.60312],[114.2737,30.60204],[114.27027,30.6006],[114.26653,30.59895],[114.26552,30.59852],[114.2627,30.59732],[114.25828,30.59669],[114.25486,30.59473],[114.25206,30.59271],[114.25015,30.59037],[114.24869,30.58865],[114.2473,30.58679],[114.24615,30.58642],[114.24368,30.58631],[114.24248,30.58669],[114.24019,30.5883],[114.23771,30.58815],[114.2349,30.58688],[114.233,30.58683],[114.23002,30.58891],[114.2281,30.58943]]}},{"type":"Feature","properties":{"id":"RD0005","name":"老武黄路","category":"road","roadType":"trunk","ref":"G316"},"geometry":{"type":"LineString","coordinates":[[114.53178,30.51858],[114.54027,30.51886],[114.54786,30.51869],[114.55097,30.51838],[114.55195,30.51804],[114.55452,30.51656],[114.55595,30.51598],[114.55683,30.51583],[114.55774,30.51582],[114.55884,30.51602],[114.55979,30.5164],[114.5618,30.51753],[114.56263,30.5178],[114.56351,30.51793],[114.5646,30.5179],[114.56563,30.51766],[114.5669,30.51709],[114.56792,30.51677],[114.57075,30.51648],[114.5719,30.51628],[114.57603,30.51502],[114.57711,30.51491],[114.57801,30.51499],[114.58049,30.51605]]}},{"type":"Feature","properties":{"id":"RD0006","name":"未命名道路","category":"road","roadType":"primary","ref":""},"geometry":{"type":"LineString","coordinates":[[114.04058,30.50425],[114.04009,30.50408],[114.03854,30.50399],[114.03664,30.50376],[114.03489,30.50376],[114.03354,30.50392],[114.03171,30.50429],[114.02992,30.50457],[114.02823,30.50457],[114.02622,30.50437],[114.02452,30.50421],[114.02295,30.50405],[114.0197,30.5037],[114.01596,30.50336],[114.0135,30.50308],[114.01135,30.50285],[114.0093,30.50289],[114.00741,30.50361],[114.00552,30.50551],[114.0049,30.50814],[114.00551,30.51086],[114.00677,30.51269],[114.00853,30.5146],[114.00904,30.51594]]}},{"type":"Feature","properties":{"id":"RD0007","name":"老武黄路","category":"road","roadType":"trunk","ref":"G316"},"geometry":{"type":"LineString","coordinates":[[114.58049,30.51605],[114.57839,30.51527],[114.57754,30.51512],[114.57649,30.51514],[114.57569,30.51531],[114.57167,30.51653],[114.5705,30.51671],[114.56777,30.51701],[114.567,30.51726],[114.56572,30.51784],[114.56485,30.51806],[114.56396,30.51814],[114.5628,30.51803],[114.56213,30.51786],[114.5607,30.51716],[114.5595,30.51648],[114.55877,30.51621],[114.55772,30.51601],[114.55686,30.51602],[114.55601,30.51616],[114.55522,30.51644],[114.55206,30.51821],[114.55126,30.51851],[114.55036,30.51871]]}},{"type":"Feature","properties":{"id":"RD0008","name":"平江大道","category":"road","roadType":"trunk","ref":"G347"},"geometry":{"type":"LineString","coordinates":[[114.54937,30.70521],[114.54928,30.70276],[114.54923,30.69785],[114.54924,30.68872],[114.54923,30.68296],[114.54924,30.68197],[114.5493,30.68113],[114.54959,30.67934],[114.55024,30.67711],[114.55067,30.67606],[114.55126,30.6749],[114.5542,30.66988],[114.55556,30.66758],[114.55641,30.66614],[114.55679,30.66564],[114.55957,30.66292],[114.56048,30.66205],[114.56193,30.66073],[114.56449,30.6584],[114.56584,30.65733],[114.56742,30.65628],[114.56909,30.6554],[114.57233,30.65383],[114.57327,30.6534]]}},{"type":"Feature","properties":{"id":"RD0009","name":"平江大道","category":"road","roadType":"trunk","ref":"G347"},"geometry":{"type":"LineString","coordinates":[[114.57334,30.65348],[114.57076,30.6547],[114.56834,30.6559],[114.56743,30.6564],[114.56658,30.65695],[114.56484,30.65823],[114.56245,30.66041],[114.56105,30.66167],[114.56046,30.66223],[114.558,30.66458],[114.55664,30.66609],[114.55481,30.66924],[114.55408,30.67049],[114.55213,30.67382],[114.55118,30.6755],[114.55054,30.67688],[114.5498,30.67937],[114.54958,30.68054],[114.54947,30.68168],[114.54945,30.68463],[114.54945,30.68828],[114.54945,30.69768],[114.54942,30.70281],[114.54949,30.70515]]}},{"type":"Feature","properties":{"id":"RD0010","name":"后湖大道","category":"road","roadType":"primary","ref":""},"geometry":{"type":"LineString","coordinates":[[114.25763,30.63136],[114.25983,30.63278],[114.26142,30.63385],[114.26317,30.63503],[114.26558,30.63665],[114.26702,30.63749],[114.27169,30.63909],[114.27578,30.64057],[114.27867,30.64197],[114.28135,30.64339],[114.28485,30.64525],[114.2868,30.64629],[114.29221,30.64921],[114.29403,30.65018],[114.29837,30.65229],[114.30049,30.65309],[114.30638,30.65528],[114.31271,30.65773],[114.31589,30.65884],[114.32174,30.65916],[114.32609,30.65934],[114.32868,30.66021],[114.3298,30.66063],[114.33016,30.66096]]}},{"type":"Feature","properties":{"id":"RD0011","name":"四环线","category":"road","roadType":"motorway","ref":"S40"},"geometry":{"type":"LineString","coordinates":[[114.22021,30.41714],[114.23244,30.41488],[114.2497,30.41051],[114.2671,30.4082],[114.29939,30.40455],[114.30628,30.40343],[114.31133,30.40215],[114.32052,30.39876],[114.33653,30.39147],[114.34103,30.38977],[114.35059,30.38663],[114.35378,30.38589],[114.35642,30.38571],[114.36293,30.38557],[114.36807,30.3851],[114.38008,30.38337],[114.38277,30.38272],[114.38477,30.38181],[114.3873,30.38028],[114.39029,30.37909],[114.39197,30.37877],[114.39524,30.37867],[114.39808,30.37922],[114.40792,30.38205]]}},{"type":"Feature","properties":{"id":"RD0012","name":"白沙洲高架","category":"road","roadType":"trunk","ref":""},"geometry":{"type":"LineString","coordinates":[[114.2674,30.47765],[114.2697,30.48106],[114.27167,30.48398],[114.27519,30.48926],[114.27724,30.49239],[114.27941,30.49559],[114.28073,30.49713],[114.28721,30.50403],[114.29003,30.50695],[114.29172,30.50948],[114.29339,30.51275],[114.29388,30.51399],[114.29478,30.51874],[114.29553,30.5212],[114.29628,30.52176],[114.29841,30.52211],[114.29977,30.52234],[114.30308,30.52366],[114.30396,30.52454],[114.30505,30.52641],[114.30539,30.52662],[114.30651,30.5268],[114.30712,30.5269],[114.30775,30.52724]]}},{"type":"Feature","properties":{"id":"RD0013","name":"二环线","category":"road","roadType":"trunk","ref":""},"geometry":{"type":"LineString","coordinates":[[114.2413,30.61315],[114.23639,30.61068],[114.23398,30.60972],[114.23109,30.60909],[114.22815,30.60833],[114.22708,30.60774],[114.22587,30.60661],[114.22535,30.6059],[114.22352,30.60277],[114.2228,30.60043],[114.22316,30.59877],[114.22408,30.5954],[114.22475,30.59275],[114.22483,30.59206],[114.22478,30.59149],[114.22452,30.59067],[114.22415,30.58998],[114.2234,30.58884],[114.22162,30.58525],[114.22136,30.58478],[114.2201,30.58328],[114.21973,30.58293],[114.21913,30.58256],[114.21634,30.58116]]}},{"type":"Feature","properties":{"id":"RD0014","name":"四环线","category":"road","roadType":"motorway","ref":"S40"},"geometry":{"type":"LineString","coordinates":[[114.47104,30.66471],[114.47117,30.66298],[114.47184,30.66041],[114.47287,30.65834],[114.47592,30.65442],[114.47777,30.65146],[114.47886,30.64874],[114.47942,30.64641],[114.47959,30.64476],[114.47964,30.64036],[114.47975,30.63925],[114.48027,30.63731],[114.48105,30.63541],[114.4822,30.63364],[114.48401,30.63163],[114.49524,30.62334],[114.49805,30.62137],[114.50051,30.61926],[114.50212,30.6175],[114.5031,30.61605],[114.50705,30.60945],[114.50822,30.60787],[114.51004,30.60595],[114.51443,30.60244]]}},{"type":"Feature","properties":{"id":"RD0015","name":"四环线","category":"road","roadType":"motorway","ref":"S40"},"geometry":{"type":"LineString","coordinates":[[114.5145,30.60264],[114.51032,30.60597],[114.50819,30.60821],[114.507,30.60987],[114.50371,30.61543],[114.50174,30.61828],[114.50048,30.61955],[114.49894,30.62091],[114.4964,30.62277],[114.48989,30.62753],[114.48484,30.63122],[114.48328,30.63271],[114.4815,30.6351],[114.48041,30.6376],[114.47999,30.6394],[114.47986,30.64433],[114.47954,30.64697],[114.47872,30.64988],[114.47821,30.65109],[114.4762,30.65442],[114.47344,30.65788],[114.47204,30.66047],[114.47139,30.66285],[114.47124,30.66464]]}},{"type":"Feature","properties":{"id":"RD0016","name":"四环线","category":"road","roadType":"motorway","ref":"S40"},"geometry":{"type":"LineString","coordinates":[[114.40787,30.3822],[114.39792,30.37936],[114.39421,30.37879],[114.39197,30.37893],[114.38881,30.37971],[114.38563,30.38143],[114.38358,30.38262],[114.38145,30.3833],[114.37595,30.38417],[114.36607,30.38554],[114.36248,30.38579],[114.35632,30.38591],[114.35303,30.38625],[114.35074,30.38691],[114.34414,30.38898],[114.33807,30.39102],[114.33228,30.39353],[114.32077,30.39887],[114.31114,30.40238],[114.30624,30.40361],[114.30263,30.40427],[114.29097,30.40564],[114.25557,30.40971],[114.24972,30.41072]]}},{"type":"Feature","properties":{"id":"RD0017","name":"青山長江大橋","category":"road","roadType":"motorway","ref":"S40"},"geometry":{"type":"LineString","coordinates":[[114.46066,30.70976],[114.46091,30.70779],[114.46098,30.70554],[114.46091,30.70416],[114.46075,30.70219],[114.4607,30.70082],[114.46075,30.69949],[114.46084,30.69768],[114.46101,30.69586],[114.46141,30.69342],[114.46177,30.69173],[114.46216,30.69025],[114.46286,30.68829],[114.46333,30.68714],[114.46423,30.68524],[114.46738,30.67822],[114.46849,30.67571],[114.46933,30.67381],[114.46988,30.6726],[114.47043,30.67129],[114.4707,30.67045],[114.47095,30.66941],[114.47109,30.66812],[114.47104,30.66471]]}},{"type":"Feature","properties":{"id":"RD0018","name":"未命名道路","category":"road","roadType":"primary","ref":""},"geometry":{"type":"LineString","coordinates":[[114.00893,30.51593],[114.00865,30.5151],[114.00792,30.51396],[114.00608,30.51206],[114.00531,30.51069],[114.00489,30.50928],[114.00479,30.50778],[114.00537,30.50559],[114.00605,30.5046],[114.00754,30.50344],[114.0084,30.50304],[114.00995,30.50272],[114.01343,30.50299],[114.01522,30.50318],[114.01685,30.50333],[114.02083,30.50372],[114.02393,30.50404],[114.02921,30.50452],[114.03027,30.50443],[114.03267,30.50399],[114.03482,30.50366],[114.03848,30.50387],[114.0401,30.50402],[114.04061,30.50409]]}},{"type":"Feature","properties":{"id":"RD0019","name":"青山長江大橋","category":"road","roadType":"motorway","ref":"S40"},"geometry":{"type":"LineString","coordinates":[[114.47124,30.66464],[114.47131,30.66808],[114.47115,30.66943],[114.47078,30.67085],[114.47018,30.67241],[114.46948,30.67393],[114.46871,30.67567],[114.46756,30.67828],[114.46467,30.68475],[114.46332,30.68765],[114.46258,30.68957],[114.46218,30.69088],[114.46185,30.69231],[114.46147,30.69415],[114.46125,30.69557],[114.46101,30.69802],[114.46091,30.69998],[114.4609,30.70106],[114.46096,30.70235],[114.46113,30.70448],[114.46119,30.70611],[114.4611,30.7079],[114.46094,30.70907],[114.46077,30.71033]]}},{"type":"Feature","properties":{"id":"RD0020","name":"二环线","category":"road","roadType":"trunk","ref":""},"geometry":{"type":"LineString","coordinates":[[114.21652,30.58108],[114.21946,30.5826],[114.21985,30.58287],[114.22022,30.58322],[114.22155,30.58478],[114.22184,30.58535],[114.2235,30.5888],[114.22421,30.58983],[114.22453,30.59036],[114.22478,30.5909],[114.22492,30.59145],[114.22496,30.59203],[114.22486,30.59281],[114.22356,30.59777],[114.22289,30.60056],[114.22386,30.60315],[114.22548,30.60579],[114.22629,30.6069],[114.22737,30.6078],[114.22855,30.60838],[114.23307,30.60942],[114.23462,30.60979],[114.2372,30.61093],[114.24136,30.61305]]}},{"type":"Feature","properties":{"id":"RD0021","name":"白沙洲高架","category":"road","roadType":"trunk","ref":""},"geometry":{"type":"LineString","coordinates":[[114.30493,30.52646],[114.30402,30.52484],[114.30321,30.52386],[114.30239,30.52344],[114.2995,30.5224],[114.29742,30.52219],[114.29613,30.52185],[114.29534,30.52124],[114.29489,30.52014],[114.29386,30.51458],[114.29349,30.51327],[114.29222,30.51068],[114.29142,30.50921],[114.29009,30.50718],[114.287,30.50399],[114.2832,30.5],[114.28063,30.49717],[114.27921,30.49553],[114.27808,30.49388],[114.27692,30.49214],[114.27554,30.49004],[114.27255,30.48552],[114.26959,30.48114],[114.26726,30.4777]]}},{"type":"Feature","properties":{"id":"RD0022","name":"后湖大道","category":"road","roadType":"primary","ref":""},"geometry":{"type":"LineString","coordinates":[[114.33068,30.66291],[114.33041,30.6624],[114.32968,30.66068],[114.3289,30.66042],[114.32698,30.65979],[114.32487,30.65933],[114.32021,30.65917],[114.31607,30.65899],[114.31444,30.6585],[114.31194,30.65757],[114.30853,30.65624],[114.30623,30.65535],[114.30342,30.65431],[114.29863,30.6525],[114.29712,30.65189],[114.29591,30.6513],[114.29247,30.64949],[114.29037,30.64834],[114.28772,30.64692],[114.28499,30.64544],[114.28343,30.64464],[114.27942,30.64251],[114.27744,30.64145],[114.27606,30.64078]]}},{"type":"Feature","properties":{"id":"RD0023","name":"巨龙大道","category":"road","roadType":"primary","ref":""},"geometry":{"type":"LineString","coordinates":[[114.2987,30.69849],[114.29749,30.69869],[114.29633,30.69887],[114.29475,30.69924],[114.2936,30.69961],[114.29218,30.70018],[114.28345,30.70506],[114.27669,30.70889],[114.27373,30.71012],[114.27191,30.7106],[114.27069,30.71087],[114.26807,30.71125],[114.26596,30.71138],[114.26012,30.71123],[114.25875,30.71132],[114.25473,30.7119],[114.25343,30.71221],[114.24972,30.71345],[114.24251,30.71707],[114.24039,30.71832],[114.23842,30.71975],[114.23361,30.72403],[114.23008,30.72727],[114.22657,30.73053]]}},{"type":"Feature","properties":{"id":"RD0024","name":"未命名道路","category":"road","roadType":"primary","ref":"S104"},"geometry":{"type":"LineString","coordinates":[[114.11002,30.55308],[114.10685,30.55247],[114.10629,30.55241],[114.10433,30.55239],[114.10241,30.55272],[114.09771,30.55413],[114.09335,30.55548],[114.09198,30.5562],[114.08787,30.55876],[114.08727,30.55897],[114.08637,30.55915],[114.07492,30.56076],[114.07404,30.56093],[114.07172,30.56168],[114.06754,30.56353],[114.06547,30.56401],[114.06287,30.56411],[114.06251,30.56411],[114.06153,30.56411],[114.05901,30.56441],[114.05499,30.56571],[114.0529,30.56639],[114.05031,30.56752],[114.04845,30.56871]]}},{"type":"Feature","properties":{"id":"RD0025","name":"和平大道","category":"road","roadType":"primary","ref":""},"geometry":{"type":"LineString","coordinates":[[114.3488,30.61199],[114.34782,30.61126],[114.34505,30.60914],[114.34419,30.6084],[114.34234,30.60667],[114.33952,30.60395],[114.33778,30.60228],[114.33616,30.60073],[114.33469,30.59937],[114.33253,30.59724],[114.33154,30.59631],[114.32962,30.59446],[114.3281,30.593],[114.32612,30.59108],[114.32509,30.58991],[114.32254,30.58697],[114.32191,30.58607],[114.3204,30.58429],[114.31868,30.5823],[114.31611,30.57935],[114.31446,30.57758],[114.3144,30.57753],[114.31116,30.57406],[114.30855,30.57123]]}},{"type":"Feature","properties":{"id":"RD0026","name":"汉江大道","category":"road","roadType":"trunk","ref":""},"geometry":{"type":"LineString","coordinates":[[114.24583,30.59588],[114.24552,30.59455],[114.24545,30.59413],[114.2454,30.59332],[114.24547,30.5924],[114.2457,30.59049],[114.24595,30.58938],[114.24619,30.58862],[114.2465,30.58788],[114.24731,30.58664],[114.24749,30.58633],[114.24766,30.58591],[114.24775,30.58528],[114.2477,30.5849],[114.24764,30.58472],[114.24727,30.58399],[114.24726,30.58374],[114.24771,30.58118],[114.24771,30.58097],[114.24765,30.58068],[114.24747,30.5803],[114.24699,30.57968],[114.24687,30.57952],[114.24665,30.57903]]}},{"type":"Feature","properties":{"id":"RD0027","name":"未命名道路","category":"road","roadType":"primary","ref":"S104"},"geometry":{"type":"LineString","coordinates":[[114.04837,30.56862],[114.05141,30.56682],[114.05288,30.56625],[114.05615,30.5652],[114.06013,30.56409],[114.06199,30.56402],[114.06301,30.564],[114.06619,30.56379],[114.06748,30.56341],[114.07082,30.56194],[114.07304,30.56106],[114.0788,30.56012],[114.08635,30.55905],[114.08755,30.55874],[114.08803,30.55858],[114.0919,30.55609],[114.09409,30.55512],[114.10011,30.55325],[114.10338,30.55241],[114.1043,30.55227],[114.10536,30.55224],[114.10655,30.55231],[114.10686,30.55235],[114.11004,30.55296]]}},{"type":"Feature","properties":{"id":"RD0028","name":"和平大道","category":"road","roadType":"primary","ref":""},"geometry":{"type":"LineString","coordinates":[[114.30973,30.57237],[114.31317,30.57605],[114.3145,30.57747],[114.31615,30.57922],[114.31817,30.58156],[114.31941,30.583],[114.32047,30.58424],[114.322,30.58602],[114.32381,30.58819],[114.3246,30.58912],[114.32623,30.591],[114.32818,30.59294],[114.3297,30.5944],[114.3321,30.5967],[114.33358,30.59811],[114.33427,30.5988],[114.33553,30.60004],[114.33786,30.60222],[114.34112,30.60536],[114.34242,30.60661],[114.34426,30.60834],[114.34657,30.61018],[114.34804,30.6113],[114.34884,30.61192]]}},{"type":"Feature","properties":{"id":"RD0029","name":"金龙大街","category":"road","roadType":"primary","ref":""},"geometry":{"type":"LineString","coordinates":[[114.32281,30.37925],[114.32167,30.37886],[114.32059,30.37872],[114.31669,30.37905],[114.31373,30.37903],[114.31264,30.37903],[114.30995,30.37904],[114.30762,30.37905],[114.30611,30.37914],[114.30602,30.37914],[114.30368,30.37872],[114.30174,30.37833],[114.30067,30.37824],[114.29934,30.37828],[114.29601,30.37837],[114.2937,30.37844],[114.28965,30.37859],[114.2886,30.37863],[114.28314,30.37876],[114.27681,30.37898],[114.26518,30.37921],[114.26205,30.37852],[114.26145,30.37847],[114.25585,30.3789]]}},{"type":"Feature","properties":{"id":"RD0030","name":"东湖路","category":"road","roadType":"primary","ref":""},"geometry":{"type":"LineString","coordinates":[[114.3584,30.56579],[114.35696,30.56397],[114.35603,30.56286],[114.35555,30.56224],[114.35515,30.56099],[114.35468,30.55949],[114.3543,30.55844],[114.35407,30.55806],[114.35322,30.55641],[114.35301,30.55601],[114.35276,30.55544],[114.35202,30.55412],[114.35186,30.55399],[114.35124,30.55389],[114.34965,30.55423],[114.34935,30.55431],[114.34828,30.55436],[114.34785,30.55442],[114.34687,30.55468],[114.34601,30.5548],[114.34494,30.55492],[114.34362,30.55522],[114.34308,30.55555],[114.34228,30.55614]]}},{"type":"Feature","properties":{"id":"RD0031","name":"高新大道","category":"road","roadType":"trunk","ref":""},"geometry":{"type":"LineString","coordinates":[[114.55195,30.4911],[114.55645,30.49043],[114.5667,30.489],[114.57013,30.48852],[114.57394,30.48797],[114.57723,30.48751],[114.57765,30.48745],[114.58016,30.48706],[114.58051,30.48702],[114.58259,30.48676],[114.58453,30.48658],[114.58544,30.48652],[114.58827,30.48649],[114.58999,30.4866],[114.59155,30.48678],[114.5929,30.48695],[114.59627,30.48769],[114.59872,30.48839],[114.59952,30.48861],[114.60094,30.48894],[114.60267,30.48929],[114.60417,30.48955],[114.60591,30.48977],[114.60802,30.48996]]}},{"type":"Feature","properties":{"id":"RD0032","name":"墨北西延线","category":"road","roadType":"trunk","ref":""},"geometry":{"type":"LineString","coordinates":[[114.1685,30.56706],[114.17045,30.56699],[114.17114,30.56687],[114.17228,30.56643],[114.17291,30.56597],[114.17363,30.56511],[114.17404,30.56426],[114.17485,30.5628],[114.17612,30.56122],[114.17674,30.56064],[114.17778,30.55993],[114.17855,30.55959],[114.17977,30.55933],[114.18055,30.55928],[114.18164,30.55938],[114.18257,30.55964],[114.18491,30.56077],[114.18696,30.56122],[114.18792,30.56129],[114.19246,30.56131],[114.1986,30.56124],[114.19992,30.5611],[114.20057,30.56095],[114.20235,30.56041]]}},{"type":"Feature","properties":{"id":"RD0033","name":"东湖路","category":"road","roadType":"primary","ref":""},"geometry":{"type":"LineString","coordinates":[[114.34242,30.5559],[114.34348,30.5552],[114.34485,30.55486],[114.3461,30.55474],[114.34757,30.55441],[114.34816,30.55431],[114.34892,30.5543],[114.34921,30.55427],[114.34964,30.55414],[114.3504,30.55392],[114.35142,30.5538],[114.35177,30.55386],[114.35225,30.55425],[114.35297,30.55544],[114.35322,30.55575],[114.35348,30.55621],[114.35433,30.55782],[114.35468,30.55847],[114.3552,30.55993],[114.35544,30.56073],[114.35592,30.56199],[114.35623,30.5625],[114.3577,30.56431],[114.35872,30.56561]]}},{"type":"Feature","properties":{"id":"RD0034","name":"东湖隧道","category":"road","roadType":"trunk","ref":""},"geometry":{"type":"LineString","coordinates":[[114.37811,30.58471],[114.37979,30.58407],[114.38239,30.58227],[114.38387,30.58045],[114.38496,30.57798],[114.386,30.57518],[114.38684,30.57377],[114.38798,30.57248],[114.39339,30.56888],[114.39569,30.56708],[114.39798,30.56349],[114.39835,30.56203],[114.39844,30.5565],[114.39836,30.55449],[114.39833,30.55011],[114.39851,30.54906],[114.399,30.54798],[114.39978,30.54718],[114.40188,30.54635],[114.40305,30.5459],[114.406,30.54408],[114.40722,30.54287],[114.41037,30.54019],[114.41248,30.53892]]}},{"type":"Feature","properties":{"id":"RD0035","name":"高新大道","category":"road","roadType":"trunk","ref":""},"geometry":{"type":"LineString","coordinates":[[114.4478,30.48882],[114.45195,30.48779],[114.45505,30.48743],[114.45927,30.48742],[114.46187,30.48772],[114.46609,30.48849],[114.47012,30.48923],[114.47189,30.48952],[114.47424,30.48978],[114.47526,30.48988],[114.47569,30.4899],[114.47633,30.48994],[114.47981,30.49026],[114.48227,30.49065],[114.48515,30.49125],[114.48683,30.49154],[114.48835,30.49168],[114.49083,30.49181],[114.49585,30.49175],[114.49744,30.49172],[114.49862,30.49169],[114.50136,30.49162],[114.50756,30.49147],[114.508,30.49146]]}},{"type":"Feature","properties":{"id":"RD0036","name":"墨北西延线","category":"road","roadType":"trunk","ref":""},"geometry":{"type":"LineString","coordinates":[[114.20242,30.5606],[114.20056,30.56117],[114.199,30.56131],[114.19511,30.56137],[114.18723,30.56136],[114.18617,30.56124],[114.18489,30.56088],[114.18391,30.56041],[114.18212,30.55962],[114.1813,30.55945],[114.17991,30.55944],[114.17909,30.55957],[114.178,30.55997],[114.17729,30.56038],[114.17631,30.56121],[114.17553,30.56211],[114.17473,30.56326],[114.17415,30.56436],[114.1736,30.56541],[114.17316,30.56594],[114.17223,30.5666],[114.17165,30.56684],[114.17032,30.56712],[114.1685,30.56717]]}},{"type":"Feature","properties":{"id":"RD0037","name":"未命名道路","category":"road","roadType":"primary","ref":""},"geometry":{"type":"LineString","coordinates":[[114.47468,30.49012],[114.47222,30.48987],[114.46859,30.48924],[114.4665,30.48885],[114.46218,30.48806],[114.46041,30.4878],[114.45796,30.48763],[114.45612,30.48766],[114.45456,30.48776],[114.45247,30.48801],[114.45115,30.48827],[114.44879,30.48886],[114.44762,30.48923],[114.44541,30.48988],[114.44441,30.49017],[114.44357,30.49046],[114.44314,30.49057],[114.43878,30.49148],[114.43794,30.49168],[114.43744,30.49181],[114.43578,30.49201],[114.43546,30.49199],[114.43508,30.49198],[114.43453,30.49207]]}},{"type":"Feature","properties":{"id":"RD0038","name":"硚孝高速","category":"road","roadType":"motorway","ref":"S17"},"geometry":{"type":"LineString","coordinates":[[114.1033,30.70737],[114.10958,30.70194],[114.11402,30.69802],[114.11634,30.69633],[114.1196,30.69475],[114.12131,30.69409],[114.12297,30.69363],[114.12466,30.69328],[114.12932,30.69275],[114.13252,30.69219],[114.13392,30.69183],[114.13681,30.69078],[114.13879,30.68984],[114.14177,30.68792],[114.14863,30.68311],[114.15373,30.67951],[114.15737,30.67689],[114.15877,30.67537],[114.15989,30.67372],[114.1603,30.67263],[114.16051,30.6713],[114.16056,30.67047],[114.16043,30.66896],[114.16012,30.6678]]}},{"type":"Feature","properties":{"id":"RD0039","name":"未命名道路","category":"road","roadType":"primary","ref":"S101"},"geometry":{"type":"LineString","coordinates":[[114.29477,30.33662],[114.29137,30.33515],[114.27902,30.33499],[114.27549,30.33483],[114.25531,30.33206],[114.25204,30.33262],[114.24795,30.3334],[114.24728,30.3336],[114.24681,30.33379],[114.24454,30.33595],[114.23629,30.34045],[114.22825,30.34443],[114.22294,30.34502],[114.21453,30.34555],[114.21133,30.34562],[114.20649,30.34516],[114.20328,30.34478],[114.19933,30.3443],[114.19323,30.3444],[114.18751,30.34453],[114.17895,30.3471],[114.17283,30.35034],[114.17158,30.35067],[114.17092,30.35065]]}},{"type":"Feature","properties":{"id":"RD0040","name":"硚孝高速","category":"road","roadType":"motorway","ref":"S17"},"geometry":{"type":"LineString","coordinates":[[114.16023,30.66776],[114.16065,30.66942],[114.16066,30.67163],[114.16049,30.67249],[114.15974,30.67427],[114.1589,30.6755],[114.15626,30.67787],[114.14736,30.6842],[114.14363,30.68685],[114.1387,30.69004],[114.13726,30.69073],[114.13487,30.69167],[114.13349,30.69208],[114.13024,30.69277],[114.12841,30.69297],[114.12543,30.69328],[114.1237,30.6936],[114.12223,30.69396],[114.12047,30.69455],[114.11909,30.69511],[114.11651,30.69646],[114.11288,30.69931],[114.10291,30.70789],[114.09739,30.71257]]}},{"type":"Feature","properties":{"id":"RD0041","name":"沿江大道","category":"road","roadType":"primary","ref":""},"geometry":{"type":"LineString","coordinates":[[114.29117,30.57577],[114.29198,30.57751],[114.29247,30.57863],[114.29248,30.5788],[114.29229,30.57915],[114.29228,30.57932],[114.29282,30.58032],[114.29433,30.58296],[114.2948,30.58384],[114.29618,30.58629],[114.29723,30.58863],[114.29843,30.5912],[114.29946,30.59333],[114.29993,30.59423],[114.30024,30.59496],[114.30158,30.59739],[114.30222,30.59836],[114.30395,30.60116],[114.30588,30.60431],[114.30844,30.60828],[114.30926,30.60957],[114.30996,30.61072],[114.31012,30.61113],[114.31029,30.6115]]}},{"type":"Feature","properties":{"id":"RD0042","name":"凤莲大道","category":"road","roadType":"primary","ref":"X004"},"geometry":{"type":"LineString","coordinates":[[114.50796,30.38675],[114.50254,30.38905],[114.50177,30.38931],[114.49945,30.39033],[114.49625,30.3915],[114.49585,30.39111],[114.48871,30.39259],[114.48823,30.39309],[114.4821,30.39432],[114.4801,30.39418],[114.478,30.39431],[114.47314,30.39489],[114.47185,30.39475],[114.46838,30.39633],[114.46529,30.398],[114.46477,30.39762],[114.46295,30.39873],[114.46227,30.39901],[114.46029,30.39939],[114.45731,30.3995],[114.45517,30.39989],[114.45086,30.40071],[114.44574,30.40171],[114.44367,30.40223]]}},{"type":"Feature","properties":{"id":"RD0043","name":"东湖隧道","category":"road","roadType":"trunk","ref":""},"geometry":{"type":"LineString","coordinates":[[114.41255,30.53902],[114.41112,30.53986],[114.40757,30.54266],[114.40623,30.54414],[114.40523,30.54501],[114.40105,30.54687],[114.40013,30.54725],[114.39947,30.54786],[114.39877,30.54916],[114.39858,30.55018],[114.39861,30.55431],[114.39865,30.56197],[114.39816,30.56368],[114.39628,30.56688],[114.39467,30.56826],[114.39356,30.569],[114.38812,30.5726],[114.38704,30.5739],[114.3864,30.57492],[114.38537,30.57757],[114.38416,30.5804],[114.38279,30.58218],[114.37997,30.58423],[114.37818,30.58488]]}},{"type":"Feature","properties":{"id":"RD0044","name":"友谊大道","category":"road","roadType":"primary","ref":""},"geometry":{"type":"LineString","coordinates":[[114.341,30.59554],[114.34331,30.59814],[114.34665,30.60171],[114.34762,30.60255],[114.34911,30.60387],[114.357,30.60947],[114.35827,30.61036],[114.36055,30.61174],[114.36392,30.61389],[114.36848,30.61595],[114.37271,30.61786],[114.37658,30.61964],[114.3793,30.6209],[114.38027,30.62137],[114.38079,30.62156],[114.38146,30.62153],[114.38204,30.62153],[114.38463,30.6216],[114.38667,30.62158],[114.38873,30.62158],[114.39049,30.62156],[114.3943,30.62159],[114.39524,30.62155],[114.39671,30.62156]]}},{"type":"Feature","properties":{"id":"RD0045","name":"凤莲大道","category":"road","roadType":"primary","ref":"X004"},"geometry":{"type":"LineString","coordinates":[[114.44364,30.40218],[114.44571,30.40166],[114.44791,30.40074],[114.45091,30.40063],[114.45516,30.39983],[114.45861,30.39936],[114.46029,30.39933],[114.46187,30.39902],[114.46292,30.39853],[114.46493,30.39753],[114.46827,30.39637],[114.46937,30.39527],[114.47213,30.39495],[114.47523,30.39444],[114.47993,30.3941],[114.48145,30.39397],[114.48617,30.39309],[114.48816,30.39265],[114.49041,30.39219],[114.49705,30.39075],[114.49948,30.38975],[114.50183,30.38882],[114.5025,30.389],[114.50793,30.38669]]}},{"type":"Feature","properties":{"id":"RD0046","name":"汉江大道","category":"road","roadType":"trunk","ref":""},"geometry":{"type":"LineString","coordinates":[[114.24677,30.57912],[114.24685,30.5794],[114.24715,30.57993],[114.24747,30.58037],[114.2476,30.58059],[114.2477,30.58094],[114.2477,30.58117],[114.24768,30.58158],[114.24728,30.58394],[114.24734,30.58413],[114.24766,30.58473],[114.24777,30.58525],[114.24774,30.58563],[114.24757,30.58623],[114.2467,30.58767],[114.24651,30.58801],[114.24623,30.58876],[114.24605,30.58949],[114.24578,30.59098],[114.24558,30.59254],[114.24554,30.59319],[114.24556,30.59379],[114.24565,30.59438],[114.24579,30.59498]]}},{"type":"Feature","properties":{"id":"RD0047","name":"金龙大街","category":"road","roadType":"primary","ref":""},"geometry":{"type":"LineString","coordinates":[[114.25582,30.37877],[114.25743,30.37851],[114.26175,30.37838],[114.26419,30.37897],[114.26613,30.37919],[114.27693,30.37889],[114.28571,30.37864],[114.2886,30.37855],[114.28965,30.37851],[114.29206,30.37841],[114.29516,30.37831],[114.29696,30.37825],[114.30021,30.37816],[114.30124,30.37819],[114.30217,30.37831],[114.30457,30.37881],[114.30604,30.37905],[114.30663,30.37904],[114.30761,30.37896],[114.30995,30.37895],[114.31186,30.37895],[114.31264,30.37895],[114.315,30.37894],[114.31668,30.37893]]}},{"type":"Feature","properties":{"id":"RD0048","name":"高新大道","category":"road","roadType":"trunk","ref":""},"geometry":{"type":"LineString","coordinates":[[114.50799,30.49161],[114.50759,30.49163],[114.5041,30.49172],[114.49839,30.49186],[114.49745,30.49189],[114.49409,30.49197],[114.49193,30.49202],[114.48892,30.49192],[114.48708,30.49174],[114.48482,30.49136],[114.48225,30.49081],[114.47978,30.49043],[114.47628,30.4901],[114.4754,30.49005],[114.47489,30.49],[114.47065,30.48948],[114.46918,30.48922],[114.46685,30.48878],[114.4652,30.48847],[114.45963,30.48759],[114.45835,30.48753],[114.45501,30.48757],[114.45201,30.48792],[114.4479,30.48903]]}},{"type":"Feature","properties":{"id":"RD0049","name":"鹦鹉大道","category":"road","roadType":"trunk","ref":""},"geometry":{"type":"LineString","coordinates":[[114.24023,30.5146],[114.24191,30.51637],[114.24395,30.51841],[114.24416,30.51863],[114.24428,30.51876],[114.24479,30.51926],[114.24653,30.52116],[114.24821,30.52286],[114.24862,30.52327],[114.2488,30.52346],[114.25152,30.52633],[114.25236,30.52725],[114.25434,30.52918],[114.25641,30.53129],[114.26016,30.53521],[114.26165,30.53683],[114.26158,30.53815],[114.26143,30.54033],[114.26114,30.54386],[114.26104,30.54513],[114.26091,30.54834],[114.26087,30.54919],[114.26078,30.5521],[114.26074,30.55255]]}},{"type":"Feature","properties":{"id":"RD0050","name":"汉施大道","category":"road","roadType":"primary","ref":"G347"},"geometry":{"type":"LineString","coordinates":[[114.53352,30.71032],[114.53375,30.71035],[114.53405,30.71042],[114.53421,30.71048],[114.53438,30.71058],[114.5346,30.71073],[114.5348,30.7108],[114.53512,30.71083],[114.53544,30.71085],[114.53602,30.71086],[114.53691,30.71082],[114.53748,30.71075],[114.53775,30.71071],[114.53829,30.7106],[114.53896,30.71042],[114.53956,30.71022],[114.53988,30.71009],[114.54046,30.70986],[114.54251,30.70882],[114.54307,30.70851],[114.54664,30.70655],[114.54745,30.70611],[114.54864,30.70545],[114.54936,30.70507]]}},{"type":"Feature","properties":{"id":"RD0051","name":"三环线","category":"road","roadType":"trunk","ref":""},"geometry":{"type":"LineString","coordinates":[[114.43227,30.57201],[114.43294,30.57005],[114.43333,30.56911],[114.43472,30.56665],[114.43536,30.56574],[114.43647,30.56444],[114.44052,30.55981],[114.44817,30.55114],[114.44884,30.55033],[114.45006,30.54856],[114.45222,30.54466],[114.45312,30.543],[114.45421,30.54017],[114.45465,30.53828],[114.45487,30.53639],[114.45482,30.53425],[114.45466,30.53292],[114.45379,30.52971],[114.45283,30.52723],[114.45233,30.52589],[114.45192,30.52441],[114.45147,30.5218],[114.45058,30.51849],[114.44981,30.5159]]}},{"type":"Feature","properties":{"id":"RD0052","name":"三环线","category":"road","roadType":"trunk","ref":""},"geometry":{"type":"LineString","coordinates":[[114.44998,30.51587],[114.45071,30.51848],[114.4516,30.52176],[114.45207,30.52439],[114.45247,30.52585],[114.45316,30.52767],[114.45431,30.53087],[114.45493,30.53388],[114.45501,30.53532],[114.45492,30.53734],[114.45465,30.53899],[114.45394,30.54143],[114.45288,30.54373],[114.45074,30.54763],[114.44959,30.54956],[114.44864,30.55081],[114.44614,30.55365],[114.44065,30.55988],[114.43658,30.56449],[114.43548,30.56581],[114.43483,30.56671],[114.43346,30.56914],[114.43308,30.57009],[114.43239,30.57204]]}},{"type":"Feature","properties":{"id":"RD0053","name":"光谷大道","category":"road","roadType":"primary","ref":""},"geometry":{"type":"LineString","coordinates":[[114.41529,30.45145],[114.41533,30.45111],[114.41546,30.44883],[114.41555,30.44584],[114.41565,30.44327],[114.41574,30.44156],[114.41606,30.44035],[114.4163,30.43969],[114.41678,30.43892],[114.41727,30.43832],[114.41766,30.43783],[114.41826,30.43723],[114.41907,30.43659],[114.41955,30.43627],[114.4208,30.43547],[114.42186,30.43479],[114.42266,30.43428],[114.4237,30.43359],[114.4248,30.43287],[114.42606,30.43205],[114.42799,30.43081],[114.4293,30.42997],[114.43069,30.42908],[114.43112,30.42881]]}},{"type":"Feature","properties":{"id":"RD0054","name":"鹦鹉大道","category":"road","roadType":"trunk","ref":""},"geometry":{"type":"LineString","coordinates":[[114.26039,30.55578],[114.26045,30.55485],[114.26058,30.55255],[114.2606,30.55209],[114.26068,30.54826],[114.26082,30.54522],[114.26083,30.54483],[114.26094,30.54318],[114.26123,30.54034],[114.26126,30.53997],[114.26154,30.53699],[114.26,30.53531],[114.25439,30.52949],[114.25402,30.52915],[114.25224,30.52733],[114.25138,30.52643],[114.24999,30.52496],[114.24866,30.52356],[114.24848,30.52337],[114.24676,30.52159],[114.24451,30.5193],[114.24414,30.51891],[114.2439,30.51864],[114.24008,30.51467]]}},{"type":"Feature","properties":{"id":"RD0055","name":"武金堤","category":"road","roadType":"primary","ref":"S102"},"geometry":{"type":"LineString","coordinates":[[114.16164,30.3832],[114.16318,30.38432],[114.16391,30.38485],[114.16642,30.38674],[114.16821,30.38807],[114.16901,30.38871],[114.17237,30.39157],[114.17441,30.39339],[114.17633,30.39529],[114.17884,30.39821],[114.17961,30.39915],[114.18281,30.40319],[114.18538,30.40747],[114.18709,30.41067],[114.18877,30.4146],[114.1896,30.41823],[114.1901,30.42196],[114.19038,30.42379],[114.19122,30.42475],[114.19279,30.42575],[114.1943,30.42659],[114.19483,30.4269],[114.19512,30.42741],[114.19575,30.42899]]}},{"type":"Feature","properties":{"id":"RD0056","name":"未命名道路","category":"road","roadType":"primary","ref":""},"geometry":{"type":"LineString","coordinates":[[114.20835,30.57278],[114.20804,30.57236],[114.20752,30.57159],[114.20708,30.57066],[114.20597,30.56794],[114.20455,30.56455],[114.20376,30.56274],[114.20335,30.56172],[114.20278,30.5603],[114.20171,30.55766],[114.20059,30.55516],[114.20042,30.55481],[114.19904,30.55227],[114.19719,30.54961],[114.19652,30.54864],[114.19566,30.54739],[114.19546,30.54709],[114.19425,30.54542],[114.19344,30.54424],[114.19159,30.54146],[114.18882,30.53758],[114.18764,30.5359],[114.18424,30.53135],[114.18193,30.52857]]}},{"type":"Feature","properties":{"id":"RD0057","name":"雄楚大道高架","category":"road","roadType":"trunk","ref":""},"geometry":{"type":"LineString","coordinates":[[114.4048,30.4997],[114.40271,30.49983],[114.39858,30.50002],[114.3945,30.50021],[114.38922,30.50048],[114.38661,30.50067],[114.38564,30.50089],[114.38454,30.50135],[114.38226,30.50279],[114.37885,30.50497],[114.37536,30.5072],[114.37491,30.50736],[114.37345,30.5075],[114.37047,30.50741],[114.36759,30.50743],[114.36653,30.50768],[114.36546,30.50812],[114.36133,30.50992],[114.35811,30.5113],[114.3565,30.51191],[114.35458,30.51238],[114.3527,30.51259],[114.34944,30.51271],[114.34797,30.51264]]}},{"type":"Feature","properties":{"id":"RD0058","name":"东风大道","category":"road","roadType":"trunk","ref":"G318"},"geometry":{"type":"LineString","coordinates":[[114.12941,30.47357],[114.12539,30.47169],[114.12445,30.47126],[114.12013,30.46924],[114.11712,30.46783],[114.11388,30.46625],[114.11045,30.46467],[114.10954,30.46424],[114.10686,30.46296],[114.10547,30.46231],[114.10351,30.4614],[114.10147,30.46048],[114.0985,30.45946],[114.09758,30.45922],[114.09497,30.45873],[114.09218,30.45834],[114.09097,30.45817],[114.09018,30.45807],[114.08584,30.45748],[114.08453,30.4573],[114.08074,30.45678],[114.07966,30.45664],[114.07876,30.45651],[114.07175,30.45562]]}},{"type":"Feature","properties":{"id":"RD0059","name":"高新大道","category":"road","roadType":"trunk","ref":""},"geometry":{"type":"LineString","coordinates":[[114.60068,30.48903],[114.59928,30.4887],[114.59734,30.48813],[114.59579,30.48769],[114.59336,30.48717],[114.59155,30.48689],[114.59133,30.48686],[114.59061,30.48678],[114.58864,30.48663],[114.58699,30.4866],[114.58522,30.48665],[114.58381,30.48675],[114.58154,30.48703],[114.58038,30.48718],[114.58016,30.48721],[114.5756,30.48787],[114.57388,30.48811],[114.57039,30.48861],[114.56846,30.48889],[114.56644,30.48917],[114.56103,30.48994],[114.55728,30.49047],[114.55441,30.49088],[114.55196,30.49122]]}},{"type":"Feature","properties":{"id":"RD0060","name":"杨泗港快速路","category":"road","roadType":"trunk","ref":""},"geometry":{"type":"LineString","coordinates":[[114.26675,30.50294],[114.27135,30.49963],[114.27586,30.49614],[114.27857,30.49405],[114.28061,30.49259],[114.2813,30.49227],[114.28196,30.49212],[114.28277,30.49203],[114.28684,30.49204],[114.29257,30.49209],[114.29315,30.49207],[114.29366,30.49202],[114.29486,30.49178],[114.30009,30.49071],[114.30129,30.49048],[114.30206,30.4904],[114.30773,30.49004],[114.31168,30.48985],[114.3152,30.4899],[114.32155,30.4901],[114.32615,30.49007],[114.32726,30.49005],[114.32792,30.48997],[114.32988,30.48964]]}},{"type":"Feature","properties":{"id":"RD0061","name":"杨泗港快速路","category":"road","roadType":"trunk","ref":""},"geometry":{"type":"LineString","coordinates":[[114.33127,30.48955],[114.3278,30.49014],[114.32702,30.4902],[114.32524,30.49022],[114.31516,30.49001],[114.3117,30.48997],[114.3091,30.49009],[114.30639,30.49026],[114.30204,30.49056],[114.30131,30.49068],[114.30013,30.49091],[114.29533,30.49191],[114.29399,30.49213],[114.29331,30.49219],[114.29029,30.49218],[114.28471,30.49218],[114.28239,30.4922],[114.28171,30.4923],[114.28111,30.49247],[114.28041,30.49284],[114.27719,30.49528],[114.2716,30.49961],[114.26912,30.50143],[114.26643,30.5033]]}},{"type":"Feature","properties":{"id":"RD0062","name":"四环线","category":"road","roadType":"motorway","ref":"S40"},"geometry":{"type":"LineString","coordinates":[[114.36639,30.7562],[114.3819,30.75315],[114.38882,30.75276],[114.43213,30.74739],[114.43974,30.74495],[114.44225,30.74416],[114.45403,30.74031],[114.45622,30.73947],[114.4589,30.73784],[114.46066,30.73631],[114.46166,30.73517],[114.46227,30.7343],[114.46412,30.72969],[114.46434,30.72742],[114.46415,30.7256],[114.46335,30.72264],[114.46257,30.72052],[114.46208,30.71916],[114.46146,30.71742],[114.46099,30.71604],[114.46061,30.71448],[114.46055,30.71406],[114.46049,30.71356],[114.46044,30.71293]]}},{"type":"Feature","properties":{"id":"RD0063","name":"汉施大道","category":"road","roadType":"primary","ref":"G347"},"geometry":{"type":"LineString","coordinates":[[114.54937,30.70521],[114.54871,30.70555],[114.54792,30.70599],[114.54568,30.70719],[114.54285,30.70875],[114.54169,30.70936],[114.54052,30.70994],[114.53993,30.71018],[114.53931,30.71041],[114.53877,30.71058],[114.53832,30.71069],[114.53804,30.71075],[114.53732,30.71088],[114.53692,30.71092],[114.53632,30.71095],[114.53573,30.71096],[114.53515,30.71093],[114.53478,30.7109],[114.53464,30.71085],[114.53453,30.7108],[114.53416,30.71056],[114.53396,30.71049],[114.53373,30.71044],[114.53351,30.7104]]}},{"type":"Feature","properties":{"id":"RD0064","name":"全力三路","category":"road","roadType":"primary","ref":""},"geometry":{"type":"LineString","coordinates":[[114.09536,30.42527],[114.09506,30.42605],[114.09454,30.42742],[114.09403,30.42872],[114.09343,30.43036],[114.09338,30.43052],[114.09202,30.43328],[114.09105,30.4344],[114.09,30.43532],[114.08933,30.43582],[114.08787,30.43682],[114.08768,30.43695],[114.08699,30.43758],[114.08624,30.43874],[114.08584,30.43986],[114.0853,30.44285],[114.08527,30.44302],[114.08504,30.44373],[114.08443,30.44548],[114.08416,30.44608],[114.084,30.44648],[114.08341,30.44785],[114.08306,30.4485],[114.08223,30.44994]]}},{"type":"Feature","properties":{"id":"RD0065","name":"二环线","category":"road","roadType":"trunk","ref":""},"geometry":{"type":"LineString","coordinates":[[114.35337,30.5562],[114.35389,30.55716],[114.3544,30.55814],[114.35471,30.5588],[114.35495,30.55958],[114.35516,30.56029],[114.35534,30.56088],[114.35551,30.56147],[114.35574,30.56197],[114.35607,30.56251],[114.35669,30.5633],[114.35751,30.56429],[114.35859,30.56561],[114.35912,30.56626],[114.35994,30.56724],[114.36068,30.56818],[114.36125,30.56886],[114.36192,30.56969],[114.36268,30.57058],[114.3633,30.57132],[114.36397,30.5721],[114.36477,30.57308],[114.36527,30.57369],[114.36658,30.57563]]}},{"type":"Feature","properties":{"id":"RD0066","name":"未命名道路","category":"road","roadType":"primary","ref":""},"geometry":{"type":"LineString","coordinates":[[114.0837,30.38468],[114.07776,30.38674],[114.07215,30.38869],[114.06991,30.39055],[114.06881,30.39225],[114.06783,30.39522],[114.06636,30.39718],[114.06413,30.39885],[114.05902,30.40217],[114.05843,30.40254],[114.05697,30.40346],[114.04961,30.40812],[114.04663,30.41],[114.04322,30.41215],[114.04099,30.41399],[114.03669,30.4177],[114.0323,30.42151],[114.0279,30.42534],[114.02385,30.4289],[114.0232,30.43006],[114.02304,30.43097],[114.02313,30.43186],[114.02374,30.43397],[114.02477,30.43754]]}},{"type":"Feature","properties":{"id":"RD0067","name":"二环线","category":"road","roadType":"trunk","ref":""},"geometry":{"type":"LineString","coordinates":[[114.36646,30.57569],[114.36524,30.57386],[114.36495,30.5735],[114.36436,30.57277],[114.36393,30.57223],[114.36293,30.5711],[114.36238,30.57045],[114.36155,30.56944],[114.36076,30.56849],[114.3599,30.56744],[114.35944,30.56691],[114.35914,30.56654],[114.35812,30.56521],[114.35741,30.56439],[114.35659,30.56336],[114.35601,30.56264],[114.35561,30.562],[114.35538,30.56142],[114.35516,30.56063],[114.35497,30.56004],[114.35473,30.55915],[114.35449,30.55854],[114.35408,30.55775],[114.35327,30.55624]]}},{"type":"Feature","properties":{"id":"RD0068","name":"四环线","category":"road","roadType":"motorway","ref":"S40"},"geometry":{"type":"LineString","coordinates":[[114.46065,30.71324],[114.46072,30.71393],[114.46083,30.71463],[114.46096,30.71523],[114.46126,30.7163],[114.46204,30.71848],[114.46248,30.7197],[114.46309,30.7214],[114.4638,30.72337],[114.46458,30.7267],[114.4644,30.72944],[114.4639,30.73139],[114.46184,30.73529],[114.46083,30.73643],[114.45908,30.73795],[114.45675,30.7394],[114.45553,30.73997],[114.4474,30.74266],[114.44096,30.74474],[114.43774,30.74579],[114.43496,30.74667],[114.38883,30.75296],[114.38192,30.75331],[114.36644,30.75638]]}},{"type":"Feature","properties":{"id":"RD0069","name":"107国道","category":"road","roadType":"trunk","ref":"G107"},"geometry":{"type":"LineString","coordinates":[[114.25454,30.41474],[114.25428,30.41376],[114.25388,30.41252],[114.25318,30.41099],[114.25289,30.41058],[114.25276,30.41012],[114.25237,30.40886],[114.25201,30.4068],[114.25189,30.40485],[114.25196,30.40336],[114.25228,30.40137],[114.25267,30.39922],[114.25307,30.39567],[114.25332,30.39442],[114.25346,30.39327],[114.25342,30.39172],[114.25324,30.38993],[114.25324,30.38894],[114.25348,30.388],[114.25385,30.3873],[114.25494,30.38526],[114.25544,30.38403],[114.25555,30.38345],[114.25576,30.38179]]}},{"type":"Feature","properties":{"id":"RD0070","name":"未命名道路","category":"road","roadType":"primary","ref":"S104"},"geometry":{"type":"LineString","coordinates":[[114.11071,30.55307],[114.11554,30.55416],[114.11634,30.55432],[114.11924,30.55455],[114.12071,30.55445],[114.12113,30.55441],[114.12213,30.55432],[114.12372,30.55417],[114.12453,30.5542],[114.12558,30.55434],[114.12748,30.55517],[114.12839,30.55577],[114.13054,30.5572],[114.13184,30.5581],[114.13314,30.55897],[114.13398,30.55955],[114.13597,30.56055],[114.13855,30.56106],[114.14095,30.56112],[114.14275,30.56115],[114.14698,30.56121],[114.14799,30.56122],[114.15051,30.56151],[114.15141,30.56171]]}},{"type":"Feature","properties":{"id":"RD0071","name":"四環線","category":"road","roadType":"motorway","ref":"S40"},"geometry":{"type":"LineString","coordinates":[[114.10643,30.61703],[114.10606,30.62318],[114.1056,30.63418],[114.10483,30.63969],[114.10382,30.64367],[114.10347,30.64561],[114.10326,30.64832],[114.10351,30.65208],[114.10403,30.65452],[114.10525,30.6585],[114.10848,30.66921],[114.10969,30.67291],[114.11114,30.67879],[114.11183,30.68042],[114.11284,30.68226],[114.11439,30.68457],[114.11516,30.68536],[114.11711,30.68673],[114.11934,30.68797],[114.12104,30.68866],[114.12218,30.68907],[114.12338,30.68937],[114.12475,30.6896],[114.13337,30.69071]]}},{"type":"Feature","properties":{"id":"RD0072","name":"解放大道","category":"road","roadType":"trunk","ref":"G107;G316"},"geometry":{"type":"LineString","coordinates":[[114.11188,30.61888],[114.1067,30.61871],[114.10483,30.61884],[114.10032,30.6194],[114.09982,30.61946],[114.09807,30.61964],[114.09569,30.61992],[114.09332,30.6202],[114.08596,30.62112],[114.08453,30.62129],[114.08408,30.62135],[114.08051,30.62176],[114.07854,30.62197],[114.07691,30.62216],[114.0764,30.62222],[114.07406,30.6225],[114.07137,30.62288],[114.06986,30.62315],[114.06792,30.62375],[114.06135,30.62657],[114.06085,30.62679],[114.05893,30.62761],[114.05485,30.62938],[114.05323,30.63009]]}},{"type":"Feature","properties":{"id":"RD0073","name":"未命名道路","category":"road","roadType":"primary","ref":""},"geometry":{"type":"LineString","coordinates":[[114.17361,30.68477],[114.17001,30.68378],[114.16008,30.68102],[114.15612,30.68039],[114.15088,30.68011],[114.14745,30.67976],[114.14511,30.67964],[114.14042,30.67978],[114.13522,30.67962],[114.13488,30.67973],[114.13327,30.67971],[114.13206,30.67973],[114.13177,30.67977],[114.13145,30.67987],[114.1284,30.68141],[114.1278,30.68163],[114.12732,30.6817],[114.12666,30.68172],[114.1213,30.68172],[114.12087,30.68155],[114.1201,30.68042],[114.11991,30.68019],[114.11657,30.68017],[114.11409,30.68024]]}},{"type":"Feature","properties":{"id":"RD0074","name":"未命名道路","category":"road","roadType":"primary","ref":""},"geometry":{"type":"LineString","coordinates":[[114.18768,30.53537],[114.18809,30.53593],[114.18975,30.53832],[114.18994,30.5386],[114.19182,30.54134],[114.19228,30.54197],[114.19498,30.54568],[114.19594,30.54715],[114.19757,30.5494],[114.1978,30.54973],[114.1994,30.55207],[114.20016,30.55338],[114.2002,30.55344],[114.20065,30.55435],[114.20093,30.55499],[114.2022,30.558],[114.20309,30.56014],[114.2032,30.56038],[114.20397,30.56221],[114.20496,30.56466],[114.2075,30.5705],[114.20774,30.57101],[114.20839,30.57226],[114.20873,30.57286]]}},{"type":"Feature","properties":{"id":"RD0075","name":"巨龙大道","category":"road","roadType":"primary","ref":""},"geometry":{"type":"LineString","coordinates":[[114.24943,30.71349],[114.2513,30.71273],[114.25418,30.71188],[114.25473,30.71176],[114.25717,30.71136],[114.26012,30.71113],[114.2658,30.71124],[114.26596,30.71124],[114.26726,30.7112],[114.2699,30.71092],[114.27113,30.71067],[114.27277,30.71028],[114.27363,30.71002],[114.2742,30.70982],[114.27662,30.70879],[114.28339,30.70496],[114.28984,30.70128],[114.29212,30.70008],[114.29384,30.6994],[114.29556,30.69892],[114.29713,30.69863],[114.2975,30.69857],[114.29801,30.69849],[114.29868,30.69838]]}},{"type":"Feature","properties":{"id":"RD0076","name":"未命名道路","category":"road","roadType":"primary","ref":""},"geometry":{"type":"LineString","coordinates":[[114.11411,30.68015],[114.11657,30.68007],[114.11983,30.68007],[114.12007,30.67999],[114.12026,30.67977],[114.12215,30.67896],[114.12283,30.67869],[114.12341,30.67849],[114.12376,30.67843],[114.12421,30.67841],[114.12927,30.67843],[114.12972,30.67858],[114.13064,30.67907],[114.13161,30.67952],[114.13179,30.67958],[114.13306,30.67959],[114.13356,30.67959],[114.13503,30.67954],[114.14044,30.67967],[114.1451,30.67954],[114.14747,30.67966],[114.15087,30.68],[114.15334,30.68011],[114.15893,30.68061]]}},{"type":"Feature","properties":{"id":"RD0077","name":"四环线","category":"road","roadType":"motorway","ref":"S40"},"geometry":{"type":"LineString","coordinates":[[114.2061,30.73451],[114.20541,30.73392],[114.20462,30.73297],[114.20305,30.73045],[114.20182,30.72794],[114.20123,30.72639],[114.20078,30.72428],[114.20069,30.72274],[114.20071,30.72092],[114.20068,30.7191],[114.20045,30.71696],[114.20006,30.71517],[114.19972,30.71401],[114.19898,30.71231],[114.1979,30.71062],[114.1961,30.70838],[114.19463,30.70671],[114.1931,30.70522],[114.19144,30.70403],[114.18057,30.69809],[114.17939,30.69757],[114.17778,30.69708],[114.1667,30.69528],[114.14514,30.6924]]}},{"type":"Feature","properties":{"id":"RD0078","name":"青王公路","category":"road","roadType":"primary","ref":""},"geometry":{"type":"LineString","coordinates":[[114.46048,30.52977],[114.45396,30.54271],[114.44928,30.55079],[114.44165,30.55939],[114.44085,30.5603],[114.43941,30.56199],[114.43902,30.56258],[114.43861,30.56346],[114.43839,30.56464],[114.43842,30.5656],[114.43867,30.56679],[114.43908,30.56848],[114.43956,30.57047],[114.43978,30.57155],[114.43982,30.57244],[114.43954,30.57373],[114.4387,30.57605],[114.43662,30.58184],[114.43645,30.5824],[114.43564,30.58675],[114.43475,30.59132],[114.43471,30.59164],[114.43423,30.59526],[114.43417,30.59673]]}},{"type":"Feature","properties":{"id":"RD0079","name":"新华路","category":"road","roadType":"primary","ref":""},"geometry":{"type":"LineString","coordinates":[[114.26637,30.59889],[114.26605,30.59976],[114.26613,30.60112],[114.26616,30.60388],[114.26609,30.60553],[114.26575,30.6066],[114.26569,30.6068],[114.26557,30.60701],[114.26421,30.60888],[114.26369,30.60959],[114.26338,30.60994],[114.26301,30.61031],[114.26228,30.61107],[114.26191,30.6114],[114.26036,30.61296],[114.26,30.61332],[114.25918,30.61446],[114.25883,30.61524],[114.25849,30.61623],[114.25775,30.61854],[114.25762,30.61895],[114.25753,30.61931],[114.25718,30.6204],[114.25648,30.62259]]}},{"type":"Feature","properties":{"id":"RD0080","name":"澳门路","category":"road","roadType":"primary","ref":""},"geometry":{"type":"LineString","coordinates":[[114.29339,30.60242],[114.29281,30.60269],[114.29155,30.60331],[114.29098,30.60352],[114.29057,30.60374],[114.28928,30.60442],[114.28892,30.60464],[114.28828,30.6051],[114.28771,30.60551],[114.28743,30.60572],[114.28622,30.60663],[114.28594,30.60686],[114.28545,30.60728],[114.28506,30.60757],[114.28461,30.60775],[114.28414,30.60781],[114.28308,30.60779],[114.28226,30.6078],[114.28218,30.60781],[114.28153,30.60791],[114.28113,30.60803],[114.28071,30.60827],[114.28042,30.60849],[114.28017,30.6087]]}},{"type":"Feature","properties":{"id":"RD0081","name":"高新四路","category":"road","roadType":"primary","ref":""},"geometry":{"type":"LineString","coordinates":[[114.4759,30.45997],[114.4757,30.45998],[114.47553,30.45999],[114.47482,30.46006],[114.4731,30.46024],[114.47038,30.4604],[114.46931,30.46041],[114.46796,30.46038],[114.46764,30.46038],[114.46679,30.46032],[114.46603,30.46025],[114.46436,30.46005],[114.4627,30.45977],[114.461,30.45941],[114.45973,30.45908],[114.45884,30.45877],[114.45813,30.45867],[114.45724,30.45844],[114.45679,30.45836],[114.45537,30.45819],[114.4532,30.45796],[114.45185,30.45774],[114.45004,30.4574],[114.44928,30.45725]]}},{"type":"Feature","properties":{"id":"RD0082","name":"未命名道路","category":"road","roadType":"primary","ref":"S104"},"geometry":{"type":"LineString","coordinates":[[114.1514,30.5618],[114.14976,30.56149],[114.14706,30.56129],[114.14587,30.56127],[114.14114,30.56121],[114.13854,30.56115],[114.13735,30.56102],[114.13509,30.56029],[114.13392,30.55962],[114.13324,30.55915],[114.1321,30.5584],[114.13048,30.55726],[114.12833,30.55584],[114.12742,30.55524],[114.12555,30.55442],[114.12452,30.55428],[114.12372,30.55425],[114.12214,30.55442],[114.12117,30.5545],[114.12027,30.55459],[114.11924,30.55463],[114.11633,30.5544],[114.11552,30.55424],[114.11079,30.55323]]}},{"type":"Feature","properties":{"id":"RD0083","name":"江北快速路","category":"road","roadType":"trunk","ref":""},"geometry":{"type":"LineString","coordinates":[[114.32337,30.63147],[114.3251,30.63431],[114.32667,30.63672],[114.32816,30.63808],[114.32987,30.63956],[114.33167,30.64108],[114.3321,30.64134],[114.33336,30.6421],[114.33423,30.64286],[114.33498,30.64388],[114.33715,30.64744],[114.3376,30.64816],[114.33834,30.64917],[114.33905,30.65014],[114.33928,30.65052],[114.3406,30.65312],[114.34114,30.6541],[114.34162,30.65484],[114.34193,30.65526],[114.34557,30.65967],[114.34666,30.66103],[114.3475,30.66238],[114.34801,30.66328],[114.34927,30.66486]]}},{"type":"Feature","properties":{"id":"RD0084","name":"四环线","category":"road","roadType":"motorway","ref":"S40"},"geometry":{"type":"LineString","coordinates":[[114.14519,30.69222],[114.16677,30.69511],[114.17816,30.69697],[114.17945,30.69737],[114.18072,30.69794],[114.19123,30.70363],[114.19237,30.70436],[114.19335,30.70513],[114.19493,30.70667],[114.19727,30.70938],[114.19803,30.71035],[114.19888,30.71156],[114.19982,30.71346],[114.20034,30.71504],[114.20074,30.71692],[114.20094,30.7191],[114.20099,30.72152],[114.20103,30.72379],[114.20111,30.7245],[114.20145,30.7261],[114.20247,30.72872],[114.20406,30.73164],[114.20516,30.73331],[114.20626,30.73431]]}},{"type":"Feature","properties":{"id":"RD0085","name":"雄楚大道高架","category":"road","roadType":"trunk","ref":""},"geometry":{"type":"LineString","coordinates":[[114.34798,30.51259],[114.35033,30.51266],[114.35371,30.51242],[114.35508,30.5122],[114.35562,30.51207],[114.35719,30.5116],[114.36059,30.51017],[114.36542,30.50805],[114.36654,30.5076],[114.36758,30.50735],[114.3709,30.50733],[114.37424,30.50737],[114.37471,30.5073],[114.37547,30.50702],[114.37711,30.50595],[114.3802,30.50397],[114.38395,30.50157],[114.38508,30.501],[114.38621,30.50065],[114.38917,30.50041],[114.39175,30.50026],[114.39449,30.50012],[114.40046,30.4998],[114.40426,30.49964]]}},{"type":"Feature","properties":{"id":"RD0086","name":"未命名道路","category":"road","roadType":"primary","ref":""},"geometry":{"type":"LineString","coordinates":[[114.02467,30.43754],[114.02364,30.43398],[114.02299,30.43156],[114.02295,30.43069],[114.02305,30.43013],[114.02343,30.42929],[114.02559,30.42718],[114.0291,30.42401],[114.03609,30.41799],[114.04075,30.41394],[114.04308,30.41201],[114.04644,30.40989],[114.04843,30.40864],[114.04944,30.40799],[114.05822,30.40234],[114.064,30.3987],[114.0662,30.39707],[114.06769,30.39497],[114.06861,30.39219],[114.06897,30.39149],[114.06973,30.39044],[114.07204,30.38854],[114.07768,30.38657],[114.08362,30.38451]]}},{"type":"Feature","properties":{"id":"RD0087","name":"黄家湖大道","category":"road","roadType":"primary","ref":""},"geometry":{"type":"LineString","coordinates":[[114.28937,30.40051],[114.28915,30.40183],[114.28896,30.40268],[114.28841,30.40604],[114.28839,30.40613],[114.28741,30.41211],[114.28739,30.41261],[114.28742,30.41397],[114.28774,30.41603],[114.28834,30.41921],[114.2895,30.42584],[114.2905,30.43109],[114.29065,30.43165],[114.2914,30.434],[114.29279,30.43751],[114.29486,30.44301],[114.29543,30.44481],[114.29554,30.44673],[114.29526,30.44839],[114.29477,30.45022],[114.29424,30.45241],[114.29379,30.45478],[114.29351,30.45648],[114.2935,30.45781]]}},{"type":"Feature","properties":{"id":"RD0088","name":"晴川大道","category":"road","roadType":"primary","ref":""},"geometry":{"type":"LineString","coordinates":[[114.24475,30.51185],[114.24497,30.51224],[114.24558,30.51365],[114.2464,30.51485],[114.24707,30.51567],[114.24734,30.51602],[114.24785,30.51665],[114.24792,30.51672],[114.24846,30.51739],[114.24886,30.5179],[114.24993,30.51927],[114.25128,30.52111],[114.25181,30.52175],[114.25307,30.52309],[114.25422,30.52417],[114.25569,30.52568],[114.25777,30.52752],[114.25818,30.52791],[114.25936,30.52892],[114.26105,30.52999],[114.26194,30.53052],[114.26414,30.53265],[114.26583,30.53549],[114.26756,30.53767]]}},{"type":"Feature","properties":{"id":"RD0089","name":"四環線","category":"road","roadType":"motorway","ref":"S40"},"geometry":{"type":"LineString","coordinates":[[114.13346,30.69092],[114.12924,30.69035],[114.12478,30.68979],[114.12262,30.68937],[114.12213,30.68925],[114.12081,30.68878],[114.11818,30.68758],[114.11597,30.68625],[114.11459,30.68511],[114.1133,30.68343],[114.11177,30.68078],[114.11092,30.67879],[114.11058,30.67759],[114.10912,30.67178],[114.10507,30.65857],[114.10384,30.65452],[114.10333,30.65212],[114.10306,30.64831],[114.10327,30.64556],[114.10364,30.64363],[114.10387,30.64273],[114.10517,30.63631],[114.10559,30.63026],[114.10624,30.61705]]}},{"type":"Feature","properties":{"id":"RD0090","name":"关山大道","category":"road","roadType":"primary","ref":""},"geometry":{"type":"LineString","coordinates":[[114.40444,30.48233],[114.40456,30.48329],[114.40467,30.48427],[114.40469,30.48441],[114.40473,30.48472],[114.40476,30.48495],[114.40489,30.486],[114.40501,30.48702],[114.40512,30.48787],[114.40514,30.488],[114.40533,30.48961],[114.40537,30.48995],[114.40549,30.49082],[114.4056,30.49181],[114.40573,30.49283],[114.40575,30.49297],[114.40591,30.49417],[114.40604,30.49514],[114.40617,30.49636],[114.40623,30.49699],[114.40629,30.4975],[114.40636,30.49802],[114.40653,30.49942],[114.40656,30.49963]]}},{"type":"Feature","properties":{"id":"RD0091","name":"未命名道路","category":"road","roadType":"primary","ref":"S101"},"geometry":{"type":"LineString","coordinates":[[114.42698,30.39065],[114.42487,30.38971],[114.42282,30.38835],[114.42113,30.38693],[114.41782,30.38308],[114.41559,30.37998],[114.41525,30.37837],[114.41572,30.37458],[114.41525,30.37102],[114.41495,30.36712],[114.41445,30.3656],[114.41381,30.36336],[114.4128,30.35947],[114.41123,30.35634],[114.41117,30.35588],[114.41063,30.35414],[114.41008,30.3492],[114.40956,30.34625],[114.40883,30.34464],[114.40681,30.34249],[114.40246,30.34027],[114.39831,30.33851],[114.39739,30.33824],[114.39527,30.3383]]}},{"type":"Feature","properties":{"id":"RD0092","name":"晴川大道","category":"road","roadType":"primary","ref":""},"geometry":{"type":"LineString","coordinates":[[114.26746,30.53774],[114.26574,30.53556],[114.2646,30.53379],[114.26395,30.53271],[114.26184,30.53062],[114.26017,30.5296],[114.2584,30.52831],[114.25737,30.52743],[114.25537,30.52578],[114.25493,30.52534],[114.25388,30.52424],[114.25295,30.52319],[114.25177,30.52192],[114.24979,30.51935],[114.24854,30.51775],[114.24837,30.51752],[114.24751,30.51648],[114.24715,30.51605],[114.2465,30.51528],[114.2457,30.51419],[114.24537,30.51358],[114.24534,30.51352],[114.24503,30.51278],[114.24458,30.51191]]}},{"type":"Feature","properties":{"id":"RD0093","name":"未命名道路","category":"road","roadType":"primary","ref":""},"geometry":{"type":"LineString","coordinates":[[114.10543,30.4624],[114.10345,30.46148],[114.10141,30.46056],[114.09977,30.45996],[114.09794,30.4594],[114.09754,30.4593],[114.09494,30.45881],[114.09276,30.45851],[114.09202,30.45841],[114.09188,30.45839],[114.09112,30.45828],[114.09014,30.45816],[114.08589,30.45759],[114.08515,30.45748],[114.08339,30.45724],[114.08241,30.45711],[114.08015,30.4568],[114.07963,30.45672],[114.07913,30.45665],[114.07879,30.45661],[114.07353,30.45587],[114.07249,30.45581],[114.07004,30.45551],[114.06919,30.45524]]}},{"type":"Feature","properties":{"id":"RD0094","name":"关豹高速","category":"road","roadType":"motorway","ref":"S8"},"geometry":{"type":"LineString","coordinates":[[114.53918,30.46975],[114.53624,30.47072],[114.53403,30.4713],[114.53339,30.47144],[114.52923,30.47202],[114.52679,30.47214],[114.525,30.47212],[114.52337,30.47204],[114.51906,30.47163],[114.51647,30.4714],[114.5133,30.47124],[114.5101,30.47125],[114.50851,30.47131],[114.5052,30.47154],[114.50198,30.47191],[114.49754,30.47269],[114.49276,30.47351],[114.49123,30.4737],[114.48804,30.474],[114.48479,30.47416],[114.48096,30.47417],[114.47958,30.47413],[114.47739,30.47401],[114.47191,30.47336]]}},{"type":"Feature","properties":{"id":"RD0095","name":"澳门路","category":"road","roadType":"primary","ref":""},"geometry":{"type":"LineString","coordinates":[[114.2801,30.60863],[114.28036,30.60842],[114.28092,30.60802],[114.28113,30.60792],[114.28155,30.60782],[114.2822,30.60774],[114.28335,30.60771],[114.2836,30.60773],[114.28431,30.6077],[114.28485,30.60758],[114.28533,30.60726],[114.28586,30.6068],[114.28606,30.60663],[114.28693,30.60599],[114.28773,30.60541],[114.28835,30.60494],[114.28926,30.60436],[114.28979,30.60406],[114.29067,30.60357],[114.29112,30.6033],[114.29128,30.60315],[114.29144,30.60305],[114.29268,30.60242],[114.29317,30.60221]]}},{"type":"Feature","properties":{"id":"RD0096","name":"机场高速","category":"road","roadType":"motorway","ref":"S18"},"geometry":{"type":"LineString","coordinates":[[114.22852,30.73167],[114.22688,30.73862],[114.22568,30.74261],[114.22495,30.74451],[114.22244,30.75021],[114.22177,30.75131],[114.22152,30.75161],[114.22129,30.75168],[114.22087,30.75164],[114.22056,30.75144],[114.2178,30.74667],[114.21642,30.74458],[114.21609,30.74427],[114.2154,30.7437],[114.21448,30.74317],[114.21362,30.7428],[114.21203,30.74245],[114.21157,30.74239],[114.20994,30.74245],[114.20758,30.74261],[114.20229,30.7429],[114.20172,30.74295],[114.20033,30.74315],[114.19915,30.74364]]}},{"type":"Feature","properties":{"id":"RD0097","name":"未命名道路","category":"road","roadType":"trunk","ref":""},"geometry":{"type":"LineString","coordinates":[[114.41687,30.49823],[114.41674,30.49717],[114.41643,30.49453],[114.4164,30.49438],[114.41608,30.49156],[114.416,30.48918],[114.4158,30.48613],[114.41576,30.48562],[114.41552,30.48337],[114.41516,30.48058],[114.41486,30.47809],[114.41464,30.47507],[114.41464,30.47503],[114.41467,30.47128],[114.41475,30.4654],[114.41483,30.46376],[114.41577,30.44201],[114.4158,30.4417],[114.41591,30.44107],[114.41637,30.43969],[114.41697,30.43874],[114.41767,30.43788],[114.41864,30.43696],[114.4271,30.43144]]}},{"type":"Feature","properties":{"id":"RD0098","name":"未命名道路","category":"road","roadType":"trunk","ref":""},"geometry":{"type":"LineString","coordinates":[[114.42612,30.43215],[114.41868,30.43703],[114.41773,30.4379],[114.41703,30.43879],[114.41646,30.43974],[114.41619,30.44041],[114.4159,30.44162],[114.41584,30.44302],[114.41507,30.46089],[114.4149,30.46587],[114.41481,30.46832],[114.41478,30.47227],[114.41479,30.47453],[114.41483,30.47624],[114.41519,30.47998],[114.41539,30.48118],[114.41595,30.48579],[114.41596,30.48613],[114.41609,30.48918],[114.41619,30.49155],[114.41655,30.49442],[114.41661,30.49478],[114.41674,30.49615],[114.41701,30.49821]]}},{"type":"Feature","properties":{"id":"RD0099","name":"光谷转盘","category":"road","roadType":"trunk","ref":""},"geometry":{"type":"LineString","coordinates":[[114.39311,30.50906],[114.39289,30.50888],[114.3928,30.50876],[114.39271,30.50851],[114.3927,30.50831],[114.39276,30.50809],[114.39282,30.50799],[114.39296,30.50782],[114.39316,30.50769],[114.39344,30.5076],[114.39359,30.50758],[114.39389,30.50761],[114.39418,30.50773],[114.3944,30.50792],[114.39448,30.50803],[114.39458,30.50831],[114.39454,30.50863],[114.39437,30.50891],[114.39427,30.50899],[114.39406,30.50912],[114.39379,30.50919],[114.3935,30.50919],[114.39336,30.50916],[114.39311,30.50906]]}},{"type":"Feature","properties":{"id":"RD0100","name":"机场二通道","category":"road","roadType":"motorway","ref":"S19"},"geometry":{"type":"LineString","coordinates":[[114.2171,30.69168],[114.21276,30.69262],[114.21157,30.6929],[114.20972,30.6933],[114.20675,30.69396],[114.205,30.69443],[114.20412,30.6947],[114.20225,30.6954],[114.20056,30.69622],[114.19922,30.69697],[114.19865,30.69733],[114.19725,30.69833],[114.19652,30.69895],[114.19542,30.69997],[114.19435,30.70106],[114.19328,30.70234],[114.19272,30.70316],[114.19185,30.70458],[114.19149,30.70531],[114.19085,30.70673],[114.19039,30.70808],[114.18993,30.70981],[114.18984,30.7102],[114.18972,30.71105]]}},{"type":"Feature","properties":{"id":"RD0101","name":"关豹高速","category":"road","roadType":"motorway","ref":"S8"},"geometry":{"type":"LineString","coordinates":[[114.47217,30.47316],[114.47416,30.4736],[114.47629,30.47382],[114.47852,30.47398],[114.48283,30.47409],[114.48702,30.47397],[114.48984,30.47375],[114.49267,30.47342],[114.49542,30.473],[114.49817,30.47247],[114.50065,30.47203],[114.50324,30.47166],[114.50582,30.47139],[114.50844,30.47122],[114.51093,30.47115],[114.51583,30.47126],[114.52067,30.4717],[114.52518,30.47204],[114.52643,30.47206],[114.52949,30.47191],[114.53286,30.47144],[114.53534,30.47088],[114.53632,30.4706],[114.53911,30.46965]]}},{"type":"Feature","properties":{"id":"RD0102","name":"未命名道路","category":"road","roadType":"trunk","ref":"G107"},"geometry":{"type":"LineString","coordinates":[[114.2559,30.3818],[114.25574,30.38326],[114.25559,30.38398],[114.25539,30.38452],[114.25509,30.38527],[114.25421,30.3869],[114.25376,30.38768],[114.25354,30.38824],[114.25336,30.38929],[114.25337,30.38984],[114.25354,30.39166],[114.2536,30.39262],[114.2535,30.39418],[114.25321,30.39562],[114.25305,30.39693],[114.2528,30.39923],[114.2523,30.40195],[114.25208,30.40355],[114.25204,30.40494],[114.25244,30.40868],[114.25291,30.41029],[114.25384,30.41212],[114.25432,30.41369],[114.25453,30.41444]]}},{"type":"Feature","properties":{"id":"RD0103","name":"未命名道路","category":"road","roadType":"primary","ref":""},"geometry":{"type":"LineString","coordinates":[[114.19857,30.37276],[114.20232,30.37313],[114.20245,30.37315],[114.20764,30.3737],[114.21317,30.37433],[114.21511,30.37481],[114.21947,30.37685],[114.22039,30.37751],[114.22255,30.37931],[114.22301,30.37966],[114.22397,30.3803],[114.22596,30.3813],[114.22679,30.38151],[114.22771,30.38169],[114.22818,30.38176],[114.22853,30.38179],[114.22968,30.38182],[114.23156,30.38173],[114.23779,30.38113],[114.24089,30.38085],[114.24427,30.38057],[114.24793,30.3802],[114.2516,30.37952],[114.25582,30.37877]]}},{"type":"Feature","properties":{"id":"RD0104","name":"未命名道路","category":"road","roadType":"primary","ref":""},"geometry":{"type":"LineString","coordinates":[[114.3672,30.41265],[114.36707,30.41143],[114.36687,30.40777],[114.36688,30.40477],[114.36688,30.40467],[114.36687,30.40455],[114.36684,30.4007],[114.36675,30.39787],[114.36668,30.39522],[114.36668,30.39518],[114.36663,30.39345],[114.3666,30.39205],[114.3666,30.39112],[114.36653,30.38914],[114.36643,30.38546],[114.36635,30.38252],[114.36636,30.37893],[114.36617,30.37502],[114.3661,30.3684],[114.36587,30.36314],[114.36582,30.36203],[114.36582,30.35937],[114.36625,30.35518],[114.36642,30.35328]]}},{"type":"Feature","properties":{"id":"RD0105","name":"东风大道","category":"road","roadType":"trunk","ref":"G318"},"geometry":{"type":"LineString","coordinates":[[114.07174,30.45549],[114.07873,30.45644],[114.07919,30.45649],[114.08003,30.45662],[114.08242,30.45695],[114.08339,30.45707],[114.08516,30.45732],[114.08757,30.45764],[114.09079,30.45808],[114.09094,30.4581],[114.09215,30.45826],[114.09495,30.45865],[114.09691,30.459],[114.09791,30.45923],[114.09903,30.45955],[114.09982,30.45981],[114.10229,30.46075],[114.10498,30.46201],[114.10599,30.46248],[114.10687,30.4629],[114.10956,30.46418],[114.11046,30.4646],[114.11403,30.46624],[114.11502,30.4667]]}},{"type":"Feature","properties":{"id":"RD0106","name":"金桥大道","category":"road","roadType":"primary","ref":""},"geometry":{"type":"LineString","coordinates":[[114.29075,30.65985],[114.29051,30.65926],[114.29023,30.65854],[114.28953,30.65613],[114.28825,30.65237],[114.28794,30.65133],[114.28729,30.64977],[114.28632,30.64804],[114.28436,30.6452],[114.28423,30.64501],[114.28345,30.64387],[114.28223,30.64207],[114.28106,30.64032],[114.28026,30.6381],[114.28009,30.63678],[114.28009,30.63612],[114.28011,30.63595],[114.28017,30.6357],[114.28043,30.6344],[114.28062,30.63385],[114.2809,30.633],[114.28113,30.63224],[114.28124,30.63189],[114.28174,30.63017]]}},{"type":"Feature","properties":{"id":"RD0107","name":"文化大道","category":"road","roadType":"primary","ref":""},"geometry":{"type":"LineString","coordinates":[[114.31601,30.4281],[114.31608,30.42498],[114.31617,30.42146],[114.31613,30.4202],[114.31608,30.41989],[114.31591,30.41918],[114.31395,30.41258],[114.31314,30.40977],[114.31298,30.40835],[114.31299,30.4074],[114.31386,30.40347],[114.31403,30.40279],[114.31533,30.39763],[114.3162,30.39336],[114.3164,30.38779],[114.3164,30.38774],[114.31642,30.38722],[114.31665,30.38023],[114.31656,30.37893],[114.31645,30.37804],[114.31633,30.37713],[114.31625,30.37488],[114.31678,30.3706],[114.3168,30.37039]]}},{"type":"Feature","properties":{"id":"RD0108","name":"江北快速路","category":"road","roadType":"trunk","ref":""},"geometry":{"type":"LineString","coordinates":[[114.34914,30.66495],[114.34784,30.66335],[114.34729,30.66234],[114.34513,30.65939],[114.34172,30.65525],[114.34147,30.65493],[114.34089,30.65402],[114.34043,30.65317],[114.33906,30.65048],[114.33892,30.65024],[114.33857,30.64975],[114.33751,30.64831],[114.33723,30.64789],[114.33489,30.644],[114.33414,30.64301],[114.33384,30.64273],[114.333,30.64207],[114.33133,30.64103],[114.32881,30.63892],[114.32736,30.63769],[114.32668,30.63702],[114.32574,30.63562],[114.32492,30.63432],[114.32323,30.63154]]}},{"type":"Feature","properties":{"id":"RD0109","name":"解放大道","category":"road","roadType":"primary","ref":""},"geometry":{"type":"LineString","coordinates":[[114.22079,30.58295],[114.22208,30.58204],[114.22257,30.5817],[114.22299,30.58142],[114.22392,30.58089],[114.22487,30.58038],[114.22586,30.57984],[114.22645,30.57955],[114.22796,30.57889],[114.22881,30.5786],[114.23013,30.57828],[114.23086,30.57817],[114.23139,30.57811],[114.23216,30.57807],[114.23307,30.57806],[114.2332,30.57806],[114.23331,30.57806],[114.23504,30.57804],[114.23719,30.57795],[114.23796,30.57793],[114.23987,30.57782],[114.24207,30.57771],[114.24245,30.57772],[114.24293,30.5778]]}},{"type":"Feature","properties":{"id":"RD0110","name":"发展大道","category":"road","roadType":"primary","ref":""},"geometry":{"type":"LineString","coordinates":[[114.27244,30.62322],[114.27097,30.62272],[114.27044,30.62254],[114.26885,30.622],[114.26761,30.62156],[114.26665,30.6212],[114.26541,30.62087],[114.26397,30.62049],[114.26064,30.6197],[114.26021,30.6196],[114.26002,30.61955],[114.25802,30.61905],[114.25771,30.61897],[114.25753,30.61893],[114.25719,30.61884],[114.25709,30.61882],[114.25413,30.61809],[114.25399,30.61806],[114.25272,30.61767],[114.25188,30.61744],[114.25109,30.61721],[114.24849,30.6164],[114.2479,30.61622],[114.24601,30.61563]]}},{"type":"Feature","properties":{"id":"RD0111","name":"北京 - 香港","category":"road","roadType":"trunk","ref":"G107"},"geometry":{"type":"LineString","coordinates":[[113.99229,30.68746],[113.99437,30.6838],[113.99499,30.68281],[113.99622,30.68097],[113.99771,30.67926],[113.99847,30.67851],[114.00606,30.67078],[114.01182,30.66481],[114.0178,30.65885],[114.0234,30.65313],[114.0291,30.6474],[114.0352,30.6412],[114.03522,30.64118],[114.03538,30.64101],[114.03919,30.63716],[114.03962,30.63674],[114.0407,30.6358],[114.04268,30.63462],[114.0473,30.63258],[114.04734,30.63256],[114.04753,30.63248],[114.05135,30.63078],[114.05228,30.63035],[114.05318,30.62997]]}},{"type":"Feature","properties":{"id":"RD0112","name":"未命名道路","category":"road","roadType":"primary","ref":""},"geometry":{"type":"LineString","coordinates":[[114.22061,30.44839],[114.22458,30.44923],[114.22578,30.44945],[114.22659,30.44976],[114.22727,30.45021],[114.22758,30.45048],[114.22919,30.45233],[114.23006,30.45317],[114.23128,30.45444],[114.23174,30.45502],[114.23287,30.45688],[114.23375,30.45842],[114.23561,30.46162],[114.23804,30.46577],[114.23988,30.46876],[114.24072,30.46995],[114.24131,30.4707],[114.24303,30.4727],[114.24617,30.47656],[114.24653,30.47699],[114.24711,30.47773],[114.24783,30.47893],[114.2482,30.47977],[114.24872,30.48122]]}},{"type":"Feature","properties":{"id":"RD0113","name":"未命名道路","category":"road","roadType":"trunk","ref":"G107;G316"},"geometry":{"type":"LineString","coordinates":[[114.05323,30.63009],[114.05144,30.63086],[114.05038,30.63135],[114.04735,30.63267],[114.04274,30.63472],[114.04177,30.63522],[114.04007,30.63647],[114.03929,30.63723],[114.0355,30.64106],[114.03532,30.64125],[114.03056,30.64607],[114.02958,30.64708],[114.0238,30.65291],[114.02354,30.65319],[114.01652,30.6603],[114.01175,30.66523],[114.00898,30.66801],[114.00618,30.67082],[113.99856,30.67858],[113.9978,30.67933],[113.99633,30.68102],[113.9951,30.68286],[113.99448,30.68385],[113.9924,30.68751]]}},{"type":"Feature","properties":{"id":"RD0114","name":"光谷大道","category":"road","roadType":"primary","ref":""},"geometry":{"type":"LineString","coordinates":[[114.4321,30.42834],[114.43131,30.42886],[114.43086,30.42915],[114.42704,30.43162],[114.42344,30.43399],[114.42253,30.43458],[114.42151,30.43523],[114.41927,30.43666],[114.4188,30.43699],[114.41784,30.43788],[114.41742,30.43833],[114.41705,30.43883],[114.41635,30.44019],[114.41628,30.4404],[114.41599,30.44161],[114.41594,30.44245],[114.41586,30.44371],[114.4158,30.44504],[114.41573,30.44685],[114.4157,30.44746],[114.4156,30.44987],[114.41558,30.45065],[114.41556,30.45115],[114.41555,30.45145]]}},{"type":"Feature","properties":{"id":"RD0115","name":"未命名道路","category":"road","roadType":"primary","ref":""},"geometry":{"type":"LineString","coordinates":[[114.25585,30.3789],[114.25162,30.37961],[114.24801,30.38027],[114.24645,30.38047],[114.24235,30.38083],[114.2409,30.38094],[114.23541,30.38144],[114.23014,30.3819],[114.22968,30.38191],[114.22852,30.38188],[114.22769,30.38178],[114.22736,30.38172],[114.22592,30.38139],[114.22499,30.381],[114.22334,30.38],[114.22248,30.37938],[114.22097,30.37807],[114.21941,30.37692],[114.21507,30.3749],[114.21315,30.37442],[114.20763,30.3738],[114.20274,30.37327],[114.20243,30.37324],[114.19859,30.37293]]}},{"type":"Feature","properties":{"id":"RD0116","name":"森林大道","category":"road","roadType":"trunk","ref":"G316"},"geometry":{"type":"LineString","coordinates":[[114.46606,30.51157],[114.46579,30.51165],[114.46573,30.51166],[114.46505,30.51184],[114.46381,30.51218],[114.46344,30.51224],[114.46276,30.5123],[114.46191,30.51228],[114.46127,30.51219],[114.4602,30.51203],[114.45947,30.51201],[114.45883,30.51208],[114.45693,30.51243],[114.45583,30.5126],[114.4541,30.51279],[114.45317,30.51294],[114.45178,30.51307],[114.45085,30.51315],[114.44996,30.51321],[114.44923,30.5132],[114.44791,30.51311],[114.44715,30.513],[114.44595,30.51283],[114.44431,30.51251]]}},{"type":"Feature","properties":{"id":"RD0117","name":"森林大道","category":"road","roadType":"trunk","ref":"G316"},"geometry":{"type":"LineString","coordinates":[[114.44445,30.51241],[114.44528,30.51254],[114.44678,30.51278],[114.44857,30.51302],[114.4492,30.51303],[114.44941,30.51303],[114.45096,30.51296],[114.45321,30.51278],[114.45352,30.51275],[114.45432,30.51268],[114.45579,30.51251],[114.4569,30.51232],[114.45843,30.51204],[114.45881,30.51197],[114.45985,30.51189],[114.46062,30.51198],[114.4607,30.51199],[114.46195,30.51218],[114.46276,30.51221],[114.46308,30.51218],[114.46376,30.5121],[114.46503,30.51175],[114.46554,30.5116],[114.46577,30.51154]]}},{"type":"Feature","properties":{"id":"RD0118","name":"友谊大道","category":"road","roadType":"primary","ref":""},"geometry":{"type":"LineString","coordinates":[[114.3967,30.62163],[114.39507,30.62165],[114.39497,30.62165],[114.39308,30.62167],[114.39049,30.62167],[114.39036,30.62166],[114.38728,30.62166],[114.38463,30.62167],[114.38239,30.62163],[114.3817,30.62162],[114.3816,30.62163],[114.38131,30.62163],[114.38079,30.62164],[114.38055,30.62159],[114.3802,30.62146],[114.37924,30.621],[114.3782,30.62051],[114.37274,30.61799],[114.3716,30.61747],[114.36843,30.61604],[114.36386,30.61398],[114.36048,30.61182],[114.35877,30.61078],[114.35784,30.61019]]}},{"type":"Feature","properties":{"id":"RD0119","name":"汉施大道","category":"road","roadType":"trunk","ref":"S111"},"geometry":{"type":"LineString","coordinates":[[114.57143,30.70447],[114.57061,30.7044],[114.57036,30.70438],[114.56671,30.70422],[114.56445,30.70414],[114.56433,30.70413],[114.56409,30.70412],[114.56065,30.70399],[114.55831,30.7039],[114.55618,30.70382],[114.55555,30.70379],[114.55524,30.70379],[114.55462,30.70379],[114.55431,30.70381],[114.55372,30.70386],[114.55315,30.70395],[114.55289,30.70399],[114.55237,30.70409],[114.55185,30.70421],[114.55155,30.70429],[114.55096,30.70449],[114.55003,30.70489],[114.54957,30.70511],[114.54937,30.70521]]}},{"type":"Feature","properties":{"id":"RD0120","name":"未命名道路","category":"road","roadType":"primary","ref":""},"geometry":{"type":"LineString","coordinates":[[114.24865,30.48126],[114.24788,30.47926],[114.24766,30.47881],[114.24698,30.47771],[114.24646,30.47705],[114.24536,30.47583],[114.24411,30.4742],[114.24128,30.47087],[114.24114,30.4707],[114.24069,30.47017],[114.23917,30.46789],[114.2386,30.46686],[114.23756,30.46514],[114.23442,30.45978],[114.23289,30.45718],[114.23184,30.45543],[114.23149,30.45494],[114.23061,30.45393],[114.22955,30.4529],[114.22925,30.4526],[114.22841,30.4517],[114.22685,30.45032],[114.22615,30.44994],[114.22057,30.44852]]}},{"type":"Feature","properties":{"id":"RD0121","name":"沿江大道","category":"road","roadType":"primary","ref":""},"geometry":{"type":"LineString","coordinates":[[114.30095,30.59652],[114.30008,30.59503],[114.30004,30.59492],[114.29981,30.59424],[114.29904,30.59278],[114.29875,30.5922],[114.29789,30.59035],[114.29726,30.58895],[114.29633,30.58691],[114.29607,30.58634],[114.29516,30.58476],[114.29419,30.58302],[114.29401,30.5827],[114.29271,30.58036],[114.29216,30.57938],[114.29211,30.5793],[114.29212,30.57913],[114.2922,30.57901],[114.29233,30.57886],[114.29239,30.57869],[114.29232,30.57852],[114.29196,30.57773],[114.2917,30.57717],[114.29097,30.57562]]}},{"type":"Feature","properties":{"id":"RD0122","name":"文化大道","category":"road","roadType":"primary","ref":""},"geometry":{"type":"LineString","coordinates":[[114.30999,30.44946],[114.3101,30.4499],[114.31048,30.45069],[114.31086,30.45111],[114.31106,30.45131],[114.31148,30.45169],[114.31236,30.45241],[114.31313,30.45305],[114.31597,30.45557],[114.31775,30.45715],[114.31957,30.45879],[114.32033,30.45933],[114.32053,30.45945],[114.32139,30.45981],[114.32171,30.45998],[114.32187,30.4601],[114.32212,30.46039],[114.32223,30.46056],[114.32251,30.46123],[114.3228,30.46166],[114.32294,30.46184],[114.32336,30.46224],[114.32363,30.4625],[114.32493,30.46368]]}},{"type":"Feature","properties":{"id":"RD0123","name":"全力二路高架","category":"road","roadType":"primary","ref":""},"geometry":{"type":"LineString","coordinates":[[114.08615,30.45574],[114.08765,30.4475],[114.08764,30.4472],[114.08759,30.4469],[114.08755,30.44672],[114.08743,30.44639],[114.08719,30.44603],[114.08701,30.44583],[114.08672,30.44556],[114.08641,30.44533],[114.08606,30.44505],[114.08574,30.44476],[114.0856,30.44458],[114.08537,30.44424],[114.08521,30.44388],[114.08516,30.44368],[114.08512,30.44316],[114.08515,30.4428],[114.08523,30.44233],[114.08555,30.44049],[114.08564,30.44],[114.08581,30.43936],[114.08591,30.4391],[114.08608,30.43874]]}},{"type":"Feature","properties":{"id":"RD0124","name":"建设大道","category":"road","roadType":"primary","ref":""},"geometry":{"type":"LineString","coordinates":[[114.2281,30.58943],[114.22754,30.58939],[114.22742,30.58937],[114.22725,30.58932],[114.22714,30.58927],[114.22673,30.58909],[114.22654,30.58901],[114.22593,30.58873],[114.22482,30.58823],[114.22458,30.58815],[114.22415,30.58803],[114.22373,30.58793],[114.22309,30.58783],[114.22297,30.5878],[114.22282,30.58775],[114.22278,30.58774],[114.22266,30.58764],[114.22255,30.58748],[114.2222,30.58681],[114.22137,30.58519],[114.22122,30.58487],[114.22086,30.58427],[114.22064,30.58401],[114.2203,30.58362]]}},{"type":"Feature","properties":{"id":"RD0125","name":"未命名道路","category":"road","roadType":"primary","ref":""},"geometry":{"type":"LineString","coordinates":[[114.35348,30.32796],[114.35362,30.32885],[114.35397,30.32966],[114.35518,30.33175],[114.35643,30.33386],[114.35683,30.33496],[114.35693,30.33556],[114.35693,30.33828],[114.35697,30.33877],[114.35696,30.33967],[114.35706,30.34092],[114.3573,30.34169],[114.35791,30.34298],[114.35829,30.34357],[114.35932,30.34471],[114.35996,30.34522],[114.36337,30.34727],[114.3647,30.34822],[114.36491,30.34844],[114.36588,30.34973],[114.366,30.35007],[114.36616,30.35049],[114.36639,30.35137],[114.36659,30.35172]]}},{"type":"Feature","properties":{"id":"RD0126","name":"建设大道","category":"road","roadType":"primary","ref":""},"geometry":{"type":"LineString","coordinates":[[114.30234,30.63138],[114.30227,30.63065],[114.30215,30.62971],[114.30166,30.6289],[114.30083,30.62815],[114.29855,30.62617],[114.29691,30.62474],[114.2955,30.62361],[114.29423,30.62258],[114.29316,30.62172],[114.29296,30.62156],[114.29281,30.62145],[114.29247,30.62116],[114.29221,30.62093],[114.29119,30.62004],[114.29056,30.6195],[114.28864,30.61776],[114.28574,30.61535],[114.28511,30.6148],[114.28317,30.61281],[114.28264,30.61216],[114.28168,30.6107],[114.28143,30.61036],[114.281,30.60977]]}},{"type":"Feature","properties":{"id":"RD0127","name":"解放大道","category":"road","roadType":"trunk","ref":"G107"},"geometry":{"type":"LineString","coordinates":[[114.32193,30.63975],[114.32319,30.64229],[114.32338,30.64267],[114.32463,30.64545],[114.32496,30.64641],[114.32505,30.64667],[114.32526,30.6473],[114.32611,30.6497],[114.32694,30.65193],[114.32758,30.6537],[114.32791,30.65481],[114.32792,30.65483],[114.32852,30.65646],[114.32884,30.65744],[114.32954,30.65926],[114.32962,30.65942],[114.33004,30.66062],[114.33054,30.66202],[114.33073,30.66248],[114.33181,30.66535],[114.33225,30.6665],[114.33319,30.66892],[114.33341,30.66952],[114.33348,30.66974]]}},{"type":"Feature","properties":{"id":"RD0128","name":"文化大道","category":"road","roadType":"primary","ref":""},"geometry":{"type":"LineString","coordinates":[[114.32432,30.46327],[114.32277,30.46192],[114.32257,30.46173],[114.32224,30.46147],[114.32199,30.46132],[114.32139,30.46106],[114.32111,30.46094],[114.32059,30.46066],[114.32032,30.46037],[114.32022,30.46024],[114.32004,30.45983],[114.31988,30.45948],[114.31965,30.45911],[114.31952,30.45895],[114.31901,30.45847],[114.31671,30.45638],[114.31589,30.45564],[114.31302,30.45314],[114.31228,30.45252],[114.31059,30.451],[114.31042,30.45075],[114.31016,30.45034],[114.31002,30.45002],[114.30989,30.44952]]}},{"type":"Feature","properties":{"id":"RD0129","name":"金龙大街","category":"road","roadType":"primary","ref":""},"geometry":{"type":"LineString","coordinates":[[114.38286,30.37992],[114.37618,30.37954],[114.37118,30.37923],[114.36643,30.37907],[114.36636,30.37906],[114.36254,30.37866],[114.35993,30.37768],[114.35451,30.37536],[114.35242,30.375],[114.35136,30.37498],[114.34962,30.37513],[114.34843,30.37535],[114.34611,30.37621],[114.34195,30.37892],[114.33877,30.38059],[114.33587,30.38226],[114.33494,30.3827],[114.33396,30.38309],[114.33384,30.38313],[114.33319,30.38334],[114.33212,30.38349],[114.3309,30.38348],[114.32987,30.38327],[114.32902,30.38304]]}},{"type":"Feature","properties":{"id":"RD0130","name":"汉施大道","category":"road","roadType":"trunk","ref":"S111"},"geometry":{"type":"LineString","coordinates":[[114.54936,30.70507],[114.5495,30.705],[114.54996,30.70478],[114.55061,30.7045],[114.55091,30.70438],[114.55151,30.70419],[114.55182,30.7041],[114.55234,30.70398],[114.55286,30.70388],[114.55312,30.70384],[114.5537,30.70375],[114.554,30.70372],[114.55461,30.70368],[114.55492,30.70367],[114.55555,30.70368],[114.55587,30.70369],[114.56066,30.70388],[114.56409,30.70401],[114.56421,30.70402],[114.56438,30.70402],[114.56444,30.70402],[114.5698,30.70423],[114.57062,30.70429],[114.57144,30.70435]]}},{"type":"Feature","properties":{"id":"RD0131","name":"金桥大道","category":"road","roadType":"primary","ref":""},"geometry":{"type":"LineString","coordinates":[[114.28207,30.63025],[114.28174,30.63131],[114.28142,30.63234],[114.28075,30.63441],[114.28071,30.6346],[114.28056,30.63542],[114.28047,30.63604],[114.28045,30.63623],[114.28045,30.63653],[114.2805,30.63733],[114.28065,30.63829],[114.2814,30.64025],[114.28147,30.64035],[114.28308,30.64267],[114.28324,30.64296],[114.28381,30.64379],[114.28445,30.64458],[114.28499,30.64544],[114.28552,30.64618],[114.28809,30.65046],[114.28881,30.65256],[114.28929,30.65438],[114.28993,30.65635],[114.291,30.6601]]}},{"type":"Feature","properties":{"id":"RD0132","name":"经开大道","category":"road","roadType":"primary","ref":""},"geometry":{"type":"LineString","coordinates":[[114.13596,30.38886],[114.13372,30.3867],[114.1333,30.38629],[114.13054,30.38319],[114.13024,30.38278],[114.12982,30.38223],[114.12955,30.38182],[114.12868,30.38043],[114.1286,30.38031],[114.12555,30.37556],[114.12527,30.37518],[114.12484,30.3747],[114.12468,30.3746],[114.12317,30.37396],[114.12311,30.37392],[114.12217,30.37344],[114.12156,30.37316],[114.12023,30.37274],[114.11961,30.37261],[114.11812,30.37242],[114.11745,30.37242],[114.11625,30.37248],[114.11575,30.37256],[114.11001,30.37355]]}},{"type":"Feature","properties":{"id":"RD0133","name":"长丰大道","category":"road","roadType":"trunk","ref":""},"geometry":{"type":"LineString","coordinates":[[114.22415,30.60838],[114.22533,30.60837],[114.22559,30.60838],[114.22572,30.60839],[114.22576,30.60839],[114.22696,30.60834],[114.2271,30.60833],[114.22739,30.60827],[114.22754,30.60823],[114.22775,30.60816],[114.22783,30.60813],[114.22828,30.60789],[114.22838,30.60779],[114.22851,30.60757],[114.22852,30.60748],[114.22846,30.60729],[114.2284,30.6072],[114.22818,30.60705],[114.22807,30.60702],[114.22781,30.60704],[114.2277,30.60708],[114.22751,30.60726],[114.22746,30.60737],[114.22747,30.60757]]}},{"type":"Feature","properties":{"id":"RD0134","name":"後官湖特大橋","category":"road","roadType":"motorway","ref":"S40"},"geometry":{"type":"LineString","coordinates":[[114.13055,30.47645],[114.12603,30.48383],[114.1228,30.48884],[114.12165,30.491],[114.12112,30.49237],[114.12045,30.49561],[114.12036,30.49717],[114.12066,30.50015],[114.12094,30.50131],[114.12208,30.50408],[114.12311,30.50583],[114.12489,30.50802],[114.12585,30.50889],[114.12788,30.51053],[114.12971,30.51171],[114.13171,30.51297],[114.1327,30.5138],[114.13447,30.51553],[114.1354,30.5167],[114.13697,30.5196],[114.13744,30.52103],[114.13786,30.52286],[114.13801,30.52435],[114.13796,30.52593]]}},{"type":"Feature","properties":{"id":"RD0135","name":"未命名道路","category":"road","roadType":"primary","ref":""},"geometry":{"type":"LineString","coordinates":[[114.44634,30.48916],[114.44769,30.48875],[114.44868,30.48844],[114.45036,30.48798],[114.45097,30.48784],[114.4519,30.48766],[114.45267,30.48751],[114.4545,30.48732],[114.45532,30.48727],[114.45754,30.48719],[114.45782,30.4872],[114.46015,30.48735],[114.46093,30.48743],[114.46276,30.48771],[114.46356,30.48786],[114.4647,30.48807],[114.4668,30.48848],[114.46879,30.48886],[114.46896,30.48888],[114.47171,30.48936],[114.47177,30.48936],[114.47273,30.48948],[114.47288,30.4895],[114.47497,30.48971]]}},{"type":"Feature","properties":{"id":"RD0136","name":"高新二路","category":"road","roadType":"primary","ref":""},"geometry":{"type":"LineString","coordinates":[[114.43134,30.47912],[114.43074,30.47914],[114.42978,30.47924],[114.42783,30.47944],[114.42734,30.47951],[114.42644,30.47962],[114.42622,30.47964],[114.42496,30.47964],[114.42431,30.47965],[114.42399,30.47969],[114.42375,30.47973],[114.42353,30.47979],[114.42312,30.47991],[114.42282,30.47998],[114.42249,30.48003],[114.42226,30.48004],[114.42199,30.48005],[114.42161,30.48006],[114.42129,30.48008],[114.41957,30.48023],[114.41944,30.48023],[114.41895,30.48024],[114.4186,30.48027],[114.41536,30.48058]]}},{"type":"Feature","properties":{"id":"RD0137","name":"机场高速","category":"road","roadType":"motorway","ref":"S18"},"geometry":{"type":"LineString","coordinates":[[114.19902,30.74345],[114.20036,30.74297],[114.20084,30.74291],[114.20177,30.74283],[114.20755,30.74246],[114.21058,30.74227],[114.21105,30.74228],[114.21249,30.74236],[114.21343,30.74254],[114.21468,30.74306],[114.21546,30.74348],[114.21696,30.74498],[114.2182,30.74713],[114.22058,30.75124],[114.22075,30.75143],[114.22112,30.75153],[114.22126,30.75151],[114.22154,30.75137],[114.22165,30.75126],[114.22229,30.75024],[114.22251,30.74978],[114.22307,30.74849],[114.22512,30.74372],[114.22831,30.73164]]}},{"type":"Feature","properties":{"id":"RD0138","name":"白沙洲大道","category":"road","roadType":"primary","ref":"G107"},"geometry":{"type":"LineString","coordinates":[[114.29512,30.52163],[114.29507,30.52132],[114.29505,30.52119],[114.29483,30.52024],[114.29466,30.51936],[114.29454,30.5187],[114.29453,30.51863],[114.29417,30.51672],[114.29389,30.51506],[114.29371,30.51419],[114.29368,30.51403],[114.29353,30.51352],[114.2932,30.51275],[114.29254,30.51149],[114.2919,30.51026],[114.29124,30.50906],[114.29112,30.50886],[114.29088,30.5085],[114.29054,30.50798],[114.28987,30.50704],[114.28931,30.50644],[114.28838,30.50553],[114.2863,30.50348],[114.28293,30.49986]]}},{"type":"Feature","properties":{"id":"RD0139","name":"珞喻路","category":"road","roadType":"trunk","ref":""},"geometry":{"type":"LineString","coordinates":[[114.39311,30.50906],[114.39294,30.50906],[114.39275,30.50909],[114.39252,30.50915],[114.39181,30.50935],[114.3915,30.50948],[114.39034,30.51004],[114.38992,30.51031],[114.38915,30.51084],[114.38849,30.51133],[114.38753,30.51215],[114.38579,30.51366],[114.38211,30.51687],[114.38186,30.51707],[114.38121,30.51747],[114.38083,30.51764],[114.3796,30.51803],[114.37887,30.51819],[114.37802,30.51838],[114.37795,30.51839],[114.37613,30.5188],[114.37455,30.51915],[114.37195,30.51974],[114.36824,30.52057]]}},{"type":"Feature","properties":{"id":"RD0140","name":"雄楚大道","category":"road","roadType":"primary","ref":""},"geometry":{"type":"LineString","coordinates":[[114.3141,30.5228],[114.31427,30.52275],[114.3189,30.52154],[114.31987,30.52128],[114.32124,30.52092],[114.32232,30.52065],[114.32269,30.52056],[114.32298,30.52049],[114.32397,30.52023],[114.32686,30.51949],[114.3287,30.51899],[114.32933,30.51871],[114.33029,30.51799],[114.33065,30.51765],[114.33182,30.51655],[114.332,30.51638],[114.33345,30.51505],[114.33367,30.51484],[114.33419,30.51435],[114.3344,30.51418],[114.33468,30.51396],[114.33494,30.51381],[114.3356,30.51359],[114.3361,30.51348]]}},{"type":"Feature","properties":{"id":"RD0141","name":"雄楚大道地面道","category":"road","roadType":"primary","ref":""},"geometry":{"type":"LineString","coordinates":[[114.33616,30.51377],[114.33582,30.51384],[114.33504,30.51408],[114.33479,30.51419],[114.33393,30.51487],[114.33354,30.51518],[114.33214,30.51647],[114.33193,30.51666],[114.33011,30.51835],[114.32984,30.51859],[114.32948,30.51882],[114.32935,30.51889],[114.32813,30.51932],[114.32691,30.51965],[114.32313,30.5207],[114.3228,30.52078],[114.32267,30.52081],[114.3223,30.5209],[114.32092,30.5212],[114.31896,30.52169],[114.31794,30.52197],[114.31779,30.52201],[114.31437,30.52292],[114.31415,30.52298]]}},{"type":"Feature","properties":{"id":"RD0142","name":"南湖大道","category":"road","roadType":"primary","ref":""},"geometry":{"type":"LineString","coordinates":[[114.36495,30.48391],[114.36478,30.48388],[114.36294,30.48326],[114.36203,30.48296],[114.35994,30.48238],[114.35865,30.48218],[114.35729,30.48208],[114.35695,30.48209],[114.35531,30.48219],[114.35269,30.48251],[114.35088,30.48274],[114.3503,30.48279],[114.34792,30.48289],[114.34682,30.48286],[114.3438,30.48267],[114.34367,30.48266],[114.34156,30.48258],[114.33976,30.48257],[114.33732,30.48257],[114.33718,30.48257],[114.33624,30.48251],[114.33555,30.48244],[114.33387,30.48221],[114.33375,30.48215]]}},{"type":"Feature","properties":{"id":"RD0143","name":"发展大道","category":"road","roadType":"primary","ref":""},"geometry":{"type":"LineString","coordinates":[[114.30239,30.63227],[114.30247,30.63229],[114.30291,30.63252],[114.30322,30.63265],[114.30402,30.63304],[114.30482,30.63344],[114.30556,30.63383],[114.30619,30.63419],[114.30782,30.63489],[114.30864,30.63513],[114.30965,30.63539],[114.31074,30.63566],[114.31244,30.63607],[114.31267,30.63612],[114.3132,30.63626],[114.31397,30.63645],[114.31511,30.63674],[114.31565,30.63686],[114.31654,30.63691],[114.31696,30.63685],[114.31806,30.63637],[114.31841,30.63636],[114.31911,30.63599],[114.31938,30.63584]]}},{"type":"Feature","properties":{"id":"RD0144","name":"杨泗港快速通道","category":"road","roadType":"trunk","ref":""},"geometry":{"type":"LineString","coordinates":[[114.19345,30.54015],[114.19388,30.54006],[114.19489,30.53969],[114.19538,30.53954],[114.19616,30.53942],[114.19669,30.53941],[114.19796,30.53934],[114.1991,30.53928],[114.20112,30.5391],[114.20155,30.53897],[114.20371,30.53798],[114.20693,30.53639],[114.21249,30.5337],[114.21282,30.53354],[114.21609,30.53191],[114.21717,30.53138],[114.21993,30.52999],[114.22018,30.52987],[114.22206,30.52892],[114.22323,30.52837],[114.22868,30.52563],[114.23091,30.52459],[114.23371,30.52318],[114.23449,30.52281]]}},{"type":"Feature","properties":{"id":"RD0145","name":"金龙大街","category":"road","roadType":"primary","ref":""},"geometry":{"type":"LineString","coordinates":[[114.32912,30.38297],[114.32997,30.38321],[114.33139,30.38338],[114.33209,30.38336],[114.33323,30.38317],[114.33364,30.38308],[114.33415,30.3829],[114.33487,30.38262],[114.33581,30.38216],[114.34184,30.37878],[114.34607,30.37607],[114.34701,30.37569],[114.34844,30.37524],[114.34957,30.37503],[114.35164,30.37488],[114.35274,30.37493],[114.35475,30.3753],[114.35558,30.37553],[114.3626,30.37849],[114.36406,30.3787],[114.36642,30.37885],[114.37118,30.37914],[114.38139,30.37975],[114.38196,30.37979]]}},{"type":"Feature","properties":{"id":"RD0146","name":"解放大道","category":"road","roadType":"trunk","ref":""},"geometry":{"type":"LineString","coordinates":[[114.31929,30.74801],[114.31953,30.7475],[114.32101,30.7454],[114.32281,30.74298],[114.32393,30.7411],[114.32414,30.74071],[114.32696,30.73531],[114.32755,30.73287],[114.32867,30.72973],[114.3298,30.72686],[114.33325,30.71904],[114.33436,30.71657],[114.33629,30.7122],[114.33654,30.71135],[114.3373,30.70807],[114.33877,30.70239],[114.34019,30.69791],[114.3406,30.69631],[114.34089,30.69472],[114.34094,30.69402],[114.34098,30.69282],[114.34092,30.69199],[114.34069,30.69034],[114.34026,30.68856]]}},{"type":"Feature","properties":{"id":"RD0147","name":"後官湖特大橋","category":"road","roadType":"motorway","ref":"S40"},"geometry":{"type":"LineString","coordinates":[[114.13777,30.52592],[114.13781,30.52514],[114.13766,30.52289],[114.1375,30.52197],[114.13676,30.51962],[114.13604,30.51814],[114.13422,30.51556],[114.1334,30.51469],[114.13162,30.51316],[114.13092,30.51266],[114.12792,30.51077],[114.12694,30.51005],[114.12486,30.50827],[114.12382,30.50709],[114.12188,30.50419],[114.1212,30.50263],[114.12045,30.50018],[114.1202,30.49852],[114.12026,30.49557],[114.12048,30.49393],[114.12136,30.49105],[114.12196,30.48981],[114.12804,30.48007],[114.13039,30.47639]]}},{"type":"Feature","properties":{"id":"RD0148","name":"雄楚大道","category":"road","roadType":"primary","ref":""},"geometry":{"type":"LineString","coordinates":[[114.39962,30.50002],[114.39762,30.50011],[114.39346,30.50031],[114.39271,30.50035],[114.39198,30.50039],[114.39005,30.50047],[114.38733,30.50063],[114.38707,30.50065],[114.38617,30.5008],[114.38558,30.50098],[114.38491,30.50123],[114.38483,30.50127],[114.3842,30.50162],[114.38392,30.50178],[114.38338,30.50214],[114.38229,30.50282],[114.38119,30.50355],[114.38002,30.50432],[114.37967,30.50454],[114.37681,30.50642],[114.37592,30.50699],[114.37547,30.50725],[114.37509,30.50739],[114.37486,30.50744]]}},{"type":"Feature","properties":{"id":"RD0149","name":"黄浦大街","category":"road","roadType":"primary","ref":""},"geometry":{"type":"LineString","coordinates":[[114.30401,30.61539],[114.30391,30.61543],[114.30366,30.61553],[114.30177,30.61663],[114.29932,30.618],[114.29851,30.61844],[114.29678,30.61942],[114.29661,30.61953],[114.29402,30.62092],[114.29338,30.6212],[114.29296,30.62138],[114.29281,30.62145],[114.29199,30.62184],[114.29155,30.62206],[114.29003,30.62286],[114.28997,30.6229],[114.28918,30.62333],[114.28819,30.62392],[114.28666,30.62493],[114.28581,30.62549],[114.28453,30.62629],[114.28399,30.62666],[114.28371,30.62693],[114.28367,30.6271]]}},{"type":"Feature","properties":{"id":"RD0150","name":"未命名道路","category":"road","roadType":"primary","ref":""},"geometry":{"type":"LineString","coordinates":[[114.15623,30.41172],[114.1563,30.41182],[114.15704,30.41285],[114.15747,30.41357],[114.15764,30.41477],[114.15754,30.4153],[114.15713,30.41609],[114.1568,30.41644],[114.15584,30.417],[114.15513,30.41726],[114.1529,30.41806],[114.15247,30.41821],[114.15065,30.41879],[114.15017,30.41895],[114.14948,30.41918],[114.14869,30.41941],[114.1471,30.41962],[114.14633,30.41958],[114.14307,30.41878],[114.14283,30.41872],[114.13687,30.41715],[114.13672,30.41711],[114.13505,30.41682],[114.12983,30.41613]]}},{"type":"Feature","properties":{"id":"RD0151","name":"南湖大道","category":"road","roadType":"primary","ref":""},"geometry":{"type":"LineString","coordinates":[[114.33375,30.48215],[114.33398,30.48216],[114.33549,30.48236],[114.3367,30.48247],[114.33861,30.48248],[114.33889,30.48248],[114.34152,30.48251],[114.34165,30.48251],[114.34208,30.48253],[114.3434,30.48259],[114.34439,30.48264],[114.34792,30.48282],[114.34931,30.4828],[114.35086,30.48266],[114.3516,30.48258],[114.35534,30.48211],[114.35655,30.48202],[114.35737,30.482],[114.35865,30.48212],[114.3595,30.48222],[114.3609,30.48252],[114.36208,30.48289],[114.36438,30.48369],[114.36476,30.48377]]}},{"type":"Feature","properties":{"id":"RD0152","name":"光谷大道","category":"road","roadType":"primary","ref":""},"geometry":{"type":"LineString","coordinates":[[114.43183,30.42832],[114.43198,30.42823],[114.4323,30.42802],[114.43264,30.4278],[114.43312,30.42749],[114.43429,30.42682],[114.43634,30.42547],[114.43773,30.42459],[114.43821,30.42429],[114.44014,30.42303],[114.44111,30.42239],[114.44144,30.42218],[114.44175,30.42198],[114.44186,30.42192],[114.44218,30.4217],[114.44332,30.42094],[114.44372,30.42069],[114.4453,30.41968],[114.44676,30.41874],[114.44748,30.41827],[114.44837,30.41768],[114.44853,30.41758],[114.44926,30.4171],[114.44936,30.41705]]}},{"type":"Feature","properties":{"id":"RD0153","name":"老武黄路","category":"road","roadType":"trunk","ref":"G316"},"geometry":{"type":"LineString","coordinates":[[114.48449,30.51022],[114.48536,30.51047],[114.48605,30.51068],[114.48844,30.51138],[114.49368,30.51292],[114.4939,30.51303],[114.49449,30.5134],[114.49496,30.51391],[114.49513,30.51417],[114.49559,30.51491],[114.49599,30.51555],[114.49628,30.51613],[114.49637,30.51728],[114.4965,30.5182],[114.49665,30.51852],[114.49747,30.51942],[114.49781,30.51965],[114.49831,30.51988],[114.50077,30.5202],[114.50162,30.52029],[114.50332,30.52065],[114.50414,30.52093],[114.50535,30.52136],[114.50621,30.52153]]}},{"type":"Feature","properties":{"id":"RD0154","name":"汉阳大道","category":"road","roadType":"primary","ref":""},"geometry":{"type":"LineString","coordinates":[[114.23698,30.55604],[114.23716,30.55594],[114.23752,30.55577],[114.23988,30.55491],[114.24339,30.55399],[114.2447,30.55375],[114.2448,30.55372],[114.24492,30.5537],[114.24623,30.55351],[114.24772,30.55329],[114.24969,30.55299],[114.25264,30.55258],[114.25407,30.5524],[114.25546,30.5522],[114.25562,30.55218],[114.25698,30.55201],[114.25757,30.55201],[114.25768,30.552],[114.25901,30.55204],[114.25976,30.55206],[114.26047,30.55209],[114.2606,30.55209],[114.26085,30.5521],[114.26113,30.55212]]}},{"type":"Feature","properties":{"id":"RD0155","name":"二环线高架","category":"road","roadType":"trunk","ref":""},"geometry":{"type":"LineString","coordinates":[[114.30805,30.52562],[114.3093,30.52542],[114.31037,30.52499],[114.31109,30.52445],[114.31249,30.52343],[114.31307,30.52317],[114.31477,30.52267],[114.31677,30.52217],[114.31779,30.5219],[114.31891,30.5216],[114.32062,30.52114],[114.32237,30.52071],[114.32261,30.52065],[114.32699,30.51952],[114.32836,30.51915],[114.32977,30.51852],[114.33248,30.51602],[114.33364,30.51494],[114.33453,30.51416],[114.33494,30.51389],[114.33649,30.51349],[114.33911,30.51309],[114.34063,30.51285],[114.34171,30.5127]]}},{"type":"Feature","properties":{"id":"RD0156","name":"二环线","category":"road","roadType":"trunk","ref":""},"geometry":{"type":"LineString","coordinates":[[114.23409,30.55278],[114.23379,30.55292],[114.23234,30.55367],[114.23189,30.55387],[114.23089,30.55418],[114.22768,30.55458],[114.22448,30.55497],[114.22368,30.55506],[114.22298,30.55516],[114.22192,30.55531],[114.22128,30.55543],[114.22048,30.55563],[114.2193,30.55608],[114.21633,30.55727],[114.21502,30.55774],[114.21137,30.55861],[114.20867,30.55927],[114.20787,30.55947],[114.20695,30.55963],[114.20665,30.55966],[114.20578,30.55971],[114.20523,30.55978],[114.20462,30.55993],[114.2042,30.56005]]}},{"type":"Feature","properties":{"id":"RD0157","name":"青年路","category":"road","roadType":"primary","ref":""},"geometry":{"type":"LineString","coordinates":[[114.25801,30.59979],[114.25802,30.59936],[114.25799,30.59833],[114.25799,30.59825],[114.25784,30.59709],[114.25779,30.59678],[114.25774,30.59644],[114.25762,30.59577],[114.25749,30.59489],[114.25743,30.59411],[114.25745,30.59391],[114.2576,30.59338],[114.25778,30.59281],[114.25808,30.59185],[114.25831,30.59111],[114.25858,30.59019],[114.25878,30.58962],[114.25903,30.58878],[114.25944,30.58752],[114.2596,30.58704],[114.2599,30.58611],[114.26002,30.58571],[114.26031,30.58474],[114.26034,30.58463]]}},{"type":"Feature","properties":{"id":"RD0158","name":"工农路","category":"road","roadType":"primary","ref":"G107;G316"},"geometry":{"type":"LineString","coordinates":[[114.1583,30.61677],[114.15839,30.61664],[114.15916,30.61563],[114.15975,30.61491],[114.16006,30.61452],[114.16066,30.61377],[114.16109,30.6133],[114.16127,30.61315],[114.16158,30.61293],[114.16183,30.61281],[114.16217,30.61269],[114.1631,30.61242],[114.16408,30.61214],[114.16533,30.61181],[114.16604,30.61162],[114.16814,30.61109],[114.16943,30.61075],[114.1698,30.61064],[114.17054,30.61026],[114.17135,30.60987],[114.17313,30.60893],[114.17466,30.60818],[114.1765,30.60725],[114.17763,30.60663]]}},{"type":"Feature","properties":{"id":"RD0159","name":"硚孝高速","category":"road","roadType":"motorway","ref":"S17"},"geometry":{"type":"LineString","coordinates":[[114.15666,30.65938],[114.15623,30.65817],[114.15526,30.65502],[114.15517,30.6543],[114.15471,30.65198],[114.15443,30.6505],[114.15428,30.64951],[114.15424,30.64906],[114.15413,30.64756],[114.154,30.64095],[114.15394,30.63804],[114.15396,30.63684],[114.15396,30.63644],[114.15405,30.63577],[114.15414,30.63541],[114.1544,30.6348],[114.15459,30.63446],[114.15483,30.63416],[114.15543,30.63363],[114.1557,30.63342],[114.1564,30.63302],[114.15691,30.63281],[114.15789,30.63253],[114.15871,30.63231]]}},{"type":"Feature","properties":{"id":"RD0160","name":"解放大道","category":"road","roadType":"primary","ref":"G107;G316"},"geometry":{"type":"LineString","coordinates":[[114.17763,30.60663],[114.17819,30.60641],[114.18332,30.60385],[114.1839,30.60355],[114.18762,30.60166],[114.18999,30.60047],[114.1903,30.60033],[114.19496,30.59795],[114.19718,30.59684],[114.20157,30.59457],[114.20288,30.5939],[114.20424,30.59298],[114.20544,30.59212],[114.20673,30.5912],[114.2068,30.59115],[114.20848,30.59011],[114.20991,30.5894],[114.21173,30.58856],[114.21458,30.5873],[114.21471,30.58723],[114.21615,30.58651],[114.21664,30.58613],[114.21885,30.58438],[114.21973,30.58369]]}},{"type":"Feature","properties":{"id":"RD0161","name":"航空路立交桥","category":"road","roadType":"primary","ref":""},"geometry":{"type":"LineString","coordinates":[[114.2611,30.58279],[114.26106,30.58276],[114.261,30.58266],[114.26099,30.58261],[114.26099,30.5825],[114.26101,30.58244],[114.26105,30.58239],[114.26116,30.58231],[114.26123,30.58228],[114.26138,30.58228],[114.26145,30.58229],[114.26151,30.58232],[114.26161,30.5824],[114.26164,30.58245],[114.26166,30.5825],[114.26166,30.58262],[114.26164,30.58267],[114.26157,30.58277],[114.26151,30.58281],[114.26145,30.58284],[114.26134,30.58286],[114.26127,30.58286],[114.26116,30.58282],[114.2611,30.58279]]}},{"type":"Feature","properties":{"id":"RD0162","name":"未命名道路","category":"road","roadType":"primary","ref":""},"geometry":{"type":"LineString","coordinates":[[114.36655,30.35236],[114.36647,30.35221],[114.36626,30.35117],[114.366,30.35027],[114.36573,30.3496],[114.36516,30.34882],[114.36471,30.34836],[114.36348,30.34741],[114.36158,30.34631],[114.3587,30.34421],[114.35833,30.34376],[114.3578,30.34297],[114.35711,30.34135],[114.35699,30.3409],[114.35688,30.34007],[114.35684,30.33829],[114.35689,30.33706],[114.35669,30.33471],[114.35643,30.33405],[114.35622,30.33369],[114.35423,30.33032],[114.3537,30.32934],[114.35341,30.32828],[114.35339,30.32797]]}},{"type":"Feature","properties":{"id":"RD0163","name":"花城大道","category":"road","roadType":"primary","ref":""},"geometry":{"type":"LineString","coordinates":[[114.48717,30.55959],[114.48751,30.55958],[114.49251,30.5593],[114.49321,30.55922],[114.4936,30.55914],[114.49412,30.55904],[114.49421,30.55902],[114.49473,30.55888],[114.49568,30.5586],[114.49753,30.55779],[114.49826,30.55735],[114.49836,30.55728],[114.50226,30.55458],[114.50368,30.55359],[114.50635,30.55168],[114.50775,30.5507],[114.50896,30.54997],[114.51079,30.54861],[114.51171,30.54797],[114.51276,30.54728],[114.51348,30.54682],[114.51418,30.54642],[114.51602,30.54562],[114.5163,30.54552]]}},{"type":"Feature","properties":{"id":"RD0164","name":"三环线","category":"road","roadType":"trunk","ref":""},"geometry":{"type":"LineString","coordinates":[[114.19428,30.62689],[114.19241,30.62681],[114.18902,30.62665],[114.18772,30.62662],[114.18562,30.6265],[114.18467,30.62649],[114.18379,30.62654],[114.18192,30.62684],[114.18117,30.62705],[114.17979,30.62755],[114.179,30.62785],[114.17787,30.62831],[114.17596,30.62902],[114.17526,30.6292],[114.17471,30.62931],[114.17355,30.62943],[114.17267,30.62946],[114.16845,30.62945],[114.16801,30.62944],[114.16752,30.62943],[114.16579,30.62914],[114.16534,30.629],[114.1645,30.62867],[114.16433,30.62859]]}},{"type":"Feature","properties":{"id":"RD0165","name":"盘龙大道","category":"road","roadType":"primary","ref":"G318"},"geometry":{"type":"LineString","coordinates":[[114.25811,30.69035],[114.2575,30.69108],[114.25568,30.69429],[114.25537,30.69494],[114.25481,30.69733],[114.2548,30.69749],[114.25475,30.69812],[114.2547,30.69863],[114.2547,30.69929],[114.25471,30.70239],[114.25468,30.70913],[114.25473,30.71176],[114.25468,30.71561],[114.2547,30.718],[114.25463,30.72384],[114.25465,30.72515],[114.25464,30.72726],[114.25473,30.73036],[114.25478,30.73048],[114.25481,30.73063],[114.25467,30.73185],[114.25462,30.73205],[114.25467,30.73517],[114.25466,30.73683]]}},{"type":"Feature","properties":{"id":"RD0166","name":"未命名道路","category":"road","roadType":"primary","ref":""},"geometry":{"type":"LineString","coordinates":[[114.36649,30.35328],[114.36645,30.35393],[114.36593,30.35938],[114.36587,30.36103],[114.36595,30.36301],[114.36596,30.36314],[114.36617,30.3684],[114.36619,30.37189],[114.36626,30.37502],[114.36643,30.37907],[114.36643,30.38218],[114.36646,30.38265],[114.36656,30.38698],[114.36662,30.38913],[114.36666,30.39054],[114.36671,30.39337],[114.36675,30.39522],[114.36683,30.39787],[114.3669,30.39995],[114.36692,30.40229],[114.36694,30.40475],[114.36694,30.40561],[114.36699,30.40878],[114.3672,30.41265]]}},{"type":"Feature","properties":{"id":"RD0167","name":"未命名道路","category":"road","roadType":"primary","ref":""},"geometry":{"type":"LineString","coordinates":[[114.09156,30.45807],[114.09195,30.45812],[114.09304,30.45827],[114.09341,30.45832],[114.09697,30.45889],[114.09763,30.45903],[114.09797,30.45912],[114.09989,30.4597],[114.10155,30.46031],[114.1036,30.46123],[114.10505,30.46191],[114.10551,30.46212],[114.1056,30.46217],[114.10606,30.46238],[114.10695,30.46279],[114.10963,30.46407],[114.1101,30.4643],[114.11018,30.46434],[114.11054,30.4645],[114.11392,30.46606],[114.11436,30.46626],[114.11507,30.46659],[114.11723,30.46765],[114.11915,30.46862]]}},{"type":"Feature","properties":{"id":"RD0168","name":"纸坊大街","category":"road","roadType":"primary","ref":""},"geometry":{"type":"LineString","coordinates":[[114.2773,30.33506],[114.27792,30.33574],[114.27834,30.33597],[114.27859,30.33612],[114.27914,30.33687],[114.27942,30.33707],[114.27996,30.33741],[114.28052,30.33757],[114.28087,30.33759],[114.28174,30.3375],[114.28204,30.33753],[114.28228,30.33763],[114.2827,30.33809],[114.2828,30.33891],[114.28291,30.33936],[114.28307,30.33984],[114.28329,30.34001],[114.28444,30.34079],[114.28553,30.34116],[114.28592,30.34144],[114.28789,30.34273],[114.29052,30.34304],[114.29098,30.34306],[114.29119,30.34301]]}},{"type":"Feature","properties":{"id":"RD0169","name":"全力二路高架","category":"road","roadType":"primary","ref":""},"geometry":{"type":"LineString","coordinates":[[114.08615,30.43879],[114.08608,30.43894],[114.08591,30.43936],[114.08581,30.4397],[114.08565,30.44046],[114.08533,30.44233],[114.08525,30.44275],[114.08522,30.4434],[114.08527,30.44372],[114.08551,30.4443],[114.08571,30.44459],[114.0859,30.4448],[114.0865,30.44529],[114.08676,30.44549],[114.08695,30.44565],[114.08739,30.44614],[114.08753,30.44639],[114.08769,30.44691],[114.08774,30.4472],[114.08775,30.4475],[114.08751,30.44896],[114.08717,30.45083],[114.08662,30.45387],[114.08626,30.45574]]}},{"type":"Feature","properties":{"id":"RD0170","name":"未命名道路","category":"road","roadType":"primary","ref":""},"geometry":{"type":"LineString","coordinates":[[114.49737,30.49204],[114.49715,30.49203],[114.49472,30.49209],[114.49286,30.49214],[114.4919,30.49216],[114.48948,30.49211],[114.48796,30.49197],[114.48772,30.49195],[114.48727,30.49196],[114.48718,30.49203],[114.48716,30.49213],[114.48705,30.49213],[114.48694,30.49198],[114.48669,30.49184],[114.4865,30.49179],[114.48637,30.49177],[114.48478,30.49149],[114.4831,30.49114],[114.48249,30.49102],[114.48068,30.49071],[114.48028,30.49065],[114.47927,30.4905],[114.47643,30.49025],[114.4758,30.49019]]}},{"type":"Feature","properties":{"id":"RD0171","name":"文化大道","category":"road","roadType":"primary","ref":""},"geometry":{"type":"LineString","coordinates":[[114.31691,30.37038],[114.3169,30.37044],[114.31637,30.37488],[114.31635,30.37572],[114.31647,30.37714],[114.31669,30.37905],[114.31677,30.38022],[114.31666,30.38251],[114.31652,30.38775],[114.31634,30.3929],[114.31633,30.39337],[114.31421,30.40279],[114.31418,30.40291],[114.31313,30.4074],[114.3131,30.40834],[114.31315,30.40902],[114.31407,30.41256],[114.3155,30.41727],[114.31575,30.41809],[114.31629,30.42007],[114.3163,30.42015],[114.31633,30.42134],[114.31617,30.42769],[114.31616,30.4281]]}},{"type":"Feature","properties":{"id":"RD0172","name":"汉阳大道","category":"road","roadType":"primary","ref":""},"geometry":{"type":"LineString","coordinates":[[114.19046,30.56858],[114.19033,30.56862],[114.19007,30.56869],[114.18916,30.56896],[114.18852,30.56918],[114.18771,30.56944],[114.18709,30.56956],[114.18667,30.56961],[114.18539,30.56955],[114.18476,30.56944],[114.18432,30.56929],[114.18388,30.56911],[114.18327,30.56885],[114.18227,30.56839],[114.18193,30.56827],[114.18104,30.56809],[114.17696,30.56736],[114.17536,30.56709],[114.17441,30.56704],[114.17143,30.56712],[114.1709,30.56718],[114.1704,30.56723],[114.16911,30.56727],[114.1675,30.5673]]}},{"type":"Feature","properties":{"id":"RD0173","name":"机场二通道","category":"road","roadType":"motorway","ref":"S19"},"geometry":{"type":"LineString","coordinates":[[114.18956,30.71084],[114.18965,30.71018],[114.19,30.70874],[114.1902,30.70803],[114.19043,30.70737],[114.19094,30.70603],[114.19132,30.70525],[114.19167,30.70451],[114.19255,30.70308],[114.19312,30.70225],[114.19342,30.70189],[114.1942,30.70096],[114.19528,30.69986],[114.19638,30.69883],[114.19712,30.69821],[114.19749,30.69794],[114.19853,30.6972],[114.19911,30.69683],[114.19989,30.69638],[114.20135,30.69564],[114.20216,30.69526],[114.20314,30.69488],[114.20494,30.69427],[114.2057,30.69405]]}},{"type":"Feature","properties":{"id":"RD0174","name":"二环线","category":"road","roadType":"trunk","ref":""},"geometry":{"type":"LineString","coordinates":[[114.20488,30.55967],[114.2052,30.55963],[114.20643,30.55953],[114.20689,30.55949],[114.20751,30.55939],[114.20874,30.55914],[114.21078,30.55868],[114.21402,30.55793],[114.21502,30.55768],[114.21519,30.55762],[114.21555,30.55749],[114.21702,30.55691],[114.21789,30.55657],[114.22046,30.55557],[114.22096,30.55543],[114.2213,30.55536],[114.22212,30.55522],[114.22451,30.55491],[114.2255,30.55479],[114.23126,30.55398],[114.23157,30.55387],[114.23184,30.55377],[114.23374,30.55283],[114.23401,30.55268]]}},{"type":"Feature","properties":{"id":"RD0175","name":"老武黄路","category":"road","roadType":"trunk","ref":"G316"},"geometry":{"type":"LineString","coordinates":[[114.5053,30.52147],[114.5048,30.52131],[114.50328,30.52076],[114.50248,30.52057],[114.5016,30.52041],[114.49885,30.52013],[114.49826,30.51999],[114.49773,30.51975],[114.49708,30.51924],[114.49653,30.51858],[114.49637,30.51824],[114.49623,30.51729],[114.49614,30.51614],[114.49594,30.51572],[114.49562,30.5152],[114.49501,30.51423],[114.49439,30.51349],[114.49391,30.51319],[114.49383,30.51313],[114.4924,30.51267],[114.48839,30.51149],[114.48768,30.51128],[114.48444,30.51033],[114.48403,30.51019]]}},{"type":"Feature","properties":{"id":"RD0176","name":"未命名道路","category":"road","roadType":"primary","ref":""},"geometry":{"type":"LineString","coordinates":[[114.52958,30.48747],[114.52938,30.48751],[114.52907,30.48768],[114.52908,30.4879],[114.52912,30.4888],[114.52908,30.4905],[114.52914,30.49065],[114.52924,30.49075],[114.5295,30.49081],[114.53091,30.49078],[114.53138,30.49073],[114.53293,30.49072],[114.53448,30.49074],[114.53512,30.49076],[114.53565,30.49078],[114.53658,30.49084],[114.53716,30.49087],[114.53793,30.49093],[114.53896,30.49102],[114.53934,30.49103],[114.53971,30.49101],[114.53992,30.49099],[114.54066,30.49089],[114.54127,30.49077]]}},{"type":"Feature","properties":{"id":"RD0177","name":"107国道","category":"road","roadType":"trunk","ref":"G107"},"geometry":{"type":"LineString","coordinates":[[114.25515,30.37682],[114.25474,30.37492],[114.25461,30.37414],[114.25411,30.37023],[114.25402,30.36967],[114.25367,30.36789],[114.25331,30.36634],[114.25302,30.36518],[114.25277,30.36358],[114.25275,30.35921],[114.25277,30.35533],[114.25277,30.35474],[114.25274,30.35413],[114.25243,30.35223],[114.25159,30.34863],[114.25155,30.34843],[114.25144,30.34737],[114.25144,30.347],[114.25149,30.34653],[114.25206,30.34376],[114.25215,30.3428],[114.25218,30.34237],[114.25218,30.34202],[114.25195,30.33772]]}},{"type":"Feature","properties":{"id":"RD0178","name":"徐东大街","category":"road","roadType":"primary","ref":""},"geometry":{"type":"LineString","coordinates":[[114.33832,30.59199],[114.33836,30.59197],[114.33863,30.59176],[114.33899,30.59148],[114.33922,30.59131],[114.33972,30.59094],[114.3407,30.59022],[114.34112,30.58992],[114.34166,30.58949],[114.34243,30.5889],[114.34331,30.58823],[114.34439,30.58745],[114.34521,30.58687],[114.34557,30.58659],[114.34572,30.5865],[114.34644,30.58594],[114.34701,30.58549],[114.34744,30.58515],[114.34787,30.58481],[114.34897,30.58391],[114.34924,30.58372],[114.34946,30.58356],[114.34959,30.58347],[114.35082,30.58254]]}},{"type":"Feature","properties":{"id":"RD0179","name":"森林大道","category":"road","roadType":"trunk","ref":""},"geometry":{"type":"LineString","coordinates":[[114.46577,30.51154],[114.46582,30.51153],[114.46631,30.5114],[114.46688,30.51123],[114.46713,30.51112],[114.46761,30.51073],[114.46852,30.50977],[114.46892,30.50935],[114.46908,30.50921],[114.46957,30.50889],[114.46982,30.50878],[114.46993,30.50873],[114.47047,30.50855],[114.47119,30.50843],[114.47178,30.50833],[114.47332,30.50806],[114.47389,30.50796],[114.47496,30.50779],[114.47524,30.50776],[114.47587,30.50777],[114.4762,30.5078],[114.47639,30.50784],[114.47818,30.50834],[114.47908,30.5086]]}},{"type":"Feature","properties":{"id":"RD0180","name":"解放大道","category":"road","roadType":"primary","ref":""},"geometry":{"type":"LineString","coordinates":[[114.29317,30.60221],[114.29289,30.60197],[114.29202,30.60123],[114.29154,30.60081],[114.29144,30.60072],[114.29052,30.59988],[114.29015,30.59956],[114.28953,30.59903],[114.28921,30.59882],[114.28813,30.59794],[114.28779,30.5976],[114.2877,30.59752],[114.28735,30.59716],[114.28724,30.59706],[114.28714,30.59695],[114.28667,30.59641],[114.28594,30.59562],[114.28562,30.59514],[114.28516,30.59464],[114.28436,30.5938],[114.28335,30.5927],[114.28327,30.59261],[114.28255,30.59177],[114.28185,30.59103]]}},{"type":"Feature","properties":{"id":"RD0181","name":"白沙洲大道","category":"road","roadType":"primary","ref":"G107"},"geometry":{"type":"LineString","coordinates":[[114.29133,30.50864],[114.29137,30.5087],[114.29151,30.50893],[114.29187,30.5095],[114.29238,30.51048],[114.29297,30.51163],[114.29303,30.51175],[114.29346,30.51265],[114.29352,30.51277],[114.29398,30.51375],[114.29417,30.51469],[114.29423,30.51498],[114.29446,30.5163],[114.29453,30.51669],[114.29454,30.51673],[114.29473,30.51781],[114.29479,30.51814],[114.29484,30.51842],[114.29485,30.51847],[114.29489,30.51871],[114.29496,30.51907],[114.29499,30.51926],[114.29507,30.51971],[114.29516,30.52044]]}},{"type":"Feature","properties":{"id":"RD0182","name":"三环线","category":"road","roadType":"trunk","ref":""},"geometry":{"type":"LineString","coordinates":[[114.16308,30.59143],[114.16252,30.58998],[114.16063,30.58567],[114.16059,30.5856],[114.15966,30.58325],[114.15921,30.58193],[114.15907,30.58048],[114.15919,30.5779],[114.15942,30.57472],[114.15981,30.56854],[114.15983,30.56829],[114.16001,30.56574],[114.16043,30.56176],[114.16091,30.55983],[114.16159,30.55774],[114.16413,30.55039],[114.1651,30.5475],[114.16727,30.54127],[114.1684,30.53786],[114.16988,30.53358],[114.17046,30.53252],[114.17102,30.53182],[114.17237,30.53057],[114.17512,30.52878]]}},{"type":"Feature","properties":{"id":"RD0183","name":"武金堤大道","category":"road","roadType":"primary","ref":""},"geometry":{"type":"LineString","coordinates":[[114.27439,30.50653],[114.27425,30.50641],[114.27087,30.50363],[114.26954,30.50238],[114.26917,30.50205],[114.26852,30.50151],[114.26831,30.50134],[114.26817,30.50124],[114.2681,30.50119],[114.26622,30.50006],[114.26581,30.49979],[114.26566,30.49965],[114.26348,30.49748],[114.26342,30.49742],[114.26283,30.49691],[114.25972,30.49414],[114.25962,30.49406],[114.25952,30.49396],[114.25844,30.49266],[114.25424,30.48768],[114.25415,30.48759],[114.25233,30.48577],[114.24975,30.48331],[114.24947,30.48273]]}},{"type":"Feature","properties":{"id":"RD0184","name":"汉津大道","category":"road","roadType":"primary","ref":""},"geometry":{"type":"LineString","coordinates":[[114.07046,30.58125],[114.07306,30.58151],[114.07493,30.58171],[114.07537,30.58176],[114.07665,30.58189],[114.08181,30.5822],[114.08453,30.58223],[114.08647,30.58222],[114.0872,30.58222],[114.08806,30.5822],[114.0984,30.58189],[114.10606,30.5815],[114.10957,30.58118],[114.11124,30.58101],[114.11396,30.58068],[114.12088,30.5795],[114.12541,30.57846],[114.12793,30.57789],[114.13171,30.57728],[114.13393,30.57681],[114.13467,30.57675],[114.13532,30.57675],[114.13687,30.57701],[114.1377,30.57723]]}},{"type":"Feature","properties":{"id":"RD0185","name":"汉津大道","category":"road","roadType":"primary","ref":""},"geometry":{"type":"LineString","coordinates":[[114.13765,30.57733],[114.13712,30.57719],[114.13529,30.57686],[114.1347,30.57686],[114.13397,30.57691],[114.13177,30.57739],[114.12789,30.57805],[114.12544,30.57861],[114.12086,30.57962],[114.114,30.58079],[114.1113,30.58112],[114.10959,30.58129],[114.10612,30.58161],[114.09843,30.582],[114.09126,30.58223],[114.0873,30.58237],[114.08714,30.58239],[114.08653,30.58239],[114.08459,30.5824],[114.08031,30.58222],[114.07664,30.582],[114.07504,30.58187],[114.07306,30.58164],[114.07045,30.58136]]}},{"type":"Feature","properties":{"id":"RD0186","name":"琴台大道","category":"road","roadType":"primary","ref":""},"geometry":{"type":"LineString","coordinates":[[114.20531,30.57342],[114.20408,30.57373],[114.20364,30.57386],[114.20156,30.57444],[114.1991,30.57506],[114.19883,30.57513],[114.19871,30.57515],[114.19862,30.57518],[114.19682,30.57564],[114.19375,30.57644],[114.19363,30.57646],[114.19334,30.57654],[114.191,30.57717],[114.19024,30.57735],[114.18942,30.57753],[114.18733,30.5779],[114.18646,30.57801],[114.18454,30.5781],[114.18177,30.57826],[114.18072,30.57831],[114.17907,30.57839],[114.1787,30.57841],[114.17705,30.5785],[114.17667,30.57853]]}},{"type":"Feature","properties":{"id":"RD0187","name":"晴川大道","category":"road","roadType":"primary","ref":""},"geometry":{"type":"LineString","coordinates":[[114.26756,30.53767],[114.26815,30.5388],[114.26857,30.53965],[114.26896,30.54031],[114.26923,30.54083],[114.26949,30.54132],[114.26957,30.54146],[114.26972,30.54171],[114.27,30.54227],[114.27044,30.54309],[114.27065,30.54349],[114.27085,30.54385],[114.27116,30.54441],[114.27127,30.54459],[114.27133,30.54469],[114.2716,30.54521],[114.27183,30.54564],[114.27198,30.54593],[114.27226,30.54645],[114.27275,30.54736],[114.273,30.5478],[114.27325,30.54826],[114.27341,30.54855],[114.27376,30.54915]]}},{"type":"Feature","properties":{"id":"RD0188","name":"解放大道","category":"road","roadType":"trunk","ref":""},"geometry":{"type":"LineString","coordinates":[[114.34072,30.68942],[114.3409,30.69041],[114.34113,30.6927],[114.34112,30.69331],[114.34111,30.69391],[114.34096,30.69546],[114.34079,30.6964],[114.34019,30.69848],[114.33896,30.70248],[114.3369,30.71074],[114.33674,30.71136],[114.33642,30.71227],[114.33495,30.71558],[114.33325,30.71929],[114.32992,30.7269],[114.32765,30.73289],[114.32731,30.73429],[114.32705,30.7353],[114.32666,30.73622],[114.32387,30.7415],[114.32357,30.74204],[114.32293,30.74305],[114.32014,30.74683],[114.31991,30.74715]]}},{"type":"Feature","properties":{"id":"RD0189","name":"解放大道","category":"road","roadType":"primary","ref":""},"geometry":{"type":"LineString","coordinates":[[114.24285,30.57794],[114.24267,30.5779],[114.24213,30.57784],[114.2418,30.57783],[114.2416,30.57784],[114.23925,30.57798],[114.23755,30.57808],[114.23697,30.5781],[114.23526,30.57816],[114.23352,30.57821],[114.23325,30.57821],[114.23275,30.57821],[114.23206,30.57822],[114.23173,30.57824],[114.23104,30.5783],[114.22986,30.57849],[114.22908,30.57868],[114.22835,30.57891],[114.22745,30.57931],[114.22635,30.57982],[114.22489,30.58054],[114.22408,30.58098],[114.22278,30.5818],[114.22112,30.58303]]}},{"type":"Feature","properties":{"id":"RD0190","name":"青年路","category":"road","roadType":"primary","ref":""},"geometry":{"type":"LineString","coordinates":[[114.26142,30.58296],[114.26131,30.583],[114.26121,30.58308],[114.26119,30.58312],[114.26057,30.58461],[114.26036,30.58514],[114.25993,30.58646],[114.25911,30.58903],[114.25872,30.5902],[114.25847,30.59101],[114.25806,30.59233],[114.25792,30.59282],[114.25774,30.59347],[114.25773,30.59372],[114.25771,30.59466],[114.2578,30.59528],[114.25791,30.59597],[114.25798,30.59634],[114.25804,30.59668],[114.25813,30.59714],[114.25821,30.59771],[114.25827,30.59817],[114.25829,30.59925],[114.25823,30.59987]]}},{"type":"Feature","properties":{"id":"RD0191","name":"武汉绕城高速","category":"road","roadType":"motorway","ref":"G50;G4201"},"geometry":{"type":"LineString","coordinates":[[114.33086,30.31452],[114.33057,30.31447],[114.32423,30.31394],[114.31327,30.3139],[114.31028,30.31389],[114.3091,30.31391],[114.30639,30.31399],[114.30483,30.31411],[114.30326,30.31429],[114.30169,30.31451],[114.29697,30.31554],[114.29385,30.31649],[114.28704,30.31884],[114.28547,30.31929],[114.2653,30.32337],[114.26365,30.32367],[114.26121,30.324],[114.2596,30.32415],[114.24723,30.32497],[114.24328,30.32528],[114.24258,30.3254],[114.24131,30.32573],[114.23864,30.327],[114.23801,30.32741]]}},{"type":"Feature","properties":{"id":"RD0192","name":"珞喻路","category":"road","roadType":"trunk","ref":"G316"},"geometry":{"type":"LineString","coordinates":[[114.40772,30.50986],[114.40758,30.50988],[114.40579,30.51004],[114.40523,30.51008],[114.40485,30.51008],[114.40459,30.51007],[114.40406,30.51],[114.40383,30.50997],[114.40316,30.50989],[114.40217,30.50974],[114.40167,30.50973],[114.39871,30.5093],[114.39864,30.50929],[114.39845,30.50926],[114.39815,30.50921],[114.39795,30.50919],[114.39794,30.50919],[114.39722,30.50908],[114.39571,30.50889],[114.39533,30.50886],[114.39498,30.50884],[114.39481,30.50884],[114.39451,30.50887],[114.39437,30.50891]]}},{"type":"Feature","properties":{"id":"RD0193","name":"解放大道","category":"road","roadType":"primary","ref":"G107;G316"},"geometry":{"type":"LineString","coordinates":[[114.22054,30.58344],[114.2203,30.58362],[114.21908,30.58448],[114.21838,30.58501],[114.2183,30.58507],[114.21763,30.5856],[114.2169,30.58616],[114.21658,30.58642],[114.21646,30.58651],[114.21602,30.58684],[114.21511,30.58728],[114.21467,30.58747],[114.20922,30.58992],[114.20842,30.59034],[114.20708,30.59124],[114.20683,30.59141],[114.20369,30.59358],[114.20295,30.59404],[114.19844,30.59639],[114.19281,30.59924],[114.1904,30.60047],[114.19009,30.60063],[114.17841,30.60661],[114.17825,30.60668]]}},{"type":"Feature","properties":{"id":"RD0194","name":"团结大道","category":"road","roadType":"primary","ref":""},"geometry":{"type":"LineString","coordinates":[[114.43112,30.61387],[114.43104,30.61386],[114.42887,30.61379],[114.42742,30.61375],[114.42727,30.61375],[114.42586,30.61371],[114.42408,30.61365],[114.42253,30.61361],[114.4215,30.61356],[114.42142,30.61356],[114.42063,30.61354],[114.4198,30.61349],[114.41902,30.61338],[114.41892,30.61337],[114.41585,30.61287],[114.41547,30.6128],[114.41454,30.61265],[114.41355,30.61251],[114.41229,30.6123],[114.41136,30.61214],[114.41055,30.61201],[114.41036,30.61198],[114.40962,30.61184],[114.40933,30.61169]]}},{"type":"Feature","properties":{"id":"RD0195","name":"高新四路","category":"road","roadType":"primary","ref":""},"geometry":{"type":"LineString","coordinates":[[114.44914,30.4571],[114.44933,30.45715],[114.45078,30.4574],[114.45147,30.45749],[114.4525,30.4577],[114.45319,30.4578],[114.45536,30.45802],[114.45632,30.45812],[114.45683,30.45819],[114.45727,30.45828],[114.45865,30.45864],[114.45884,30.45877],[114.45905,30.45874],[114.4597,30.45891],[114.46106,30.45926],[114.46197,30.45947],[114.46274,30.45963],[114.4637,30.45981],[114.46509,30.45998],[114.46537,30.46002],[114.46603,30.4601],[114.46673,30.46015],[114.46762,30.46021],[114.46775,30.46022]]}},{"type":"Feature","properties":{"id":"RD0196","name":"未命名道路","category":"road","roadType":"primary","ref":""},"geometry":{"type":"LineString","coordinates":[[114.25179,30.63828],[114.25179,30.63827],[114.25218,30.63781],[114.25228,30.63769],[114.25242,30.63754],[114.25267,30.63726],[114.25349,30.63636],[114.25382,30.636],[114.25436,30.63543],[114.25494,30.63481],[114.25533,30.63436],[114.2558,30.63383],[114.25633,30.63326],[114.25677,30.63275],[114.25755,30.63195],[114.25794,30.63159],[114.25799,30.63153],[114.25839,30.63105],[114.25893,30.63043],[114.25945,30.6299],[114.25989,30.62936],[114.26049,30.62872],[114.26088,30.62832],[114.26093,30.62826]]}},{"type":"Feature","properties":{"id":"RD0197","name":"二环线","category":"road","roadType":"trunk","ref":""},"geometry":{"type":"LineString","coordinates":[[114.32494,30.63934],[114.32455,30.63942],[114.32404,30.6395],[114.32388,30.63951],[114.3236,30.63951],[114.3233,30.6395],[114.32257,30.63945],[114.32213,30.63937],[114.32154,30.63923],[114.32081,30.63899],[114.31787,30.63799],[114.3174,30.63782],[114.31684,30.63762],[114.31417,30.63674],[114.30734,30.63495],[114.30631,30.63452],[114.3046,30.63363],[114.30298,30.63278],[114.30091,30.63206],[114.2979,30.6312],[114.29388,30.63013],[114.29346,30.63001],[114.28731,30.62842],[114.28677,30.62827]]}},{"type":"Feature","properties":{"id":"RD0198","name":"发展大道","category":"road","roadType":"primary","ref":""},"geometry":{"type":"LineString","coordinates":[[114.28369,30.62722],[114.28497,30.62756],[114.28578,30.62776],[114.28637,30.6279],[114.28661,30.62795],[114.28712,30.62809],[114.2885,30.62847],[114.28871,30.62853],[114.28909,30.62866],[114.29065,30.6291],[114.29269,30.62964],[114.29303,30.62972],[114.29331,30.62979],[114.29366,30.62986],[114.29424,30.62998],[114.29527,30.63027],[114.29535,30.63029],[114.29602,30.63049],[114.29771,30.63095],[114.29893,30.63128],[114.29974,30.63151],[114.3001,30.63161],[114.3006,30.63174],[114.30089,30.63181]]}},{"type":"Feature","properties":{"id":"RD0199","name":"白沙洲大道","category":"road","roadType":"trunk","ref":"G107"},"geometry":{"type":"LineString","coordinates":[[114.25453,30.41444],[114.25466,30.41477],[114.25526,30.41702],[114.25541,30.41759],[114.25548,30.41793],[114.25555,30.41828],[114.25559,30.41889],[114.25561,30.41957],[114.25559,30.41983],[114.25554,30.42017],[114.25529,30.4214],[114.25521,30.42184],[114.25515,30.42213],[114.25514,30.42263],[114.25523,30.4242],[114.25528,30.42491],[114.25539,30.42635],[114.25539,30.42641],[114.25542,30.42699],[114.25547,30.42771],[114.25551,30.42837],[114.2556,30.42962],[114.2557,30.43173],[114.25585,30.434]]}},{"type":"Feature","properties":{"id":"RD0200","name":"汉口北大道","category":"road","roadType":"primary","ref":""},"geometry":{"type":"LineString","coordinates":[[114.30444,30.69745],[114.30505,30.69736],[114.3054,30.69734],[114.3056,30.69735],[114.30571,30.69735],[114.3061,30.69738],[114.30724,30.69755],[114.30762,30.6976],[114.3079,30.69767],[114.30816,30.69776],[114.30866,30.69805],[114.30876,30.69814],[114.30901,30.69836],[114.30945,30.69885],[114.3108,30.70038],[114.31141,30.70107],[114.31253,30.70232],[114.31329,30.70315],[114.31591,30.70604],[114.31918,30.70965],[114.31928,30.70973],[114.32058,30.71076],[114.32187,30.7116],[114.32206,30.71173]]}},{"type":"Feature","properties":{"id":"RD0201","name":"未命名道路","category":"road","roadType":"trunk","ref":""},"geometry":{"type":"LineString","coordinates":[[114.24495,30.61331],[114.24486,30.61337],[114.24476,30.61346],[114.2439,30.61451],[114.24386,30.61454],[114.24379,30.61458],[114.24359,30.61466],[114.24349,30.61468],[114.24337,30.61469],[114.24324,30.6147],[114.24293,30.61464],[114.24276,30.61455],[114.24264,30.61445],[114.24257,30.61436],[114.24249,30.61419],[114.24246,30.61407],[114.24241,30.61381],[114.2424,30.61376],[114.24234,30.61361],[114.24231,30.61356],[114.24224,30.61347],[114.2422,30.61341],[114.2421,30.61334],[114.24141,30.61299]]}},{"type":"Feature","properties":{"id":"RD0202","name":"解放大道","category":"road","roadType":"primary","ref":""},"geometry":{"type":"LineString","coordinates":[[114.28192,30.59088],[114.28274,30.59177],[114.28352,30.59262],[114.28382,30.59295],[114.28421,30.59336],[114.28457,30.59376],[114.28572,30.595],[114.28575,30.59503],[114.28634,30.5955],[114.28723,30.59649],[114.28751,30.59681],[114.2876,30.59693],[114.28761,30.59693],[114.28784,30.59723],[114.28916,30.59847],[114.28926,30.59858],[114.28958,30.59894],[114.29043,30.59964],[114.29114,30.60026],[114.29172,30.60064],[114.29238,30.60124],[114.29254,30.60136],[114.29324,30.60192],[114.29345,30.60209]]}},{"type":"Feature","properties":{"id":"RD0203","name":"武汉绕城高速","category":"road","roadType":"motorway","ref":"G4201"},"geometry":{"type":"LineString","coordinates":[[114.5326,30.6259],[114.53183,30.62528],[114.53097,30.62455],[114.52973,30.62337],[114.529,30.62263],[114.52832,30.62188],[114.52766,30.62113],[114.52654,30.61971],[114.52604,30.61902],[114.52545,30.61813],[114.52491,30.61727],[114.52432,30.61623],[114.52349,30.61461],[114.52304,30.61374],[114.52264,30.61277],[114.52235,30.61195],[114.5221,30.61121],[114.52162,30.60955],[114.5214,30.60854],[114.52118,30.60735],[114.52106,30.60657],[114.5209,30.60509],[114.52087,30.6045],[114.52079,30.60224]]}},{"type":"Feature","properties":{"id":"RD0204","name":"盘龙大道","category":"road","roadType":"primary","ref":"G318"},"geometry":{"type":"LineString","coordinates":[[114.25453,30.73683],[114.25454,30.73517],[114.2545,30.73202],[114.2547,30.73138],[114.2547,30.73065],[114.25465,30.73053],[114.25464,30.7304],[114.25454,30.72726],[114.25454,30.72433],[114.25452,30.72385],[114.25455,30.718],[114.25451,30.71561],[114.25452,30.71179],[114.25453,30.70914],[114.25458,30.70533],[114.25458,30.70239],[114.25457,30.69863],[114.25467,30.69748],[114.25468,30.69731],[114.25525,30.69492],[114.25551,30.69423],[114.25738,30.69104],[114.25779,30.6905],[114.25797,30.69028]]}},{"type":"Feature","properties":{"id":"RD0205","name":"青年路","category":"road","roadType":"primary","ref":""},"geometry":{"type":"LineString","coordinates":[[114.25109,30.61721],[114.25123,30.61682],[114.25179,30.61533],[114.25208,30.61456],[114.25279,30.61269],[114.25348,30.6109],[114.25358,30.61062],[114.25373,30.61009],[114.254,30.60971],[114.25412,30.60953],[114.25557,30.60731],[114.25618,30.60637],[114.25715,30.60501],[114.25733,30.60473],[114.25738,30.60454],[114.25743,30.60441],[114.25746,30.60432],[114.25757,30.60353],[114.25767,30.60274],[114.25776,30.60208],[114.25786,30.60135],[114.25799,30.60013],[114.25801,30.59987],[114.25801,30.59979]]}},{"type":"Feature","properties":{"id":"RD0206","name":"雄楚大道地面道","category":"road","roadType":"primary","ref":""},"geometry":{"type":"LineString","coordinates":[[114.36101,30.51014],[114.36044,30.51038],[114.35918,30.51092],[114.35764,30.51156],[114.35706,30.51175],[114.35652,30.51195],[114.3561,30.51208],[114.35461,30.51244],[114.35405,30.51253],[114.35369,30.51258],[114.35307,30.51264],[114.35245,30.51265],[114.34987,30.51276],[114.34938,30.51276],[114.34847,30.51273],[114.34827,30.51272],[114.34711,30.51263],[114.34582,30.51256],[114.34578,30.51256],[114.34515,30.51252],[114.34508,30.51252],[114.34453,30.51252],[114.34437,30.51249],[114.34419,30.51247]]}},{"type":"Feature","properties":{"id":"RD0207","name":"武汉大道","category":"road","roadType":"trunk","ref":""},"geometry":{"type":"LineString","coordinates":[[114.29045,30.65882],[114.29015,30.65779],[114.28968,30.65635],[114.28867,30.65325],[114.28832,30.65209],[114.28788,30.65079],[114.28781,30.65057],[114.28708,30.64908],[114.28667,30.64841],[114.28633,30.64787],[114.28501,30.646],[114.28442,30.64514],[114.28259,30.64247],[114.28175,30.6412],[114.28114,30.6402],[114.28094,30.63965],[114.28066,30.63886],[114.28036,30.63742],[114.28023,30.63665],[114.28024,30.63576],[114.28049,30.63435],[114.28113,30.6325],[114.28129,30.63201],[114.28158,30.63106]]}},{"type":"Feature","properties":{"id":"RD0208","name":"未命名道路","category":"road","roadType":"primary","ref":""},"geometry":{"type":"LineString","coordinates":[[114.21251,30.77128],[114.21331,30.7713],[114.2137,30.77137],[114.21415,30.77156],[114.21431,30.77168],[114.2145,30.77197],[114.21456,30.77232],[114.21453,30.77277],[114.21445,30.77294],[114.21431,30.77309],[114.21418,30.77324],[114.21401,30.77338],[114.21136,30.77534],[114.21117,30.77546],[114.21095,30.77554],[114.21068,30.77556],[114.21051,30.77556],[114.21012,30.77548],[114.20989,30.77538],[114.2097,30.77523],[114.20955,30.77501],[114.20937,30.77451],[114.20934,30.77426],[114.20942,30.77362]]}},{"type":"Feature","properties":{"id":"RD0209","name":"长丰大道","category":"road","roadType":"trunk","ref":""},"geometry":{"type":"LineString","coordinates":[[114.22683,30.60682],[114.22704,30.60686],[114.22727,30.60688],[114.22787,30.60689],[114.22808,30.60692],[114.22826,30.60697],[114.22839,30.60704],[114.22855,30.60721],[114.2286,30.60732],[114.22862,30.60742],[114.22862,30.60751],[114.22861,30.60763],[114.22846,30.60785],[114.2283,30.60797],[114.22817,30.60805],[114.22791,30.60817],[114.2278,30.60821],[114.22752,30.60832],[114.22719,30.60839],[114.22689,30.60842],[114.22629,30.60844],[114.2249,30.60852],[114.22437,30.60858],[114.22407,30.60864]]}},{"type":"Feature","properties":{"id":"RD0210","name":"二环线","category":"road","roadType":"trunk","ref":""},"geometry":{"type":"LineString","coordinates":[[114.3354,30.51385],[114.33508,30.51396],[114.33479,30.51409],[114.33387,30.51481],[114.3325,30.51607],[114.32979,30.51857],[114.32893,30.51901],[114.32702,30.51956],[114.32236,30.5208],[114.32102,30.52113],[114.32014,30.52135],[114.31842,30.52179],[114.31779,30.52195],[114.31677,30.52224],[114.31449,30.52282],[114.31403,30.52295],[114.31306,30.52324],[114.31256,30.52345],[114.31215,30.52372],[114.31178,30.52399],[114.31044,30.52507],[114.30935,30.52554],[114.30794,30.52576],[114.3077,30.52581]]}},{"type":"Feature","properties":{"id":"RD0211","name":"常青路","category":"road","roadType":"primary","ref":""},"geometry":{"type":"LineString","coordinates":[[114.2409,30.61844],[114.24188,30.61717],[114.24272,30.61608],[114.24373,30.61478],[114.24387,30.6146],[114.2441,30.6143],[114.24427,30.61399],[114.24642,30.61144],[114.24648,30.61138],[114.24654,30.61132],[114.24801,30.60992],[114.24829,30.60971],[114.24889,30.60933],[114.24914,30.60927],[114.24922,30.60924],[114.2493,30.60923],[114.24968,30.60922],[114.24997,30.60926],[114.25032,30.60932],[114.25129,30.60952],[114.25205,30.60966],[114.2533,30.60982],[114.25346,30.60979],[114.25374,30.60973]]}},{"type":"Feature","properties":{"id":"RD0212","name":"未命名道路","category":"road","roadType":"primary","ref":""},"geometry":{"type":"LineString","coordinates":[[114.55254,30.49101],[114.55363,30.49069],[114.56186,30.48952],[114.56652,30.48887],[114.56664,30.48885],[114.57529,30.48763],[114.57971,30.487],[114.58027,30.48692],[114.58039,30.48691],[114.58051,30.48689],[114.58089,30.48684],[114.5831,30.48655],[114.58592,30.48633],[114.58863,30.48635],[114.59134,30.48659],[114.59155,30.48661],[114.59182,30.48664],[114.59653,30.48763],[114.59677,30.48769],[114.59691,30.48773],[114.59982,30.48852],[114.60095,30.48881],[114.60368,30.48933],[114.60685,30.48975]]}},{"type":"Feature","properties":{"id":"RD0213","name":"关豹高速","category":"road","roadType":"motorway","ref":"S8"},"geometry":{"type":"LineString","coordinates":[[114.46994,30.47313],[114.46919,30.47304],[114.46808,30.47303],[114.4659,30.473],[114.46515,30.47298],[114.46478,30.47297],[114.46305,30.47298],[114.46135,30.47304],[114.45956,30.47301],[114.45564,30.47283],[114.45468,30.47274],[114.45329,30.47265],[114.45176,30.47251],[114.4501,30.47232],[114.44986,30.4723],[114.44545,30.47165],[114.44445,30.47149],[114.444,30.4714],[114.44381,30.47136],[114.44352,30.47131],[114.44304,30.47122],[114.4391,30.4704],[114.43744,30.47],[114.43556,30.46951]]}},{"type":"Feature","properties":{"id":"RD0214","name":"光谷大道","category":"road","roadType":"primary","ref":""},"geometry":{"type":"LineString","coordinates":[[114.4494,30.41716],[114.44932,30.41721],[114.44917,30.4173],[114.44828,30.41792],[114.44822,30.41796],[114.44681,30.41888],[114.44628,30.41923],[114.44509,30.42],[114.44364,30.42095],[114.44256,30.42166],[114.44234,30.42181],[114.442,30.42203],[114.44188,30.42211],[114.44157,30.42231],[114.44143,30.4224],[114.44003,30.4233],[114.43799,30.42461],[114.43646,30.4256],[114.43643,30.42562],[114.43553,30.4262],[114.43503,30.42653],[114.43278,30.4279],[114.4324,30.42815],[114.4321,30.42834]]}},{"type":"Feature","properties":{"id":"RD0215","name":"三环线","category":"road","roadType":"trunk","ref":""},"geometry":{"type":"LineString","coordinates":[[114.16442,30.62847],[114.16459,30.62855],[114.16546,30.62886],[114.16633,30.62911],[114.16673,30.62919],[114.16745,30.62926],[114.16764,30.62926],[114.16842,30.62929],[114.17119,30.62934],[114.17361,30.62929],[114.17429,30.62922],[114.17485,30.62914],[114.17535,30.62904],[114.17585,30.62891],[114.17726,30.62841],[114.18092,30.62697],[114.18175,30.62674],[114.1825,30.62656],[114.18339,30.62642],[114.18426,30.62635],[114.18513,30.62634],[114.19052,30.62658],[114.19344,30.62671],[114.1943,30.62674]]}},{"type":"Feature","properties":{"id":"RD0216","name":"武汉绕城高速","category":"road","roadType":"motorway","ref":"G4201"},"geometry":{"type":"LineString","coordinates":[[114.52101,30.60412],[114.52103,30.6047],[114.52107,30.60525],[114.52121,30.60656],[114.52132,30.60733],[114.52144,30.60808],[114.52159,30.60877],[114.52176,30.60957],[114.52196,30.61032],[114.52279,30.6128],[114.52318,30.61373],[114.52352,30.61442],[114.52395,30.61529],[114.52434,30.61603],[114.52478,30.61682],[114.52571,30.61835],[114.52648,30.61943],[114.52706,30.62023],[114.52776,30.62108],[114.52863,30.62207],[114.52938,30.62287],[114.53115,30.62453],[114.5324,30.6256],[114.53268,30.62582]]}},{"type":"Feature","properties":{"id":"RD0217","name":"国博大道","category":"road","roadType":"trunk","ref":""},"geometry":{"type":"LineString","coordinates":[[114.23067,30.50976],[114.22986,30.50859],[114.22883,30.50713],[114.22813,30.50601],[114.22727,30.5043],[114.22693,30.50356],[114.22674,30.50315],[114.22622,30.50225],[114.22573,30.50158],[114.22527,30.50103],[114.22368,30.49914],[114.22327,30.49867],[114.22306,30.49843],[114.2227,30.49801],[114.22116,30.49626],[114.22055,30.49554],[114.22027,30.49522],[114.22016,30.49507],[114.22008,30.49494],[114.21994,30.49466],[114.21988,30.49453],[114.21977,30.49417],[114.21974,30.49401],[114.21978,30.49391]]}},{"type":"Feature","properties":{"id":"RD0218","name":"珞喻路","category":"road","roadType":"trunk","ref":"G316"},"geometry":{"type":"LineString","coordinates":[[114.39454,30.50815],[114.3946,30.50824],[114.39466,30.50831],[114.39489,30.50842],[114.39501,30.50844],[114.3966,30.50866],[114.39674,30.50868],[114.39797,30.50886],[114.39817,30.50889],[114.39844,30.50893],[114.39865,30.50896],[114.40086,30.50929],[114.40162,30.50941],[114.40179,30.50944],[114.40201,30.50949],[114.40227,30.50955],[114.40256,30.50959],[114.40369,30.50975],[114.40385,30.50977],[114.40456,30.50989],[114.40468,30.5099],[114.40575,30.50991],[114.40658,30.50982],[114.40706,30.50978]]}},{"type":"Feature","properties":{"id":"RD0219","name":"武汉大道","category":"road","roadType":"trunk","ref":""},"geometry":{"type":"LineString","coordinates":[[114.28137,30.63206],[114.28102,30.63313],[114.28059,30.63437],[114.28034,30.63666],[114.28045,30.63744],[114.2806,30.6383],[114.28075,30.63887],[114.28103,30.63966],[114.2813,30.64026],[114.28269,30.64239],[114.28375,30.64392],[114.28462,30.64521],[114.28512,30.64596],[114.28637,30.64772],[114.2868,30.64837],[114.28774,30.65008],[114.28792,30.65051],[114.28805,30.65088],[114.28838,30.65186],[114.28878,30.65313],[114.28926,30.65466],[114.29025,30.65763],[114.29034,30.65793],[114.29059,30.65879]]}},{"type":"Feature","properties":{"id":"RD0220","name":"关山大道","category":"road","roadType":"primary","ref":""},"geometry":{"type":"LineString","coordinates":[[114.40631,30.49886],[114.40629,30.49872],[114.40618,30.49781],[114.40604,30.49652],[114.40601,30.49627],[114.4059,30.49528],[114.40581,30.49454],[114.40577,30.49414],[114.40567,30.49335],[114.40548,30.49183],[114.40534,30.49082],[114.40527,30.4903],[114.40524,30.48996],[114.40522,30.48978],[114.40522,30.48976],[114.40505,30.48838],[114.40491,30.4873],[114.40478,30.4863],[114.40465,30.48511],[114.40455,30.48441],[114.40441,30.48328],[114.40426,30.48215],[114.40422,30.48179],[114.40425,30.48155]]}},{"type":"Feature","properties":{"id":"RD0221","name":"未命名道路","category":"road","roadType":"primary","ref":""},"geometry":{"type":"LineString","coordinates":[[114.33336,30.47957],[114.33323,30.47924],[114.33313,30.47899],[114.33245,30.47738],[114.33227,30.47697],[114.33213,30.47644],[114.33205,30.47619],[114.33198,30.47574],[114.33197,30.47568],[114.3318,30.47417],[114.33182,30.47413],[114.33191,30.4741],[114.33199,30.47409],[114.33212,30.4741],[114.33218,30.47416],[114.33236,30.47566],[114.33245,30.47618],[114.33248,30.47631],[114.33253,30.47649],[114.33266,30.47693],[114.33293,30.47754],[114.33361,30.47913],[114.33363,30.47918],[114.3337,30.47961]]}},{"type":"Feature","properties":{"id":"RD0222","name":"珞狮南路","category":"road","roadType":"primary","ref":""},"geometry":{"type":"LineString","coordinates":[[114.33375,30.48215],[114.33372,30.48246],[114.33374,30.48615],[114.33374,30.48727],[114.33374,30.49043],[114.33377,30.49063],[114.33399,30.49162],[114.334,30.49169],[114.33451,30.49369],[114.33483,30.49483],[114.33536,30.49592],[114.33545,30.49611],[114.33549,30.49619],[114.33712,30.49921],[114.33822,30.50115],[114.33858,30.5017],[114.33975,30.50388],[114.33988,30.50412],[114.33991,30.50416],[114.33994,30.50422],[114.33996,30.50426],[114.34164,30.50741],[114.34168,30.50748],[114.34417,30.5121]]}},{"type":"Feature","properties":{"id":"RD0223","name":"汉阳大道","category":"road","roadType":"primary","ref":""},"geometry":{"type":"LineString","coordinates":[[114.26046,30.55221],[114.26008,30.5522],[114.25976,30.5522],[114.2578,30.55211],[114.25769,30.5521],[114.25757,30.5521],[114.25699,30.5521],[114.25668,30.55212],[114.25563,30.55227],[114.25537,30.5523],[114.25406,30.55248],[114.25265,30.55266],[114.24994,30.55305],[114.24982,30.55306],[114.24966,30.55309],[114.24625,30.55362],[114.24494,30.55382],[114.24473,30.55385],[114.2434,30.55408],[114.24224,30.55433],[114.2421,30.55436],[114.23741,30.55591],[114.23717,30.55598],[114.23698,30.55604]]}},{"type":"Feature","properties":{"id":"RD0224","name":"武鄂高速公路","category":"road","roadType":"motorway","ref":"S7"},"geometry":{"type":"LineString","coordinates":[[114.56712,30.55468],[114.56626,30.5552],[114.56567,30.55554],[114.56321,30.55676],[114.56242,30.5571],[114.56153,30.55743],[114.56076,30.55771],[114.55985,30.558],[114.55811,30.55854],[114.55221,30.56032],[114.54805,30.56158],[114.5464,30.56207],[114.54477,30.5626],[114.54318,30.5632],[114.54158,30.56384],[114.53878,30.56515],[114.53756,30.56574],[114.53641,30.56634],[114.53519,30.56703],[114.53408,30.56771],[114.5325,30.56872],[114.52987,30.57036],[114.52854,30.5712],[114.52746,30.57188]]}},{"type":"Feature","properties":{"id":"RD0225","name":"武汉长江隧道","category":"road","roadType":"primary","ref":""},"geometry":{"type":"LineString","coordinates":[[114.28934,30.58941],[114.28936,30.58899],[114.28938,30.58883],[114.28947,30.5885],[114.28951,30.5884],[114.28953,30.58832],[114.28956,30.58823],[114.28961,30.58814],[114.28967,30.58806],[114.29129,30.5865],[114.29197,30.58589],[114.29322,30.5849],[114.29428,30.58413],[114.29471,30.58385],[114.29507,30.58365],[114.29541,30.58348],[114.29562,30.5834],[114.29596,30.58327],[114.30912,30.57833],[114.31094,30.57757],[114.31185,30.57718],[114.31352,30.57593],[114.3147,30.57484],[114.31579,30.57391]]}},{"type":"Feature","properties":{"id":"RD0226","name":"未命名道路","category":"road","roadType":"trunk","ref":"G107"},"geometry":{"type":"LineString","coordinates":[[114.25212,30.33774],[114.25224,30.3395],[114.25232,30.34212],[114.25222,30.34358],[114.25199,30.34471],[114.25174,30.34587],[114.25163,30.34642],[114.25159,30.34669],[114.25157,30.34695],[114.25167,30.3484],[114.252,30.34993],[114.25251,30.35196],[114.25256,30.35225],[114.25286,30.35395],[114.25292,30.35501],[114.2529,30.36345],[114.25294,30.36396],[114.25302,30.36462],[114.25378,30.36787],[114.25415,30.36952],[114.25461,30.37318],[114.2548,30.37461],[114.25506,30.37589],[114.25527,30.3768]]}},{"type":"Feature","properties":{"id":"RD0227","name":"晴川大道","category":"road","roadType":"primary","ref":""},"geometry":{"type":"LineString","coordinates":[[114.27323,30.54841],[114.27307,30.54814],[114.27291,30.54783],[114.27243,30.54695],[114.27217,30.54648],[114.27189,30.54596],[114.27174,30.54567],[114.27151,30.54525],[114.27124,30.54472],[114.27107,30.54445],[114.27103,30.54437],[114.27076,30.54389],[114.27056,30.54353],[114.27035,30.54312],[114.27015,30.54276],[114.26962,30.54175],[114.26947,30.54149],[114.2694,30.54136],[114.26934,30.54126],[114.26914,30.54086],[114.26887,30.54035],[114.26808,30.53891],[114.26805,30.53885],[114.26746,30.53774]]}},{"type":"Feature","properties":{"id":"RD0228","name":"汉口北大道","category":"road","roadType":"primary","ref":""},"geometry":{"type":"LineString","coordinates":[[114.32203,30.71182],[114.3218,30.71168],[114.32159,30.71155],[114.31988,30.71036],[114.31912,30.70973],[114.3189,30.70949],[114.31698,30.7074],[114.3158,30.70612],[114.31484,30.70508],[114.31228,30.70215],[114.31127,30.70103],[114.30998,30.69958],[114.30932,30.69887],[114.30869,30.69822],[114.3086,30.69815],[114.30824,30.69794],[114.30802,30.69783],[114.30775,30.69775],[114.3074,30.69768],[114.30667,30.69756],[114.30564,30.69746],[114.30536,30.69746],[114.30506,30.69748],[114.30447,30.69756]]}},{"type":"Feature","properties":{"id":"RD0229","name":"硚孝高速","category":"road","roadType":"motorway","ref":"S17"},"geometry":{"type":"LineString","coordinates":[[114.15877,30.63244],[114.158,30.63263],[114.15737,30.63282],[114.1566,30.63311],[114.15618,30.63331],[114.15582,30.63353],[114.15554,30.63376],[114.15523,30.63404],[114.15499,30.63427],[114.15454,30.6349],[114.15439,30.63516],[114.1543,30.63542],[114.15422,30.63574],[114.15417,30.636],[114.15414,30.6365],[114.1541,30.6375],[114.15416,30.64091],[114.15428,30.64711],[114.15434,30.64832],[114.15442,30.64962],[114.15453,30.65045],[114.15545,30.65532],[114.15588,30.65665],[114.15681,30.65935]]}},{"type":"Feature","properties":{"id":"RD0230","name":"未命名道路","category":"road","roadType":"primary","ref":""},"geometry":{"type":"LineString","coordinates":[[114.30216,30.69717],[114.30239,30.69737],[114.30255,30.69762],[114.30259,30.69818],[114.30248,30.69845],[114.30239,30.69857],[114.30229,30.69867],[114.30201,30.69885],[114.30169,30.69896],[114.30101,30.69891],[114.30078,30.69881],[114.30059,30.69867],[114.30042,30.69848],[114.30031,30.69827],[114.30026,30.69803],[114.30035,30.69757],[114.3004,30.69748],[114.30047,30.69739],[114.30067,30.6972],[114.30092,30.69706],[114.30121,30.69697],[114.30182,30.69701],[114.30199,30.69707],[114.30216,30.69717]]}},{"type":"Feature","properties":{"id":"RD0231","name":"武金堤大道","category":"road","roadType":"primary","ref":""},"geometry":{"type":"LineString","coordinates":[[114.24954,30.48268],[114.24994,30.48325],[114.25024,30.48353],[114.25412,30.48725],[114.25435,30.48748],[114.25443,30.48756],[114.25473,30.48785],[114.25577,30.48888],[114.25745,30.49094],[114.2598,30.49389],[114.25983,30.49391],[114.25991,30.49399],[114.26305,30.49695],[114.2635,30.49736],[114.26356,30.49742],[114.26604,30.49964],[114.26665,30.50002],[114.2679,30.50078],[114.26867,30.50135],[114.26873,30.5014],[114.26906,30.50168],[114.27179,30.50413],[114.27434,30.50632],[114.27449,30.50645]]}},{"type":"Feature","properties":{"id":"RD0232","name":"解放大道","category":"road","roadType":"trunk","ref":"G107;G316"},"geometry":{"type":"LineString","coordinates":[[114.05318,30.62997],[114.05364,30.6298],[114.05416,30.62958],[114.05817,30.62782],[114.06107,30.62655],[114.06716,30.62388],[114.06791,30.62358],[114.06839,30.6234],[114.06992,30.62296],[114.07125,30.6227],[114.0764,30.62209],[114.07659,30.62207],[114.08455,30.62113],[114.08505,30.62105],[114.09747,30.61957],[114.09808,30.6195],[114.10495,30.6187],[114.10611,30.61861],[114.10685,30.61858],[114.11046,30.61871],[114.11474,30.61889],[114.11492,30.6189],[114.11505,30.61891],[114.11712,30.61902]]}},{"type":"Feature","properties":{"id":"RD0233","name":"光谷大道","category":"road","roadType":"primary","ref":""},"geometry":{"type":"LineString","coordinates":[[114.4167,30.49724],[114.41659,30.49641],[114.41657,30.49626],[114.41651,30.49568],[114.41635,30.49434],[114.4163,30.494],[114.41623,30.49369],[114.4162,30.49325],[114.41618,30.49277],[114.4161,30.4921],[114.41604,30.4915],[114.41596,30.49013],[114.41592,30.48881],[114.41592,30.48877],[114.41592,30.48864],[114.41584,30.48736],[114.41581,30.48694],[114.41578,30.48642],[114.41572,30.48584],[114.41567,30.48557],[114.4154,30.48313],[114.41523,30.48155],[114.41516,30.48092],[114.41513,30.48074]]}},{"type":"Feature","properties":{"id":"RD0234","name":"琴台大道","category":"road","roadType":"primary","ref":""},"geometry":{"type":"LineString","coordinates":[[114.16449,30.57705],[114.16516,30.57684],[114.16535,30.5768],[114.16553,30.57676],[114.16578,30.57672],[114.16607,30.57669],[114.16654,30.57667],[114.16701,30.57671],[114.16748,30.5768],[114.16771,30.57686],[114.16792,30.57691],[114.16837,30.57706],[114.16962,30.57751],[114.17014,30.57771],[114.17079,30.57794],[114.17203,30.57826],[114.17221,30.57829],[114.17308,30.57841],[114.17405,30.57852],[114.17535,30.57847],[114.17675,30.57842],[114.17684,30.57841],[114.17711,30.57839],[114.17713,30.57839]]}},{"type":"Feature","properties":{"id":"RD0235","name":"珞狮南路","category":"road","roadType":"primary","ref":""},"geometry":{"type":"LineString","coordinates":[[114.34419,30.51247],[114.34394,30.51214],[114.34391,30.51207],[114.34146,30.50758],[114.33983,30.50457],[114.33974,30.50438],[114.33956,30.50407],[114.33818,30.50161],[114.33803,30.50134],[114.33766,30.50066],[114.3369,30.49926],[114.33538,30.49646],[114.33523,30.49617],[114.33463,30.49498],[114.33415,30.49352],[114.33371,30.49172],[114.33344,30.49043],[114.33342,30.48866],[114.33343,30.48694],[114.33343,30.48552],[114.33342,30.48488],[114.33343,30.48418],[114.33344,30.48356],[114.33346,30.48237]]}},{"type":"Feature","properties":{"id":"RD0236","name":"森林大道","category":"road","roadType":"trunk","ref":"G316"},"geometry":{"type":"LineString","coordinates":[[114.47903,30.5087],[114.47854,30.50855],[114.4772,30.50814],[114.47635,30.50792],[114.47595,30.50786],[114.47554,30.50785],[114.4752,30.50786],[114.47421,30.508],[114.47332,30.50816],[114.47182,30.50842],[114.47122,30.50852],[114.47072,30.5086],[114.46985,30.50887],[114.46961,30.50897],[114.46936,30.50913],[114.46912,30.5093],[114.4689,30.50952],[114.46838,30.51007],[114.4676,30.51087],[114.46742,30.51105],[114.46711,30.51126],[114.46679,30.51137],[114.46663,30.51141],[114.46606,30.51157]]}},{"type":"Feature","properties":{"id":"RD0237","name":"徐东大街","category":"road","roadType":"primary","ref":""},"geometry":{"type":"LineString","coordinates":[[114.35115,30.58273],[114.35067,30.58309],[114.3504,30.58329],[114.34986,30.5837],[114.34926,30.58413],[114.34905,30.58429],[114.34859,30.58464],[114.34721,30.58567],[114.34696,30.58586],[114.34681,30.58596],[114.34578,30.58675],[114.34572,30.58679],[114.34459,30.58764],[114.34355,30.58843],[114.34278,30.58902],[114.34272,30.58907],[114.34189,30.58968],[114.34137,30.59007],[114.34093,30.59041],[114.33987,30.59122],[114.33939,30.5916],[114.33875,30.59209],[114.33867,30.59214],[114.33865,30.59216]]}},{"type":"Feature","properties":{"id":"RD0238","name":"武汉绕城高速","category":"road","roadType":"motorway","ref":"G42;G4201"},"geometry":{"type":"LineString","coordinates":[[114.09819,30.70077],[114.09719,30.70047],[114.09561,30.69998],[114.09341,30.69923],[114.08995,30.69794],[114.08769,30.69702],[114.08599,30.69628],[114.08293,30.69496],[114.08035,30.69385],[114.07806,30.69287],[114.07582,30.69191],[114.07411,30.69121],[114.07146,30.69017],[114.06999,30.68963],[114.06816,30.68901],[114.06635,30.68841],[114.06492,30.68796],[114.06316,30.68747],[114.06247,30.6873],[114.06077,30.68685],[114.05632,30.68581],[114.05309,30.68511],[114.05046,30.68464],[114.04786,30.68408]]}},{"type":"Feature","properties":{"id":"RD0239","name":"机场二通道","category":"road","roadType":"motorway","ref":"S19"},"geometry":{"type":"LineString","coordinates":[[114.19374,30.75536],[114.19335,30.75491],[114.1932,30.75468],[114.19299,30.75438],[114.19237,30.75337],[114.19215,30.75299],[114.19197,30.75258],[114.19179,30.7521],[114.19162,30.75153],[114.19153,30.75118],[114.19142,30.75067],[114.19132,30.75016],[114.19126,30.74911],[114.19128,30.74859],[114.19131,30.74813],[114.19138,30.74766],[114.1915,30.74696],[114.1916,30.7466],[114.19174,30.74614],[114.19196,30.74552],[114.19241,30.74459],[114.19266,30.74419],[114.19303,30.74349],[114.19375,30.74225]]}},{"type":"Feature","properties":{"id":"RD0240","name":"梁子湖大道","category":"road","roadType":"primary","ref":"S121"},"geometry":{"type":"LineString","coordinates":[[114.4146,30.33738],[114.41403,30.33908],[114.414,30.33919],[114.41396,30.3393],[114.41325,30.34154],[114.41299,30.3427],[114.4128,30.34387],[114.41264,30.34477],[114.41256,30.34567],[114.41244,30.34755],[114.41233,30.34945],[114.41224,30.3507],[114.41192,30.35335],[114.41168,30.35445],[114.41128,30.35614],[114.41126,30.35622],[114.41123,30.35634],[114.40951,30.36113],[114.40921,30.36201],[114.40915,30.36225],[114.40729,30.36725],[114.40693,30.36799],[114.40641,30.36895],[114.40516,30.37098]]}},{"type":"Feature","properties":{"id":"RD0241","name":"未命名道路","category":"road","roadType":"primary","ref":"S101"},"geometry":{"type":"LineString","coordinates":[[114.17092,30.35065],[114.16613,30.3501],[114.1653,30.35004],[114.16468,30.35004],[114.16317,30.35019],[114.16281,30.35029],[114.16266,30.35032],[114.16235,30.35038],[114.16151,30.3506],[114.16064,30.35087],[114.15911,30.35169],[114.15827,30.35217],[114.15615,30.35347],[114.15541,30.35394],[114.15444,30.35461],[114.15243,30.35621],[114.15234,30.35629],[114.15218,30.35642],[114.15176,30.35675],[114.14986,30.35827],[114.14514,30.36205],[114.14503,30.36212],[114.14101,30.36539],[114.14055,30.3658]]}},{"type":"Feature","properties":{"id":"RD0242","name":"南京 - 德令哈","category":"road","roadType":"trunk","ref":"G347"},"geometry":{"type":"LineString","coordinates":[[114.07175,30.72801],[114.07204,30.72767],[114.07235,30.72741],[114.07265,30.72723],[114.07342,30.72694],[114.07399,30.72683],[114.07449,30.72672],[114.07494,30.72654],[114.0753,30.72629],[114.07559,30.72597],[114.0758,30.72555],[114.07594,30.72508],[114.07624,30.72444],[114.07645,30.72415],[114.07672,30.72386],[114.07701,30.72365],[114.0784,30.72269],[114.07943,30.72201],[114.08001,30.72169],[114.0807,30.72136],[114.08154,30.72095],[114.08174,30.72079],[114.08183,30.72069],[114.08191,30.72042]]}},{"type":"Feature","properties":{"id":"RD0243","name":"雄楚大道","category":"road","roadType":"primary","ref":""},"geometry":{"type":"LineString","coordinates":[[114.37476,30.50718],[114.37494,30.50713],[114.37542,30.50693],[114.37588,30.50669],[114.37677,30.50615],[114.37694,30.50603],[114.38002,30.50401],[114.38217,30.50266],[114.38399,30.5015],[114.38411,30.50142],[114.38466,30.50113],[114.3848,30.50107],[114.38581,30.5007],[114.38658,30.50054],[114.38704,30.50048],[114.38792,30.50042],[114.38834,30.50041],[114.39035,30.50029],[114.39129,30.50024],[114.39164,30.50022],[114.39268,30.50018],[114.39347,30.50015],[114.39785,30.49988],[114.39961,30.49978]]}},{"type":"Feature","properties":{"id":"RD0244","name":"未命名道路","category":"road","roadType":"primary","ref":""},"geometry":{"type":"LineString","coordinates":[[113.98864,30.49351],[113.98876,30.49348],[113.98955,30.4933],[113.98985,30.49323],[113.99046,30.49313],[113.99077,30.49309],[113.99108,30.49306],[113.99139,30.49304],[113.99157,30.49303],[113.99175,30.49302],[113.9921,30.49301],[113.99246,30.49301],[113.99315,30.49303],[113.99348,30.49305],[113.99382,30.49307],[113.99416,30.49311],[113.99449,30.49316],[113.99482,30.49321],[113.99515,30.49327],[113.99548,30.49334],[113.9961,30.49349],[113.99638,30.49358],[113.99666,30.49367],[113.99687,30.49374]]}},{"type":"Feature","properties":{"id":"RD0245","name":"解放大道","category":"road","roadType":"primary","ref":""},"geometry":{"type":"LineString","coordinates":[[114.30378,30.61502],[114.30374,30.61492],[114.30341,30.61456],[114.30334,30.61449],[114.30173,30.61273],[114.30091,30.61176],[114.30069,30.61137],[114.30051,30.61118],[114.2999,30.61031],[114.29905,30.60899],[114.29872,30.60852],[114.29837,30.60803],[114.29734,30.60661],[114.29722,30.60642],[114.29686,30.60589],[114.29681,30.60582],[114.29652,30.60543],[114.29642,30.60529],[114.29593,30.60471],[114.29549,30.60424],[114.2949,30.60376],[114.29409,30.60304],[114.29366,30.60266],[114.29339,30.60242]]}},{"type":"Feature","properties":{"id":"RD0246","name":"黄浦大街","category":"road","roadType":"primary","ref":""},"geometry":{"type":"LineString","coordinates":[[114.28315,30.62676],[114.28329,30.62671],[114.28338,30.62666],[114.28349,30.62659],[114.28381,30.62638],[114.2844,30.62599],[114.28568,30.62521],[114.28583,30.62511],[114.28651,30.62469],[114.2872,30.62424],[114.28811,30.62365],[114.28906,30.62307],[114.28991,30.62261],[114.29087,30.6221],[114.29188,30.62159],[114.29206,30.6215],[114.29258,30.62125],[114.29273,30.62118],[114.29311,30.62099],[114.29369,30.62073],[114.29448,30.62036],[114.29559,30.61981],[114.29602,30.61958],[114.29656,30.61931]]}},{"type":"Feature","properties":{"id":"RD0247","name":"武汉绕城高速","category":"road","roadType":"motorway","ref":"G42;G4201"},"geometry":{"type":"LineString","coordinates":[[114.22347,30.74703],[114.22203,30.74576],[114.22083,30.74477],[114.22029,30.74436],[114.21915,30.74349],[114.21814,30.74276],[114.21623,30.74147],[114.21541,30.74094],[114.21427,30.74024],[114.21345,30.73976],[114.21243,30.73919],[114.21126,30.73858],[114.21068,30.73829],[114.20944,30.73768],[114.20739,30.73676],[114.20688,30.73653],[114.20525,30.73588],[114.20348,30.73524],[114.20008,30.73414],[114.19837,30.73368],[114.19767,30.73351],[114.19662,30.73325],[114.19467,30.73283],[114.19379,30.73265]]}},{"type":"Feature","properties":{"id":"RD0248","name":"白沙洲大道","category":"road","roadType":"trunk","ref":"G107"},"geometry":{"type":"LineString","coordinates":[[114.25566,30.4334],[114.25566,30.43294],[114.25562,30.43224],[114.25554,30.43125],[114.25553,30.43068],[114.25548,30.42961],[114.2553,30.42696],[114.2553,30.42675],[114.25527,30.42639],[114.25517,30.42494],[114.25509,30.42378],[114.25508,30.42356],[114.25501,30.42249],[114.25504,30.42208],[114.2551,30.42179],[114.25524,30.42113],[114.25538,30.42046],[114.25542,30.42017],[114.2555,30.41931],[114.25549,30.41871],[114.25541,30.41815],[114.25536,30.41796],[114.25517,30.41724],[114.25454,30.41474]]}},{"type":"Feature","properties":{"id":"RD0249","name":"三环线","category":"road","roadType":"trunk","ref":""},"geometry":{"type":"LineString","coordinates":[[114.27371,30.65993],[114.2731,30.65947],[114.27247,30.65898],[114.27181,30.6584],[114.27107,30.65778],[114.27029,30.65715],[114.2682,30.65562],[114.2675,30.65508],[114.26708,30.65467],[114.26649,30.65405],[114.26601,30.65348],[114.26547,30.6528],[114.26502,30.65226],[114.26462,30.6518],[114.26428,30.65144],[114.26378,30.65098],[114.26329,30.65059],[114.26261,30.65012],[114.2608,30.64915],[114.25938,30.64845],[114.25826,30.64784],[114.25705,30.64706],[114.2556,30.64617],[114.25431,30.64536]]}},{"type":"Feature","properties":{"id":"RD0250","name":"武汉绕城高速公路","category":"road","roadType":"motorway","ref":"G70;G4201"},"geometry":{"type":"LineString","coordinates":[[114.53979,30.50188],[114.54127,30.49927],[114.54323,30.49636],[114.544,30.49521],[114.54539,30.49316],[114.54596,30.49233],[114.54692,30.49093],[114.5476,30.48998],[114.54815,30.48922],[114.5485,30.48873],[114.54898,30.48814],[114.54952,30.48745],[114.55007,30.4868],[114.55035,30.48646],[114.55132,30.4854],[114.55273,30.48391],[114.55476,30.48199],[114.55718,30.47972],[114.56078,30.47595],[114.56225,30.47422],[114.56375,30.47216],[114.56491,30.47046],[114.56553,30.46945],[114.56591,30.46883]]}},{"type":"Feature","properties":{"id":"RD0251","name":"谌家矶大道","category":"road","roadType":"primary","ref":""},"geometry":{"type":"LineString","coordinates":[[114.37814,30.68494],[114.37711,30.68447],[114.37651,30.68419],[114.37588,30.68387],[114.3753,30.68355],[114.37499,30.68338],[114.36949,30.68064],[114.36503,30.67842],[114.36499,30.6784],[114.36363,30.67773],[114.36323,30.67759],[114.36278,30.67743],[114.35968,30.6766],[114.35956,30.67657],[114.35806,30.67614],[114.35747,30.67589],[114.35686,30.6754],[114.35648,30.67486],[114.35475,30.67205],[114.35407,30.67088],[114.3536,30.67037],[114.35302,30.66992],[114.35241,30.66956],[114.34997,30.66834]]}},{"type":"Feature","properties":{"id":"RD0252","name":"大学园路","category":"road","roadType":"primary","ref":"X001"},"geometry":{"type":"LineString","coordinates":[[114.3912,30.45177],[114.39079,30.4513],[114.38946,30.44954],[114.3894,30.44946],[114.38873,30.44863],[114.38851,30.44838],[114.38761,30.44754],[114.38725,30.44725],[114.38673,30.44688],[114.38616,30.44654],[114.38566,30.44627],[114.38445,30.44565],[114.38416,30.4455],[114.3841,30.44547],[114.38397,30.4454],[114.38295,30.44475],[114.3819,30.44415],[114.38139,30.44374],[114.38091,30.4433],[114.37894,30.44105],[114.37869,30.44077],[114.37749,30.4394],[114.37698,30.43883],[114.37655,30.43819]]}},{"type":"Feature","properties":{"id":"RD0253","name":"光谷大道","category":"road","roadType":"primary","ref":""},"geometry":{"type":"LineString","coordinates":[[114.41527,30.4558],[114.41537,30.45605],[114.41537,30.45652],[114.41536,30.45704],[114.41535,30.4575],[114.41529,30.45868],[114.41528,30.45921],[114.41522,30.46095],[114.41503,30.46117],[114.4152,30.46153],[114.41515,30.46258],[114.41512,30.46286],[114.41511,30.46344],[114.41508,30.46417],[114.41503,30.46515],[114.415,30.46604],[114.41493,30.46638],[114.41493,30.46659],[114.4149,30.46702],[114.41489,30.4674],[114.41487,30.46784],[114.41486,30.46807],[114.41486,30.4696],[114.41481,30.47026]]}},{"type":"Feature","properties":{"id":"RD0254","name":"晴川桥","category":"road","roadType":"primary","ref":""},"geometry":{"type":"LineString","coordinates":[[114.27683,30.57084],[114.27662,30.57006],[114.2765,30.56957],[114.27642,30.56927],[114.2764,30.56902],[114.27642,30.56883],[114.2765,30.56848],[114.27657,30.5683],[114.27664,30.56817],[114.27682,30.56791],[114.27712,30.56762],[114.28015,30.56483],[114.28029,30.56467],[114.28034,30.56458],[114.28039,30.5645],[114.28047,30.5643],[114.2805,30.56411],[114.28051,30.56389],[114.28047,30.56369],[114.28036,30.56336],[114.28016,30.56288],[114.27981,30.56203],[114.27961,30.56155],[114.27945,30.56115]]}},{"type":"Feature","properties":{"id":"RD0255","name":"晴川桥","category":"road","roadType":"primary","ref":""},"geometry":{"type":"LineString","coordinates":[[114.27953,30.56115],[114.27969,30.56154],[114.27989,30.56203],[114.28024,30.56287],[114.28043,30.56334],[114.28055,30.56368],[114.28059,30.56389],[114.2806,30.56412],[114.28055,30.56433],[114.28047,30.56453],[114.28036,30.56471],[114.28022,30.56488],[114.27755,30.56732],[114.27727,30.56758],[114.27699,30.56786],[114.27684,30.56804],[114.27673,30.56822],[114.27663,30.56841],[114.27652,30.5688],[114.27651,30.569],[114.27651,30.56919],[114.27656,30.56946],[114.27666,30.56993],[114.27691,30.57086]]}},{"type":"Feature","properties":{"id":"RD0256","name":"九康路","category":"road","roadType":"primary","ref":""},"geometry":{"type":"LineString","coordinates":[[114.03669,30.50362],[114.03733,30.50077],[114.03753,30.49957],[114.03783,30.49779],[114.03792,30.49729],[114.03794,30.49632],[114.03781,30.49539],[114.03771,30.49495],[114.03771,30.49484],[114.03749,30.49335],[114.0372,30.49163],[114.03723,30.49105],[114.03719,30.49026],[114.03739,30.48813],[114.03784,30.48322],[114.03809,30.48103],[114.03836,30.47789],[114.03865,30.47546],[114.03911,30.47081],[114.03926,30.46909],[114.03937,30.4681],[114.03983,30.46668],[114.04078,30.46382],[114.04112,30.46263]]}},{"type":"Feature","properties":{"id":"RD0257","name":"和平大道","category":"road","roadType":"primary","ref":""},"geometry":{"type":"LineString","coordinates":[[114.30081,30.55822],[114.30091,30.55854],[114.30106,30.55884],[114.30125,30.55927],[114.30129,30.55935],[114.30139,30.55943],[114.30191,30.56067],[114.30316,30.56313],[114.30518,30.56647],[114.30528,30.56662],[114.30655,30.56839],[114.307,30.56901],[114.30713,30.56922],[114.30725,30.56941],[114.30739,30.56962],[114.30756,30.56985],[114.30781,30.57016],[114.3081,30.57051],[114.30833,30.57082],[114.30838,30.57087],[114.30844,30.57093],[114.30881,30.57131],[114.30891,30.57142],[114.30973,30.57237]]}},{"type":"Feature","properties":{"id":"RD0258","name":"东湖路","category":"road","roadType":"primary","ref":""},"geometry":{"type":"LineString","coordinates":[[114.35872,30.56561],[114.35878,30.56569],[114.35892,30.56585],[114.35916,30.56613],[114.35933,30.56634],[114.35968,30.56676],[114.36074,30.56808],[114.361,30.56838],[114.36146,30.56891],[114.36201,30.56956],[114.36254,30.57021],[114.36305,30.57083],[114.36357,30.57142],[114.36408,30.57201],[114.36449,30.57253],[114.36463,30.57271],[114.36475,30.57287],[114.36497,30.57311],[114.36535,30.57353],[114.36576,30.57409],[114.36595,30.57436],[114.3663,30.57495],[114.36656,30.57536],[114.36682,30.57584]]}},{"type":"Feature","properties":{"id":"RD0259","name":"高新大道","category":"road","roadType":"trunk","ref":""},"geometry":{"type":"LineString","coordinates":[[114.52896,30.49112],[114.52889,30.49113],[114.52879,30.49113],[114.5287,30.49113],[114.52859,30.49113],[114.52788,30.49111],[114.52647,30.49115],[114.52541,30.49118],[114.52347,30.49122],[114.52266,30.49124],[114.52186,30.49127],[114.52175,30.49127],[114.5214,30.49127],[114.52059,30.49129],[114.51708,30.49139],[114.5166,30.4914],[114.51574,30.49143],[114.51521,30.49143],[114.51492,30.49144],[114.51392,30.49147],[114.50978,30.49157],[114.509,30.49159],[114.50819,30.49161],[114.50799,30.49161]]}},{"type":"Feature","properties":{"id":"RD0260","name":"花城大道","category":"road","roadType":"primary","ref":""},"geometry":{"type":"LineString","coordinates":[[114.51636,30.54569],[114.51611,30.54578],[114.51499,30.54623],[114.51429,30.54657],[114.51359,30.54696],[114.51334,30.54712],[114.51184,30.54809],[114.51092,30.54874],[114.51028,30.5492],[114.50909,30.55011],[114.50747,30.5512],[114.50712,30.55144],[114.5065,30.55183],[114.50381,30.55373],[114.50242,30.55471],[114.4997,30.55662],[114.49845,30.55746],[114.49839,30.5575],[114.49669,30.55842],[114.49647,30.5585],[114.49576,30.55877],[114.49474,30.55908],[114.49448,30.55915],[114.49426,30.55921]]}},{"type":"Feature","properties":{"id":"RD0261","name":"谌家矶大道","category":"road","roadType":"primary","ref":""},"geometry":{"type":"LineString","coordinates":[[114.35003,30.66827],[114.35044,30.66848],[114.35251,30.66954],[114.35313,30.66988],[114.3537,30.67032],[114.35417,30.67088],[114.35562,30.67337],[114.35565,30.67344],[114.35655,30.67481],[114.35699,30.67537],[114.35758,30.67581],[114.35816,30.67608],[114.35957,30.67648],[114.35972,30.67652],[114.35976,30.67653],[114.36327,30.67747],[114.3634,30.67751],[114.3639,30.67769],[114.36521,30.67835],[114.36962,30.68052],[114.37547,30.68344],[114.37722,30.68429],[114.37783,30.68459],[114.3794,30.68532]]}},{"type":"Feature","properties":{"id":"RD0262","name":"机场二通道","category":"road","roadType":"motorway","ref":"S19"},"geometry":{"type":"LineString","coordinates":[[114.24007,30.67546],[114.24007,30.67462],[114.24003,30.67415],[114.24003,30.67354],[114.24,30.67274],[114.23995,30.67162],[114.23986,30.66878],[114.2398,30.66717],[114.23979,30.6668],[114.23981,30.66604],[114.2398,30.66531],[114.23974,30.66399],[114.23969,30.66271],[114.2397,30.66197],[114.23976,30.66123],[114.23992,30.66001],[114.24002,30.65943],[114.24012,30.65882],[114.2407,30.65692],[114.24109,30.6559],[114.24139,30.6552],[114.24176,30.65451],[114.24215,30.65376],[114.24299,30.65241]]}},{"type":"Feature","properties":{"id":"RD0263","name":"机场二通道","category":"road","roadType":"motorway","ref":"S19"},"geometry":{"type":"LineString","coordinates":[[114.24313,30.65247],[114.2423,30.65382],[114.2419,30.65457],[114.24154,30.65526],[114.24124,30.65594],[114.24086,30.65696],[114.24028,30.65884],[114.24015,30.65959],[114.24008,30.66003],[114.23992,30.66124],[114.23986,30.66198],[114.23985,30.66271],[114.2399,30.66398],[114.23996,30.6653],[114.23997,30.66604],[114.23995,30.6668],[114.23996,30.66717],[114.24002,30.66877],[114.24011,30.67162],[114.24016,30.67274],[114.24019,30.67354],[114.24019,30.67414],[114.24023,30.67461],[114.24023,30.67547]]}},{"type":"Feature","properties":{"id":"RD0264","name":"后湖大道","category":"road","roadType":"primary","ref":""},"geometry":{"type":"LineString","coordinates":[[114.27593,30.64074],[114.27574,30.64067],[114.27408,30.64003],[114.27373,30.63989],[114.27217,30.63938],[114.2719,30.63929],[114.26995,30.6386],[114.26904,30.63829],[114.26851,30.63811],[114.26783,30.6379],[114.26744,30.63776],[114.26709,30.63762],[114.26666,30.63742],[114.26592,30.63702],[114.26578,30.63692],[114.26516,30.6365],[114.26368,30.6355],[114.2631,30.63511],[114.26134,30.63391],[114.26012,30.63307],[114.26001,30.633],[114.25901,30.63233],[114.25794,30.63159],[114.25763,30.63136]]}},{"type":"Feature","properties":{"id":"RD0265","name":"黄家湖大道","category":"road","roadType":"primary","ref":""},"geometry":{"type":"LineString","coordinates":[[114.29338,30.45792],[114.29332,30.45744],[114.29337,30.45686],[114.29343,30.45607],[114.29368,30.45477],[114.29382,30.45384],[114.29419,30.45216],[114.29471,30.45002],[114.29515,30.44837],[114.29535,30.44746],[114.29536,30.44745],[114.29543,30.44673],[114.29542,30.44574],[114.29532,30.44482],[114.29512,30.44398],[114.29476,30.44304],[114.29385,30.44079],[114.29269,30.43754],[114.29126,30.43415],[114.29071,30.43284],[114.29039,30.43181],[114.29029,30.43114],[114.29004,30.42982],[114.28927,30.42587]]}},{"type":"Feature","properties":{"id":"RD0266","name":"S101","category":"road","roadType":"primary","ref":""},"geometry":{"type":"LineString","coordinates":[[114.17092,30.35065],[114.17049,30.35064],[114.17012,30.35063],[114.1663,30.35022],[114.16532,30.35014],[114.1647,30.35014],[114.16314,30.3503],[114.16284,30.35036],[114.16269,30.35038],[114.16255,30.35041],[114.16157,30.35069],[114.1607,30.35096],[114.15901,30.35184],[114.15762,30.35264],[114.15684,30.35311],[114.15585,30.35377],[114.15453,30.35467],[114.1525,30.3563],[114.14995,30.35836],[114.14985,30.35844],[114.14524,30.36215],[114.14516,30.36223],[114.14108,30.36549],[114.14065,30.36589]]}},{"type":"Feature","properties":{"id":"RD0267","name":"机场二通道","category":"road","roadType":"motorway","ref":"S19"},"geometry":{"type":"LineString","coordinates":[[114.19389,30.75522],[114.19355,30.75481],[114.19318,30.75429],[114.19288,30.75384],[114.19256,30.75329],[114.19235,30.75292],[114.19199,30.75205],[114.19176,30.75137],[114.1916,30.75066],[114.19154,30.75014],[114.19149,30.74958],[114.19147,30.74911],[114.19149,30.7486],[114.19152,30.74815],[114.19157,30.74767],[114.19165,30.74722],[114.19171,30.74699],[114.19181,30.74664],[114.19216,30.74558],[114.19232,30.74526],[114.19261,30.74467],[114.19285,30.74427],[114.19322,30.74357],[114.19394,30.74233]]}},{"type":"Feature","properties":{"id":"RD0268","name":"高新四路","category":"road","roadType":"primary","ref":""},"geometry":{"type":"LineString","coordinates":[[114.50749,30.45955],[114.50623,30.45918],[114.50476,30.45878],[114.50369,30.45857],[114.50263,30.45839],[114.50156,30.45822],[114.49982,30.45802],[114.49793,30.45794],[114.49624,30.45792],[114.49512,30.45796],[114.49233,30.45822],[114.48894,30.45858],[114.48825,30.45865],[114.48374,30.45911],[114.48362,30.45912],[114.48329,30.45916],[114.48269,30.45922],[114.48112,30.4594],[114.47884,30.45965],[114.47823,30.45972],[114.47656,30.45991],[114.47614,30.45995],[114.4761,30.45996],[114.4759,30.45997]]}},{"type":"Feature","properties":{"id":"RD0269","name":"四环线","category":"road","roadType":"motorway","ref":"S40"},"geometry":{"type":"LineString","coordinates":[[114.29799,30.74437],[114.29954,30.74414],[114.29982,30.7441],[114.3012,30.74398],[114.30291,30.7439],[114.30462,30.74391],[114.31021,30.7444],[114.31609,30.74509],[114.32001,30.7456],[114.32166,30.74592],[114.32349,30.74652],[114.32494,30.74709],[114.32578,30.74746],[114.3266,30.74788],[114.32793,30.74862],[114.33334,30.75202],[114.33731,30.75452],[114.33866,30.75529],[114.34094,30.75623],[114.3422,30.75661],[114.34328,30.75687],[114.34445,30.75706],[114.34574,30.75718],[114.34702,30.75725]]}},{"type":"Feature","properties":{"id":"RD0270","name":"未命名道路","category":"road","roadType":"primary","ref":""},"geometry":{"type":"LineString","coordinates":[[113.99689,30.49387],[113.99661,30.49377],[113.99633,30.49369],[113.99605,30.49361],[113.99577,30.49353],[113.99545,30.49345],[113.9948,30.49332],[113.99447,30.49327],[113.99414,30.49323],[113.99381,30.49319],[113.99347,30.49316],[113.99314,30.49314],[113.9928,30.49313],[113.99245,30.49313],[113.9921,30.49313],[113.99175,30.49314],[113.99158,30.49315],[113.9914,30.49316],[113.99079,30.49321],[113.99049,30.49325],[113.99018,30.49329],[113.98988,30.49335],[113.98958,30.49341],[113.98876,30.4936]]}},{"type":"Feature","properties":{"id":"RD0271","name":"左岸大道","category":"road","roadType":"primary","ref":""},"geometry":{"type":"LineString","coordinates":[[114.16224,30.41254],[114.16449,30.4159],[114.16646,30.41898],[114.16707,30.41995],[114.1682,30.42194],[114.17171,30.42833],[114.17387,30.43228],[114.17491,30.43393],[114.17635,30.43617],[114.1775,30.43792],[114.17834,30.43922],[114.18012,30.44205],[114.18153,30.44418],[114.18273,30.44607],[114.18338,30.44698],[114.18373,30.44742],[114.18415,30.44787],[114.18455,30.44825],[114.18772,30.45121],[114.18964,30.45299],[114.1908,30.45408],[114.19179,30.45497],[114.19394,30.45698],[114.19436,30.45737]]}},{"type":"Feature","properties":{"id":"RD0272","name":"国博大道","category":"road","roadType":"trunk","ref":""},"geometry":{"type":"LineString","coordinates":[[114.21978,30.49391],[114.21989,30.49398],[114.22,30.49432],[114.22015,30.49468],[114.2204,30.49511],[114.22051,30.49529],[114.22077,30.49559],[114.22119,30.49607],[114.22279,30.49794],[114.22316,30.49836],[114.22338,30.4986],[114.22378,30.49905],[114.22561,30.50118],[114.22586,30.5015],[114.22616,30.50189],[114.2268,30.50289],[114.22724,30.50377],[114.22754,30.50443],[114.2277,30.50476],[114.22914,30.50729],[114.22977,30.50815],[114.23001,30.50855],[114.23016,30.50879],[114.23079,30.50972]]}},{"type":"Feature","properties":{"id":"RD0273","name":"汉阳大道","category":"road","roadType":"primary","ref":"S104"},"geometry":{"type":"LineString","coordinates":[[114.1614,30.56648],[114.16257,30.56679],[114.16302,30.5669],[114.16339,30.56698],[114.16392,30.56706],[114.16447,30.56712],[114.16488,30.56713],[114.16511,30.56712],[114.16642,30.56709],[114.16691,30.56699],[114.16736,30.56697],[114.16746,30.56697],[114.17022,30.56692],[114.17063,30.56691],[114.17188,30.56697],[114.1733,30.56694],[114.17431,30.56693],[114.17482,30.56695],[114.17536,30.56698],[114.17698,30.56727],[114.17902,30.56765],[114.18105,30.56798],[114.18147,30.56807],[114.18234,30.56828]]}},{"type":"Feature","properties":{"id":"RD0274","name":"武汉绕城高速","category":"road","roadType":"motorway","ref":"G50;G4201"},"geometry":{"type":"LineString","coordinates":[[114.23907,30.32543],[114.24144,30.32529],[114.24755,30.32488],[114.25346,30.32445],[114.2599,30.32399],[114.26211,30.32376],[114.26384,30.32351],[114.27819,30.3207],[114.28468,30.31935],[114.28709,30.31871],[114.29418,30.31632],[114.29557,30.31588],[114.29933,30.3149],[114.30098,30.31457],[114.30331,30.3142],[114.30494,30.31401],[114.30514,30.31399],[114.30679,30.31384],[114.30965,30.31377],[114.31187,30.31378],[114.32374,30.31385],[114.32605,30.31392],[114.32837,30.31409],[114.33097,30.31443]]}},{"type":"Feature","properties":{"id":"RD0275","name":"高新二路","category":"road","roadType":"primary","ref":""},"geometry":{"type":"LineString","coordinates":[[114.44156,30.47906],[114.442,30.47898],[114.44351,30.47873],[114.44427,30.47861],[114.44565,30.47843],[114.44596,30.47839],[114.44778,30.47813],[114.44863,30.47802],[114.44909,30.47799],[114.44942,30.47797],[114.44986,30.47798],[114.45057,30.47797],[114.45115,30.47796],[114.45148,30.47796],[114.45217,30.47796],[114.45265,30.47797],[114.45316,30.47796],[114.45329,30.47796],[114.45336,30.47796],[114.45427,30.47791],[114.45663,30.47788],[114.45733,30.47788],[114.4581,30.47787],[114.45863,30.47787]]}},{"type":"Feature","properties":{"id":"RD0276","name":"香港路","category":"road","roadType":"primary","ref":""},"geometry":{"type":"LineString","coordinates":[[114.27908,30.60764],[114.27919,30.60752],[114.27934,30.60737],[114.27952,30.60718],[114.27982,30.60693],[114.28065,30.60618],[114.28105,30.60583],[114.28158,30.60522],[114.282,30.60479],[114.28227,30.6045],[114.28274,30.604],[114.28333,30.60319],[114.28396,30.60227],[114.2842,30.60181],[114.28431,30.6016],[114.28456,30.60089],[114.2848,30.60027],[114.28487,30.60007],[114.28518,30.59948],[114.28669,30.59761],[114.28694,30.59735],[114.28711,30.59718],[114.28724,30.59706],[114.28751,30.59681]]}},{"type":"Feature","properties":{"id":"RD0277","name":"四环线","category":"road","roadType":"motorway","ref":"S40"},"geometry":{"type":"LineString","coordinates":[[114.34699,30.75752],[114.3457,30.75746],[114.34442,30.7573],[114.34321,30.75708],[114.34213,30.75684],[114.34081,30.75642],[114.3397,30.75599],[114.33856,30.75546],[114.33717,30.75467],[114.33322,30.75217],[114.32782,30.74877],[114.3265,30.74803],[114.32486,30.74724],[114.32341,30.7467],[114.32161,30.74611],[114.31998,30.74578],[114.3161,30.74526],[114.31017,30.74457],[114.3059,30.74412],[114.30461,30.74408],[114.3029,30.7441],[114.30124,30.74417],[114.29985,30.74428],[114.29805,30.74455]]}},{"type":"Feature","properties":{"id":"RD0278","name":"民族大道","category":"road","roadType":"primary","ref":""},"geometry":{"type":"LineString","coordinates":[[114.39267,30.50026],[114.39264,30.50018],[114.39262,30.50009],[114.39256,30.49984],[114.39255,30.49982],[114.39249,30.49962],[114.39233,30.49895],[114.39206,30.49796],[114.39195,30.49751],[114.39192,30.49741],[114.39173,30.49665],[114.39151,30.49588],[114.39135,30.49534],[114.39095,30.49385],[114.39095,30.49385],[114.3906,30.49254],[114.39044,30.49169],[114.39035,30.49088],[114.3903,30.48952],[114.3903,30.48952],[114.39028,30.489],[114.39014,30.48634],[114.39008,30.4841],[114.38996,30.48232]]}},{"type":"Feature","properties":{"id":"RD0279","name":"武鄂高速公路","category":"road","roadType":"motorway","ref":"S7"},"geometry":{"type":"LineString","coordinates":[[114.53089,30.56957],[114.53243,30.56864],[114.53401,30.56763],[114.53513,30.56695],[114.53635,30.56626],[114.5375,30.56566],[114.53873,30.56506],[114.5401,30.56439],[114.54153,30.56376],[114.54313,30.56311],[114.54473,30.56251],[114.54636,30.56198],[114.55218,30.56023],[114.55636,30.55898],[114.55807,30.55845],[114.55981,30.55791],[114.56072,30.55762],[114.56149,30.55734],[114.56237,30.55701],[114.56316,30.55667],[114.56438,30.55611],[114.56463,30.55596],[114.5656,30.55546],[114.56706,30.55457]]}},{"type":"Feature","properties":{"id":"RD0280","name":"梁子湖大道","category":"road","roadType":"primary","ref":"S121"},"geometry":{"type":"LineString","coordinates":[[114.40509,30.37091],[114.40632,30.36891],[114.40688,30.36792],[114.40721,30.3672],[114.40803,30.36522],[114.40905,30.36222],[114.40913,30.36199],[114.40941,30.36112],[114.41116,30.35616],[114.41158,30.35443],[114.41182,30.35333],[114.41206,30.35169],[114.41223,30.34944],[114.41234,30.34755],[114.41246,30.34566],[114.41254,30.34476],[114.41269,30.34386],[114.41272,30.34354],[114.41289,30.34269],[114.41314,30.34152],[114.41351,30.34026],[114.41386,30.33928],[114.41393,30.33906],[114.4145,30.33736]]}},{"type":"Feature","properties":{"id":"RD0281","name":"龙川大道","category":"road","roadType":"primary","ref":"G318"},"geometry":{"type":"LineString","coordinates":[[114.25465,30.74407],[114.25459,30.74853],[114.25467,30.74992],[114.25487,30.75124],[114.25507,30.75202],[114.25519,30.75252],[114.25573,30.75384],[114.25638,30.75501],[114.25723,30.75628],[114.25803,30.75718],[114.25812,30.75728],[114.2588,30.75805],[114.25912,30.75842],[114.25939,30.75872],[114.2606,30.76009],[114.26106,30.76061],[114.26229,30.76205],[114.26309,30.76319],[114.26372,30.76451],[114.26442,30.76595],[114.26592,30.76912],[114.26596,30.7692],[114.26622,30.76987],[114.26775,30.77321]]}},{"type":"Feature","properties":{"id":"RD0282","name":"未命名道路","category":"road","roadType":"motorway","ref":"S13"},"geometry":{"type":"LineString","coordinates":[[114.18256,30.46177],[114.18236,30.46064],[114.18209,30.4591],[114.18192,30.45804],[114.18161,30.45676],[114.18126,30.45557],[114.1809,30.45471],[114.18035,30.45354],[114.1798,30.45252],[114.1794,30.45187],[114.17895,30.45117],[114.17827,30.45035],[114.17706,30.44899],[114.17585,30.44793],[114.17518,30.44739],[114.17356,30.44626],[114.17125,30.44463],[114.16897,30.44308],[114.16692,30.44162],[114.16574,30.44061],[114.1649,30.4399],[114.16376,30.43885],[114.16331,30.43844],[114.16258,30.43772]]}},{"type":"Feature","properties":{"id":"RD0283","name":"未命名道路","category":"road","roadType":"trunk","ref":"G318"},"geometry":{"type":"LineString","coordinates":[[114.03414,30.45286],[114.03258,30.45282],[114.03212,30.45281],[114.03038,30.45276],[114.02926,30.45272],[114.02912,30.45272],[114.02542,30.45263],[114.02495,30.45263],[114.01811,30.45249],[114.01731,30.45247],[114.01533,30.45245],[114.01497,30.45244],[114.01422,30.45242],[114.01058,30.45233],[114.00968,30.4523],[114.00917,30.45229],[114.00577,30.45222],[114.00575,30.45222],[114.00372,30.45218],[114.00368,30.45218],[113.99975,30.4521],[113.99826,30.45207],[113.99377,30.452],[113.98874,30.45191]]}},{"type":"Feature","properties":{"id":"RD0284","name":"水果湖隧道","category":"road","roadType":"trunk","ref":""},"geometry":{"type":"LineString","coordinates":[[114.34829,30.54477],[114.34812,30.54614],[114.34811,30.54645],[114.3481,30.5467],[114.34811,30.54706],[114.34812,30.54731],[114.34815,30.54752],[114.34819,30.54773],[114.34825,30.54792],[114.34836,30.54829],[114.34847,30.54855],[114.34865,30.54881],[114.34983,30.55006],[114.3501,30.55033],[114.35067,30.55096],[114.35114,30.55152],[114.35142,30.55189],[114.35162,30.55218],[114.35182,30.5525],[114.35197,30.55281],[114.3523,30.55369],[114.35259,30.55458],[114.35288,30.55546],[114.35327,30.55624]]}},{"type":"Feature","properties":{"id":"RD0285","name":"武汉绕城高速","category":"road","roadType":"motorway","ref":"G4201"},"geometry":{"type":"LineString","coordinates":[[114.57702,30.65121],[114.57678,30.65085],[114.5765,30.65044],[114.5762,30.65003],[114.57596,30.6497],[114.57571,30.64938],[114.5754,30.649],[114.57508,30.64863],[114.57476,30.64826],[114.5744,30.64786],[114.57426,30.64771],[114.57403,30.64746],[114.57336,30.64679],[114.57302,30.64646],[114.57263,30.64609],[114.57223,30.64574],[114.57183,30.64539],[114.57139,30.64503],[114.57106,30.64476],[114.57072,30.64449],[114.57037,30.64423],[114.56962,30.64369],[114.5691,30.64333],[114.56855,30.64299]]}},{"type":"Feature","properties":{"id":"RD0286","name":"武汉绕城高速","category":"road","roadType":"motorway","ref":"G4201"},"geometry":{"type":"LineString","coordinates":[[114.56866,30.64289],[114.56918,30.64325],[114.5697,30.64361],[114.57045,30.64415],[114.5708,30.64441],[114.57114,30.64468],[114.57148,30.64495],[114.57192,30.64531],[114.57232,30.64566],[114.57241,30.64574],[114.57272,30.64602],[114.57311,30.64638],[114.57379,30.64705],[114.57412,30.64739],[114.57449,30.64779],[114.57486,30.64819],[114.57518,30.64856],[114.5755,30.64894],[114.57581,30.64932],[114.57606,30.64964],[114.57631,30.64997],[114.5766,30.65038],[114.57689,30.65079],[114.57713,30.65115]]}},{"type":"Feature","properties":{"id":"RD0287","name":"三环线","category":"road","roadType":"trunk","ref":""},"geometry":{"type":"LineString","coordinates":[[114.2627,30.473],[114.2643,30.47215],[114.26528,30.47159],[114.26703,30.47064],[114.27002,30.46897],[114.27144,30.46833],[114.27296,30.46788],[114.27989,30.46664],[114.28108,30.46629],[114.28202,30.46593],[114.28325,30.46541],[114.28668,30.4639],[114.29204,30.4616],[114.29304,30.4612],[114.29345,30.46103],[114.29365,30.46096],[114.29393,30.46085],[114.2944,30.46071],[114.29479,30.4606],[114.2956,30.46043],[114.29629,30.46027],[114.29722,30.46025],[114.30119,30.4605],[114.30273,30.46059]]}},{"type":"Feature","properties":{"id":"RD0288","name":"未命名道路","category":"road","roadType":"primary","ref":""},"geometry":{"type":"LineString","coordinates":[[114.38198,30.63338],[114.38195,30.63343],[114.38191,30.63348],[114.38183,30.63353],[114.38175,30.63355],[114.38164,30.63356],[114.38154,30.63353],[114.38145,30.63347],[114.38139,30.6334],[114.38136,30.63331],[114.38136,30.63324],[114.38138,30.63318],[114.38142,30.63311],[114.38148,30.63306],[114.38156,30.63302],[114.38164,30.633],[114.38173,30.633],[114.38181,30.63303],[114.38188,30.63306],[114.38193,30.6331],[114.38198,30.63317],[114.382,30.63324],[114.382,30.63331],[114.38198,30.63338]]}},{"type":"Feature","properties":{"id":"RD0289","name":"武汉绕城高速公路","category":"road","roadType":"motorway","ref":"G70;G4201"},"geometry":{"type":"LineString","coordinates":[[114.56763,30.46591],[114.56692,30.46726],[114.5663,30.46843],[114.56534,30.47004],[114.56501,30.47053],[114.56385,30.47222],[114.56233,30.47427],[114.56091,30.47598],[114.55913,30.47792],[114.55727,30.47978],[114.55302,30.48379],[114.55143,30.48542],[114.55045,30.48653],[114.5496,30.48754],[114.54899,30.48831],[114.54864,30.48874],[114.54823,30.48931],[114.54782,30.48987],[114.54713,30.49084],[114.5467,30.49145],[114.54611,30.49231],[114.54605,30.4924],[114.54551,30.49318],[114.54412,30.49523]]}},{"type":"Feature","properties":{"id":"RD0290","name":"龟山南路","category":"road","roadType":"trunk","ref":"G107;G316"},"geometry":{"type":"LineString","coordinates":[[114.26318,30.5556],[114.26335,30.55561],[114.2635,30.55562],[114.26376,30.55564],[114.26459,30.55574],[114.26591,30.55589],[114.26774,30.5561],[114.2683,30.55617],[114.26949,30.55637],[114.27165,30.5568],[114.27237,30.55693],[114.27256,30.55696],[114.2728,30.55699],[114.27301,30.55701],[114.2732,30.55702],[114.27339,30.55701],[114.27355,30.557],[114.27373,30.55697],[114.27392,30.55693],[114.27412,30.55688],[114.2742,30.55685],[114.27433,30.55679],[114.27447,30.55672],[114.27454,30.55668]]}},{"type":"Feature","properties":{"id":"RD0291","name":"友谊大道","category":"road","roadType":"primary","ref":""},"geometry":{"type":"LineString","coordinates":[[114.33209,30.58704],[114.33197,30.58693],[114.33171,30.58672],[114.33097,30.58611],[114.33024,30.58551],[114.32988,30.5852],[114.32882,30.58433],[114.32805,30.58371],[114.32776,30.58344],[114.32762,30.58327],[114.32648,30.58231],[114.3261,30.58199],[114.32591,30.58184],[114.32587,30.5818],[114.32573,30.58169],[114.32385,30.5801],[114.32359,30.57987],[114.32274,30.57915],[114.32136,30.57798],[114.32117,30.57783],[114.32042,30.57722],[114.32008,30.57693],[114.32007,30.57693],[114.31998,30.57685]]}},{"type":"Feature","properties":{"id":"RD0292","name":"高新大道","category":"road","roadType":"trunk","ref":""},"geometry":{"type":"LineString","coordinates":[[114.508,30.49146],[114.50818,30.49146],[114.50828,30.49145],[114.50902,30.49144],[114.51073,30.49139],[114.51351,30.49133],[114.51418,30.49131],[114.51505,30.49126],[114.51534,30.49125],[114.51628,30.49124],[114.51663,30.49122],[114.52009,30.49115],[114.52102,30.49113],[114.52175,30.49112],[114.52186,30.49111],[114.52202,30.49111],[114.52291,30.49108],[114.52673,30.49098],[114.52712,30.49097],[114.52799,30.49095],[114.52862,30.49093],[114.5287,30.49093],[114.52879,30.49094],[114.52889,30.49093]]}},{"type":"Feature","properties":{"id":"RD0293","name":"未命名道路","category":"road","roadType":"primary","ref":""},"geometry":{"type":"LineString","coordinates":[[114.28315,30.62676],[114.28329,30.62677],[114.28342,30.62682],[114.28353,30.62689],[114.28362,30.62699],[114.28367,30.6271],[114.28369,30.62722],[114.28366,30.62737],[114.28357,30.6275],[114.28344,30.62761],[114.28326,30.62766],[114.28308,30.62767],[114.28294,30.62763],[114.28281,30.62756],[114.28271,30.62747],[114.28265,30.62735],[114.28263,30.62727],[114.28263,30.62716],[114.28266,30.62705],[114.28272,30.62695],[114.28281,30.62687],[114.28292,30.62681],[114.28303,30.62677],[114.28315,30.62676]]}},{"type":"Feature","properties":{"id":"RD0294","name":"解放大道","category":"road","roadType":"trunk","ref":"G107"},"geometry":{"type":"LineString","coordinates":[[114.32916,30.65874],[114.32876,30.65765],[114.3287,30.65751],[114.32834,30.65651],[114.3282,30.65612],[114.32786,30.65509],[114.3278,30.65487],[114.32779,30.65484],[114.32773,30.65471],[114.32736,30.65379],[114.32672,30.65202],[114.32598,30.65004],[114.32548,30.64865],[114.32504,30.64738],[114.32481,30.6467],[114.32478,30.64661],[114.32473,30.64647],[114.32442,30.64554],[114.32394,30.64434],[114.32317,30.64277],[114.32298,30.64239],[114.32297,30.64237],[114.32254,30.64151],[114.32168,30.63984]]}},{"type":"Feature","properties":{"id":"RD0295","name":"青王公路","category":"road","roadType":"primary","ref":""},"geometry":{"type":"LineString","coordinates":[[114.43133,30.62096],[114.43133,30.62083],[114.4312,30.61982],[114.43109,30.61923],[114.43092,30.61835],[114.43079,30.61711],[114.43072,30.61605],[114.43081,30.61514],[114.43092,30.61426],[114.43102,30.61391],[114.43104,30.61386],[114.43108,30.61366],[114.43111,30.61354],[114.4318,30.61167],[114.43214,30.61075],[114.43315,30.60782],[114.43353,30.60671],[114.43363,30.60538],[114.43364,30.60486],[114.43372,30.60251],[114.43372,30.6024],[114.43388,30.60055],[114.434,30.59848],[114.43406,30.59749]]}},{"type":"Feature","properties":{"id":"RD0296","name":"武汉长江隧道","category":"road","roadType":"primary","ref":""},"geometry":{"type":"LineString","coordinates":[[114.31587,30.57398],[114.31479,30.57492],[114.31361,30.57601],[114.31254,30.57693],[114.31192,30.57727],[114.311,30.57766],[114.30917,30.57843],[114.29564,30.58351],[114.29546,30.58359],[114.29519,30.58372],[114.29509,30.58377],[114.29477,30.58395],[114.29436,30.58421],[114.2933,30.58498],[114.29205,30.58597],[114.29138,30.58658],[114.29076,30.58714],[114.28977,30.58812],[114.28969,30.58824],[114.28962,30.58838],[114.28956,30.58852],[114.28948,30.58879],[114.28942,30.58905],[114.28941,30.5894]]}},{"type":"Feature","properties":{"id":"RD0297","name":"蔡甸大街","category":"road","roadType":"primary","ref":""},"geometry":{"type":"LineString","coordinates":[[114.02479,30.57428],[114.02366,30.57419],[114.02305,30.57416],[114.02285,30.57418],[114.02271,30.57419],[114.02244,30.57427],[114.02228,30.5743],[114.02194,30.57441],[114.01961,30.57541],[114.01954,30.57544],[114.01597,30.57702],[114.01516,30.57739],[114.01403,30.5779],[114.01222,30.57869],[114.00896,30.58015],[114.00806,30.58054],[114.00459,30.58202],[114.00293,30.58273],[114.00261,30.58285],[114.00221,30.58296],[114.00205,30.58301],[114.00142,30.58315],[113.99725,30.58369],[113.98737,30.58508]]}},{"type":"Feature","properties":{"id":"RD0298","name":"未命名道路","category":"road","roadType":"primary","ref":""},"geometry":{"type":"LineString","coordinates":[[114.24579,30.6482],[114.24682,30.64665],[114.24715,30.64616],[114.24804,30.64457],[114.24835,30.64408],[114.24842,30.64394],[114.24847,30.64384],[114.24862,30.64369],[114.24874,30.64359],[114.24895,30.64352],[114.24918,30.64346],[114.24948,30.64321],[114.24966,30.64294],[114.24987,30.64256],[114.25007,30.64221],[114.25018,30.64199],[114.25018,30.64178],[114.2501,30.64153],[114.24996,30.64133],[114.24992,30.64126],[114.24977,30.64096],[114.24966,30.64068],[114.24966,30.64051],[114.24974,30.6404]]}},{"type":"Feature","properties":{"id":"RD0299","name":"光谷大道","category":"road","roadType":"primary","ref":""},"geometry":{"type":"LineString","coordinates":[[114.4146,30.47024],[114.41461,30.46981],[114.4146,30.46856],[114.4146,30.46783],[114.41459,30.46778],[114.4146,30.46739],[114.41461,30.46702],[114.41462,30.46642],[114.41464,30.46614],[114.41463,30.46499],[114.41467,30.46412],[114.4147,30.46327],[114.41481,30.46277],[114.41488,30.46151],[114.41503,30.46117],[114.41492,30.46094],[114.41492,30.46038],[114.41493,30.45921],[114.41515,30.45889],[114.41495,30.45867],[114.41496,30.45811],[114.41502,30.45738],[114.41507,30.45605],[114.41527,30.4558]]}},{"type":"Feature","properties":{"id":"RD0300","name":"古田二路","category":"road","roadType":"primary","ref":""},"geometry":{"type":"LineString","coordinates":[[114.19722,30.63023],[114.19715,30.63002],[114.19695,30.62943],[114.1968,30.62868],[114.19672,30.62779],[114.19671,30.62721],[114.1967,30.6271],[114.1967,30.62677],[114.19669,30.62673],[114.1967,30.62667],[114.19671,30.62599],[114.19672,30.62527],[114.1968,30.62474],[114.19685,30.62555],[114.19684,30.62596],[114.19683,30.6263],[114.19682,30.62667],[114.19682,30.62677],[114.19684,30.62711],[114.19684,30.62721],[114.19684,30.62779],[114.19693,30.62868],[114.19718,30.63002],[114.19722,30.63023]]}},{"type":"Feature","properties":{"id":"RD0301","name":"经开大道","category":"road","roadType":"primary","ref":""},"geometry":{"type":"LineString","coordinates":[[114.10879,30.37376],[114.10747,30.37398],[114.10614,30.3742],[114.1053,30.37435],[114.10513,30.37438],[114.10502,30.3744],[114.10422,30.37454],[114.10359,30.37464],[114.1028,30.37478],[114.1021,30.37499],[114.10088,30.37561],[114.10011,30.37614],[114.10002,30.3762],[114.09932,30.37665],[114.09872,30.37705],[114.09801,30.37753],[114.09722,30.37805],[114.09639,30.37861],[114.09597,30.3789],[114.09536,30.37926],[114.09467,30.37961],[114.09421,30.37983],[114.09361,30.3801],[114.09323,30.38025]]}},{"type":"Feature","properties":{"id":"RD0302","name":"未命名道路","category":"road","roadType":"primary","ref":""},"geometry":{"type":"LineString","coordinates":[[114.60733,30.49018],[114.60706,30.49015],[114.60448,30.48984],[114.60289,30.48958],[114.60094,30.48919],[114.60068,30.48914],[114.59971,30.48891],[114.59672,30.48807],[114.5941,30.48743],[114.59155,30.48698],[114.59133,30.48695],[114.58877,30.48674],[114.58736,30.4867],[114.58509,30.48675],[114.58336,30.48689],[114.58102,30.4872],[114.5805,30.48727],[114.58039,30.48729],[114.58028,30.4873],[114.58015,30.48732],[114.5798,30.48737],[114.55381,30.49108],[114.55275,30.49112],[114.55196,30.49122]]}},{"type":"Feature","properties":{"id":"RD0303","name":"未命名道路","category":"road","roadType":"primary","ref":""},"geometry":{"type":"LineString","coordinates":[[114.06926,30.45516],[114.07009,30.45516],[114.07242,30.4555],[114.07357,30.45563],[114.07879,30.45633],[114.07911,30.45637],[114.07918,30.45637],[114.07925,30.45638],[114.0797,30.45645],[114.07992,30.45649],[114.08009,30.45652],[114.08077,30.45659],[114.08248,30.45684],[114.08346,30.45697],[114.08455,30.45712],[114.08522,30.45721],[114.08548,30.45725],[114.08575,30.45729],[114.08606,30.45733],[114.08633,30.45737],[114.08763,30.45753],[114.0902,30.45789],[114.091,30.45799],[114.09156,30.45807]]}},{"type":"Feature","properties":{"id":"RD0304","name":"汉阳大道","category":"road","roadType":"primary","ref":""},"geometry":{"type":"LineString","coordinates":[[114.27482,30.55101],[114.27458,30.55114],[114.27298,30.55182],[114.27292,30.55185],[114.27234,30.55207],[114.27206,30.55215],[114.27187,30.5522],[114.26997,30.55243],[114.26976,30.55245],[114.26948,30.55246],[114.26933,30.55247],[114.26917,30.55246],[114.26742,30.5524],[114.26736,30.5524],[114.26508,30.55233],[114.26491,30.55232],[114.2648,30.55232],[114.26406,30.5523],[114.26112,30.55223],[114.26085,30.55222],[114.26077,30.55222],[114.2606,30.55222],[114.26046,30.55221]]}},{"type":"Feature","properties":{"id":"RD0305","name":"龟山南路","category":"road","roadType":"trunk","ref":"G107;G316"},"geometry":{"type":"LineString","coordinates":[[114.27459,30.55675],[114.2744,30.55684],[114.27427,30.55688],[114.27413,30.55693],[114.27391,30.55697],[114.27371,30.55701],[114.27352,30.55705],[114.27335,30.55706],[114.2731,30.55705],[114.27293,30.55704],[114.27279,30.55703],[114.27265,30.55701],[114.27241,30.55698],[114.26978,30.5565],[114.26876,30.55632],[114.26816,30.55622],[114.26768,30.55616],[114.26499,30.55586],[114.2643,30.55578],[114.2638,30.55572],[114.26357,30.5557],[114.26344,30.55569],[114.26328,30.55569]]}},{"type":"Feature","properties":{"id":"RD0306","name":"珞狮南路","category":"road","roadType":"trunk","ref":""},"geometry":{"type":"LineString","coordinates":[[114.32382,30.46295],[114.32371,30.46286],[114.32337,30.46256],[114.32319,30.4624],[114.32298,30.46221],[114.32265,30.4619],[114.32241,30.46169],[114.32213,30.46149],[114.3219,30.46136],[114.32158,30.46122],[114.32134,30.46111],[114.321,30.46099],[114.32083,30.46092],[114.32064,30.46079],[114.32047,30.46066],[114.32034,30.46055],[114.32018,30.46037],[114.32011,30.46024],[114.32,30.45999],[114.31995,30.45987],[114.3199,30.45973],[114.31977,30.45947],[114.31958,30.45917]]}},{"type":"Feature","properties":{"id":"RD0307","name":"水果湖隧道","category":"road","roadType":"trunk","ref":""},"geometry":{"type":"LineString","coordinates":[[114.34834,30.54477],[114.34819,30.54617],[114.34818,30.54641],[114.34818,30.54659],[114.34819,30.54691],[114.34821,30.54723],[114.34826,30.54758],[114.34831,30.54784],[114.34837,30.54805],[114.34856,30.54854],[114.34875,30.54881],[114.34917,30.54927],[114.34981,30.54991],[114.35035,30.55046],[114.35092,30.55111],[114.35141,30.55168],[114.35168,30.55207],[114.35183,30.55231],[114.35204,30.55276],[114.35239,30.55367],[114.35271,30.55454],[114.35295,30.55544],[114.35337,30.5562]]}},{"type":"Feature","properties":{"id":"RD0308","name":"解放大道","category":"road","roadType":"trunk","ref":""},"geometry":{"type":"LineString","coordinates":[[114.14919,30.62069],[114.14705,30.62062],[114.14621,30.62057],[114.14492,30.6205],[114.14468,30.62049],[114.14311,30.62041],[114.14044,30.62029],[114.14032,30.62028],[114.13625,30.62008],[114.13616,30.62007],[114.13238,30.61989],[114.13233,30.61989],[114.1321,30.61988],[114.13182,30.61986],[114.12763,30.61966],[114.12364,30.61949],[114.12348,30.61948],[114.12317,30.61946],[114.12097,30.61936],[114.11944,30.61929],[114.11931,30.61929],[114.11898,30.61926],[114.11711,30.61912]]}},{"type":"Feature","properties":{"id":"RD0309","name":"老武黄路","category":"road","roadType":"trunk","ref":"G316"},"geometry":{"type":"LineString","coordinates":[[114.59482,30.52573],[114.59457,30.52559],[114.5936,30.52507],[114.59261,30.52451],[114.59225,30.52433],[114.59138,30.52389],[114.59109,30.5237],[114.59092,30.5236],[114.59044,30.52325],[114.58957,30.52263],[114.58873,30.52201],[114.58794,30.52145],[114.58733,30.52102],[114.58654,30.52045],[114.58608,30.5201],[114.58576,30.51987],[114.58522,30.51947],[114.58438,30.51886],[114.58329,30.51811],[114.58202,30.51716],[114.58165,30.51688],[114.58124,30.51658],[114.58049,30.51605]]}},{"type":"Feature","properties":{"id":"RD0310","name":"光谷三路","category":"road","roadType":"primary","ref":""},"geometry":{"type":"LineString","coordinates":[[114.47522,30.49002],[114.47526,30.48988],[114.47527,30.48976],[114.47536,30.48933],[114.47539,30.48916],[114.47558,30.48819],[114.47567,30.48751],[114.47576,30.48665],[114.47582,30.4853],[114.47582,30.48518],[114.47583,30.48411],[114.47584,30.48378],[114.47583,30.48224],[114.47582,30.48213],[114.4758,30.48081],[114.4758,30.47945],[114.4758,30.47909],[114.47581,30.47867],[114.47582,30.47824],[114.47582,30.47821],[114.47582,30.4781],[114.47582,30.47804],[114.47582,30.47797]]}},{"type":"Feature","properties":{"id":"RD0311","name":"光谷三路","category":"road","roadType":"primary","ref":""},"geometry":{"type":"LineString","coordinates":[[114.4754,30.49005],[114.47538,30.49015],[114.47524,30.49069],[114.47519,30.49092],[114.47507,30.49131],[114.47496,30.49169],[114.47472,30.49247],[114.47469,30.49256],[114.47464,30.49268],[114.47447,30.49315],[114.47419,30.49389],[114.47403,30.49422],[114.47382,30.49467],[114.47337,30.49563],[114.47303,30.49626],[114.47242,30.49729],[114.47187,30.49816],[114.47115,30.49922],[114.47066,30.49987],[114.47042,30.50019],[114.4697,30.50118],[114.46953,30.50143],[114.46933,30.50158]]}},{"type":"Feature","properties":{"id":"RD0312","name":"光谷三路","category":"road","roadType":"primary","ref":""},"geometry":{"type":"LineString","coordinates":[[114.46933,30.50158],[114.46924,30.50181],[114.46909,30.502],[114.46856,30.50272],[114.468,30.5035],[114.46741,30.50428],[114.4666,30.50539],[114.4663,30.50585],[114.4661,30.50622],[114.46608,30.50627],[114.46586,30.50674],[114.46566,30.50726],[114.46551,30.50778],[114.46543,30.50838],[114.46539,30.50893],[114.4654,30.50952],[114.46549,30.51018],[114.46559,30.51071],[114.46568,30.51108],[114.46574,30.51134],[114.46582,30.51153],[114.46588,30.51162],[114.46597,30.51178]]}},{"type":"Feature","properties":{"id":"RD0313","name":"高新二路","category":"road","roadType":"primary","ref":""},"geometry":{"type":"LineString","coordinates":[[114.45861,30.47813],[114.45724,30.47811],[114.45623,30.4781],[114.45514,30.47811],[114.45416,30.47814],[114.45244,30.47818],[114.45197,30.47816],[114.45144,30.47813],[114.45126,30.47811],[114.45089,30.47811],[114.45068,30.47811],[114.45031,30.47811],[114.4499,30.47812],[114.44937,30.47816],[114.44896,30.47821],[114.44829,30.47831],[114.44603,30.47863],[114.446,30.47864],[114.44521,30.47874],[114.44419,30.47889],[114.44384,30.47894],[114.44278,30.4791],[114.44185,30.47925]]}},{"type":"Feature","properties":{"id":"RD0314","name":"光谷大道","category":"road","roadType":"primary","ref":""},"geometry":{"type":"LineString","coordinates":[[114.41535,30.48051],[114.41536,30.48058],[114.41541,30.48086],[114.41545,30.481],[114.41595,30.48529],[114.41598,30.48554],[114.41601,30.48578],[114.41602,30.48613],[114.41602,30.48621],[114.41611,30.48815],[114.41613,30.48864],[114.41614,30.48874],[114.41615,30.48892],[114.41615,30.48917],[114.41626,30.49149],[114.41656,30.49397],[114.41658,30.49414],[114.41662,30.49454],[114.41675,30.49585],[114.41697,30.49729],[114.41701,30.49759],[114.41702,30.49772],[114.41704,30.49782]]}},{"type":"Feature","properties":{"id":"RD0315","name":"未命名道路","category":"road","roadType":"trunk","ref":"G318"},"geometry":{"type":"LineString","coordinates":[[113.98875,30.45183],[113.99378,30.45192],[113.99826,30.45199],[113.99975,30.45202],[114.00373,30.4521],[114.00575,30.45214],[114.00917,30.45221],[114.00967,30.45222],[114.01002,30.45221],[114.01061,30.45221],[114.01422,30.45234],[114.01488,30.45236],[114.01497,30.45236],[114.01533,30.45237],[114.01732,30.45239],[114.01811,30.45241],[114.02495,30.45256],[114.02543,30.45256],[114.0255,30.45256],[114.02606,30.45257],[114.02909,30.45262],[114.02923,30.45263],[114.03416,30.45275]]}},{"type":"Feature","properties":{"id":"RD0316","name":"琴台大道","category":"road","roadType":"primary","ref":""},"geometry":{"type":"LineString","coordinates":[[114.17713,30.57839],[114.17819,30.57832],[114.18071,30.57818],[114.18079,30.57818],[114.18096,30.57817],[114.18448,30.57798],[114.18624,30.57789],[114.18803,30.57767],[114.18853,30.57761],[114.19023,30.57723],[114.19096,30.57704],[114.19358,30.57635],[114.1937,30.57632],[114.19591,30.57573],[114.19856,30.57504],[114.19866,30.57501],[114.19878,30.57498],[114.19883,30.57497],[114.20149,30.57429],[114.20348,30.57376],[114.20408,30.5736],[114.20491,30.57345],[114.20528,30.57335]]}},{"type":"Feature","properties":{"id":"RD0317","name":"珞狮南路","category":"road","roadType":"trunk","ref":""},"geometry":{"type":"LineString","coordinates":[[114.31981,30.45889],[114.32012,30.45912],[114.32031,30.45924],[114.32055,30.45937],[114.32083,30.45949],[114.32127,30.45967],[114.32158,30.45979],[114.32177,30.45991],[114.32192,30.46003],[114.32211,30.46021],[114.32226,30.46044],[114.32238,30.46067],[114.32247,30.46091],[114.32257,30.46111],[114.32266,30.46127],[114.32281,30.46153],[114.32296,30.46172],[114.32321,30.46199],[114.32353,30.46228],[114.32366,30.4624],[114.32386,30.46256],[114.32392,30.46263],[114.3246,30.46326]]}},{"type":"Feature","properties":{"id":"RD0318","name":"新华路","category":"road","roadType":"primary","ref":""},"geometry":{"type":"LineString","coordinates":[[114.26314,30.61005],[114.26339,30.60978],[114.2644,30.60839],[114.26541,30.60695],[114.2655,30.60683],[114.26553,30.60674],[114.26556,30.60665],[114.26586,30.60588],[114.26594,30.60554],[114.26601,30.60473],[114.26601,30.60471],[114.266,30.60392],[114.266,30.60389],[114.266,30.6031],[114.266,30.60301],[114.26594,30.60186],[114.26595,30.60113],[114.26593,30.59975],[114.266,30.59949],[114.26612,30.59913],[114.26617,30.59897],[114.26623,30.59882],[114.26627,30.59872]]}},{"type":"Feature","properties":{"id":"RD0319","name":"二环线","category":"road","roadType":"trunk","ref":""},"geometry":{"type":"LineString","coordinates":[[114.2373,30.55175],[114.23777,30.55154],[114.23799,30.55139],[114.23824,30.55121],[114.23849,30.551],[114.23938,30.55007],[114.24006,30.54922],[114.24062,30.54854],[114.24108,30.54758],[114.24141,30.54653],[114.2418,30.54521],[114.24195,30.54472],[114.24227,30.54404],[114.24264,30.54347],[114.24312,30.54285],[114.24359,30.54235],[114.24446,30.54165],[114.24536,30.54116],[114.2462,30.54079],[114.24697,30.54056],[114.24796,30.54036],[114.24858,30.54028],[114.25052,30.54025]]}},{"type":"Feature","properties":{"id":"RD0320","name":"青王公路","category":"road","roadType":"primary","ref":""},"geometry":{"type":"LineString","coordinates":[[114.43415,30.59748],[114.43398,30.60057],[114.43382,30.6024],[114.43375,30.60487],[114.43373,30.60538],[114.43367,30.60675],[114.43328,30.60785],[114.43225,30.61079],[114.43192,30.6117],[114.43165,30.61244],[114.4312,30.61367],[114.43117,30.61379],[114.43112,30.61387],[114.43113,30.61396],[114.43102,30.61427],[114.43092,30.61514],[114.43082,30.61605],[114.43089,30.61711],[114.43102,30.61834],[114.43119,30.61924],[114.4313,30.6198],[114.43144,30.62079],[114.43143,30.62095]]}},{"type":"Feature","properties":{"id":"RD0321","name":"二环线","category":"road","roadType":"trunk","ref":""},"geometry":{"type":"LineString","coordinates":[[114.25015,30.54034],[114.24869,30.54039],[114.24835,30.54041],[114.24765,30.54053],[114.24705,30.54066],[114.24635,30.54087],[114.24546,30.54123],[114.24454,30.54177],[114.24375,30.54241],[114.24299,30.54321],[114.24268,30.54363],[114.24223,30.54437],[114.24191,30.5452],[114.24154,30.54658],[114.24124,30.54761],[114.24073,30.54866],[114.24016,30.54934],[114.23948,30.55016],[114.23881,30.55085],[114.23859,30.55107],[114.23826,30.55136],[114.2379,30.55161],[114.23738,30.55185]]}},{"type":"Feature","properties":{"id":"RD0322","name":"老武黄路","category":"road","roadType":"trunk","ref":"G316"},"geometry":{"type":"LineString","coordinates":[[114.50621,30.52153],[114.50639,30.52157],[114.50675,30.5216],[114.50756,30.52165],[114.50878,30.52165],[114.51116,30.52164],[114.51158,30.52163],[114.51261,30.52163],[114.51647,30.5216],[114.51706,30.52158],[114.51758,30.52148],[114.51848,30.52122],[114.51939,30.52086],[114.51979,30.52069],[114.52076,30.52029],[114.52205,30.51976],[114.52346,30.51931],[114.52425,30.51915],[114.52476,30.51909],[114.52506,30.51906],[114.5257,30.519],[114.53121,30.51858],[114.53178,30.51858]]}},{"type":"Feature","properties":{"id":"RD0323","name":"解放大道","category":"road","roadType":"primary","ref":""},"geometry":{"type":"LineString","coordinates":[[114.30417,30.61484],[114.30427,30.61487],[114.30435,30.61494],[114.30441,30.61502],[114.30442,30.61512],[114.30441,30.6152],[114.30437,30.61527],[114.30431,30.61533],[114.30423,30.61537],[114.30415,30.61539],[114.30408,30.6154],[114.30401,30.61539],[114.30392,30.61535],[114.30384,30.61529],[114.30379,30.61522],[114.30376,30.61513],[114.30377,30.61507],[114.30378,30.61502],[114.30383,30.61495],[114.30389,30.61489],[114.30397,30.61485],[114.30412,30.61483],[114.30417,30.61484]]}},{"type":"Feature","properties":{"id":"RD0324","name":"三环线","category":"road","roadType":"trunk","ref":""},"geometry":{"type":"LineString","coordinates":[[114.3027,30.46073],[114.29723,30.46037],[114.29627,30.46047],[114.29574,30.46054],[114.29527,30.46063],[114.29492,30.46071],[114.29419,30.4609],[114.29383,30.46098],[114.29286,30.46133],[114.29261,30.46142],[114.28671,30.46399],[114.2825,30.46584],[114.28214,30.466],[114.28111,30.46642],[114.27992,30.46676],[114.27293,30.46801],[114.27149,30.46844],[114.27013,30.46907],[114.26806,30.47021],[114.26775,30.47038],[114.26537,30.4717],[114.26387,30.47252],[114.2628,30.47312]]}},{"type":"Feature","properties":{"id":"RD0325","name":"成功大道","category":"road","roadType":"primary","ref":""},"geometry":{"type":"LineString","coordinates":[[114.03899,30.56299],[114.03889,30.56303],[114.03837,30.56323],[114.03786,30.56344],[114.03393,30.56501],[114.03386,30.56504],[114.03241,30.56562],[114.02826,30.5673],[114.02817,30.56733],[114.02556,30.56835],[114.025,30.56857],[114.02489,30.56861],[114.02464,30.56869],[114.0243,30.56878],[114.02379,30.56889],[114.02166,30.56926],[114.02028,30.5695],[114.01984,30.56958],[114.01877,30.56977],[114.01745,30.57002],[114.01681,30.57013],[114.01665,30.57016],[114.01452,30.57048]]}},{"type":"Feature","properties":{"id":"RD0326","name":"香港路","category":"road","roadType":"primary","ref":""},"geometry":{"type":"LineString","coordinates":[[114.2876,30.59693],[114.28735,30.59716],[114.28715,30.59733],[114.28697,30.59748],[114.28679,30.59765],[114.2853,30.5995],[114.28529,30.59953],[114.28497,30.6001],[114.28467,30.60093],[114.28442,30.60163],[114.28431,30.60185],[114.28408,30.6023],[114.28387,30.60263],[114.28284,30.60405],[114.28237,30.60456],[114.28116,30.60587],[114.28102,30.60601],[114.28069,30.60627],[114.27979,30.6071],[114.27944,30.60743],[114.27928,30.6076],[114.27917,30.60771]]}},{"type":"Feature","properties":{"id":"RD0327","name":"全力三路","category":"road","roadType":"primary","ref":""},"geometry":{"type":"LineString","coordinates":[[114.08666,30.43783],[114.0867,30.43778],[114.08692,30.43753],[114.08733,30.43711],[114.08762,30.4369],[114.08777,30.43679],[114.0882,30.43647],[114.08927,30.43576],[114.0898,30.43537],[114.09047,30.43483],[114.09098,30.43435],[114.09143,30.43388],[114.09194,30.43324],[114.09225,30.4328],[114.09278,30.43188],[114.0933,30.43049],[114.09335,30.43034],[114.0937,30.42926],[114.09419,30.42796],[114.09442,30.42739],[114.09491,30.42602],[114.09524,30.42521]]}},{"type":"Feature","properties":{"id":"RD0328","name":"未命名道路","category":"road","roadType":"motorway","ref":"S13"},"geometry":{"type":"LineString","coordinates":[[114.16268,30.43764],[114.16352,30.43843],[114.1638,30.43868],[114.16534,30.44006],[114.16696,30.44141],[114.16871,30.4427],[114.17055,30.44397],[114.17262,30.44536],[114.17421,30.44649],[114.17576,30.44765],[114.17664,30.44839],[114.17749,30.44919],[114.17831,30.45012],[114.17906,30.45111],[114.17974,30.45212],[114.18037,30.4532],[114.18124,30.45512],[114.18156,30.45598],[114.18178,30.45683],[114.18204,30.45784],[114.18224,30.45893],[114.18274,30.4617]]}},{"type":"Feature","properties":{"id":"RD0329","name":"高新六路","category":"road","roadType":"primary","ref":""},"geometry":{"type":"LineString","coordinates":[[114.47582,30.44275],[114.47563,30.44276],[114.47514,30.44276],[114.47494,30.44276],[114.47476,30.44276],[114.47307,30.44276],[114.47267,30.44276],[114.47072,30.44277],[114.47011,30.44278],[114.4699,30.44278],[114.46873,30.44279],[114.46763,30.44281],[114.46696,30.4428],[114.46677,30.4428],[114.46529,30.4428],[114.46376,30.4428],[114.46281,30.4428],[114.46196,30.4428],[114.46122,30.4428],[114.46102,30.4428],[114.46092,30.4428],[114.4604,30.44277]]}},{"type":"Feature","properties":{"id":"RD0330","name":"光谷三路","category":"road","roadType":"primary","ref":""},"geometry":{"type":"LineString","coordinates":[[114.46582,30.5118],[114.46573,30.51166],[114.46568,30.51156],[114.46561,30.51136],[114.46553,30.51111],[114.46541,30.51074],[114.46532,30.51036],[114.46525,30.50986],[114.46521,30.50949],[114.46521,30.50903],[114.46522,30.50861],[114.4653,30.50806],[114.46539,30.50758],[114.46554,30.50705],[114.46573,30.50652],[114.46605,30.50594],[114.46642,30.50535],[114.46686,30.50474],[114.46759,30.50377],[114.46832,30.50276],[114.46907,30.50172],[114.46933,30.50158]]}},{"type":"Feature","properties":{"id":"RD0331","name":"团结大道","category":"road","roadType":"primary","ref":""},"geometry":{"type":"LineString","coordinates":[[114.3921,30.60899],[114.39053,30.60876],[114.39046,30.60875],[114.38503,30.60787],[114.3842,30.60767],[114.38374,30.60757],[114.38353,30.60751],[114.38339,30.60746],[114.38308,30.60735],[114.38236,30.607],[114.37982,30.6059],[114.37933,30.60564],[114.37559,30.60394],[114.37558,30.60393],[114.3727,30.60266],[114.37108,30.60181],[114.36921,30.6007],[114.36786,30.59993],[114.36667,30.59925],[114.36609,30.5989],[114.36595,30.59881],[114.36482,30.59812]]}},{"type":"Feature","properties":{"id":"RD0332","name":"欢乐大道","category":"road","roadType":"trunk","ref":""},"geometry":{"type":"LineString","coordinates":[[114.38568,30.59665],[114.38661,30.5971],[114.38782,30.59767],[114.38901,30.59821],[114.39109,30.59901],[114.39389,30.59986],[114.39626,30.60039],[114.39863,30.60083],[114.40092,30.60114],[114.4015,30.60118],[114.40304,30.60127],[114.40555,30.60135],[114.40736,30.60141],[114.40894,30.60143],[114.40903,30.60143],[114.41068,30.60145],[114.41191,30.60145],[114.41248,30.60146],[114.41334,30.60146],[114.4148,30.60149],[114.4158,30.60151],[114.41667,30.60151]]}},{"type":"Feature","properties":{"id":"RD0333","name":"解放大道","category":"road","roadType":"primary","ref":""},"geometry":{"type":"LineString","coordinates":[[114.29363,30.60224],[114.29391,30.60248],[114.29458,30.60306],[114.2946,30.60307],[114.29479,30.60324],[114.29518,30.60357],[114.29547,30.60383],[114.29612,30.60453],[114.29661,30.6051],[114.29666,30.60516],[114.29691,30.6055],[114.29705,30.60568],[114.29712,30.60577],[114.29771,30.60662],[114.29838,30.60763],[114.29858,30.60798],[114.29886,30.60846],[114.29974,30.60974],[114.3001,30.61029],[114.3006,30.61097],[114.30067,30.61106],[114.30119,30.6117]]}},{"type":"Feature","properties":{"id":"RD0334","name":"长丰大道","category":"road","roadType":"primary","ref":""},"geometry":{"type":"LineString","coordinates":[[114.16183,30.61281],[114.16194,30.61294],[114.16199,30.61302],[114.1626,30.61376],[114.16309,30.61436],[114.16351,30.61481],[114.1638,30.61502],[114.16411,30.61518],[114.16446,30.61527],[114.16477,30.61531],[114.16527,30.61529],[114.1663,30.61516],[114.16855,30.61487],[114.17117,30.61461],[114.17235,30.61444],[114.1727,30.6144],[114.17551,30.61408],[114.17664,30.61393],[114.17956,30.61355],[114.17973,30.61351],[114.17981,30.61349],[114.17994,30.61351]]}},{"type":"Feature","properties":{"id":"RD0335","name":"珞喻东路","category":"road","roadType":"trunk","ref":"G316"},"geometry":{"type":"LineString","coordinates":[[114.42615,30.50805],[114.42639,30.50803],[114.42646,30.50803],[114.42724,30.50797],[114.4273,30.50796],[114.42834,30.50788],[114.42896,30.50782],[114.42963,30.50776],[114.43085,30.50767],[114.43134,30.50765],[114.4314,30.50765],[114.43154,30.50765],[114.43175,30.50767],[114.43223,30.50771],[114.43257,30.50777],[114.43285,30.50782],[114.43332,30.50793],[114.43416,30.50824],[114.43452,30.50841],[114.4348,30.50857],[114.43595,30.50914],[114.43604,30.50917]]}},{"type":"Feature","properties":{"id":"RD0336","name":"和平大道","category":"road","roadType":"primary","ref":""},"geometry":{"type":"LineString","coordinates":[[114.30855,30.57123],[114.30848,30.57116],[114.30834,30.57101],[114.30828,30.57095],[114.30795,30.57065],[114.30707,30.56949],[114.30696,30.56934],[114.30686,30.56922],[114.3064,30.56859],[114.30629,30.56845],[114.30612,30.56823],[114.30506,30.5667],[114.30438,30.56558],[114.30416,30.56518],[114.30304,30.56319],[114.30218,30.56155],[114.30168,30.5606],[114.30119,30.55951],[114.30112,30.55936],[114.30091,30.55893],[114.3009,30.55891],[114.30058,30.5582]]}},{"type":"Feature","properties":{"id":"RD0337","name":"珞喻路","category":"road","roadType":"trunk","ref":""},"geometry":{"type":"LineString","coordinates":[[114.36859,30.52039],[114.36933,30.52022],[114.37187,30.51965],[114.37389,30.51919],[114.37612,30.5187],[114.37784,30.51831],[114.37847,30.51817],[114.37957,30.51793],[114.38021,30.51777],[114.38076,30.51757],[114.38116,30.51737],[114.38145,30.5172],[114.38175,30.51701],[114.38203,30.51679],[114.3836,30.51542],[114.3844,30.51472],[114.38507,30.51413],[114.38571,30.51356],[114.38804,30.51153],[114.3884,30.51117],[114.38857,30.51097],[114.38879,30.51074]]}},{"type":"Feature","properties":{"id":"RD0338","name":"汉阳大道","category":"road","roadType":"primary","ref":""},"geometry":{"type":"LineString","coordinates":[[114.23698,30.55604],[114.23665,30.55619],[114.23204,30.55791],[114.23138,30.55816],[114.23107,30.55828],[114.23023,30.55851],[114.22841,30.5588],[114.22811,30.55885],[114.22547,30.55925],[114.22271,30.55968],[114.2221,30.55982],[114.2212,30.56002],[114.21891,30.56054],[114.21605,30.56125],[114.21392,30.5618],[114.2138,30.56183],[114.21185,30.56234],[114.20956,30.56296],[114.20928,30.56305],[114.20815,30.56343],[114.20793,30.5635],[114.20691,30.56386]]}},{"type":"Feature","properties":{"id":"RD0339","name":"武汉绕城高速","category":"road","roadType":"motorway","ref":"G42;G4201"},"geometry":{"type":"LineString","coordinates":[[114.19383,30.73253],[114.19508,30.73281],[114.19636,30.73306],[114.19782,30.73343],[114.19851,30.7336],[114.1997,30.73393],[114.20082,30.73426],[114.20203,30.73463],[114.20323,30.73504],[114.20403,30.73533],[114.20548,30.73584],[114.2072,30.73654],[114.20957,30.73761],[114.2114,30.73852],[114.21387,30.73987],[114.21493,30.74053],[114.21702,30.74184],[114.21837,30.74279],[114.22048,30.74432],[114.22175,30.74538],[114.22283,30.74629],[114.22354,30.74691]]}},{"type":"Feature","properties":{"id":"RD0340","name":"琴台大道","category":"road","roadType":"primary","ref":""},"geometry":{"type":"LineString","coordinates":[[114.17667,30.57853],[114.17536,30.5786],[114.17443,30.57865],[114.17351,30.5786],[114.17261,30.57849],[114.17222,30.57843],[114.17203,30.5784],[114.17123,30.57821],[114.17063,30.57801],[114.17019,30.57787],[114.16863,30.5773],[114.16786,30.57704],[114.16766,30.57698],[114.16756,30.57696],[114.16691,30.57683],[114.16646,30.5768],[114.16615,30.57681],[114.16583,30.57683],[114.16556,30.57689],[114.1654,30.57692],[114.1649,30.57706],[114.16458,30.57719]]}},{"type":"Feature","properties":{"id":"RD0341","name":"新华路","category":"road","roadType":"primary","ref":""},"geometry":{"type":"LineString","coordinates":[[114.25639,30.62256],[114.25687,30.62096],[114.25706,30.62038],[114.25709,30.6203],[114.25741,30.61929],[114.2575,30.61902],[114.25753,30.61893],[114.25762,30.61863],[114.25765,30.61853],[114.2577,30.61838],[114.25816,30.61697],[114.25836,30.61622],[114.2587,30.61521],[114.25883,30.61491],[114.25904,30.61443],[114.25928,30.61401],[114.25932,30.61396],[114.25986,30.61327],[114.2618,30.61134],[114.26189,30.61126],[114.2623,30.61087],[114.26314,30.61005]]}},{"type":"Feature","properties":{"id":"RD0342","name":"未命名道路","category":"road","roadType":"primary","ref":""},"geometry":{"type":"LineString","coordinates":[[114.0909,30.56635],[114.09101,30.56696],[114.09105,30.56736],[114.09108,30.56775],[114.0911,30.56803],[114.09112,30.56842],[114.09111,30.5688],[114.09111,30.5692],[114.09106,30.56987],[114.09101,30.57025],[114.09095,30.57066],[114.09085,30.57121],[114.09077,30.5716],[114.09064,30.57211],[114.09048,30.57265],[114.09033,30.57311],[114.09018,30.57355],[114.09001,30.57406],[114.08983,30.57463],[114.08966,30.57513],[114.08945,30.57579],[114.08936,30.57606]]}},{"type":"Feature","properties":{"id":"RD0343","name":"汉阳大道","category":"road","roadType":"primary","ref":""},"geometry":{"type":"LineString","coordinates":[[114.20739,30.5636],[114.20774,30.56347],[114.208,30.56338],[114.20814,30.56334],[114.20834,30.56327],[114.20953,30.56288],[114.21182,30.56227],[114.21378,30.56175],[114.21388,30.56173],[114.21603,30.56118],[114.21889,30.56047],[114.22207,30.55974],[114.22269,30.55962],[114.22572,30.55913],[114.22839,30.55872],[114.23021,30.55842],[114.23103,30.5582],[114.23133,30.55809],[114.232,30.55783],[114.23565,30.55646],[114.23661,30.55611],[114.23698,30.55604]]}},{"type":"Feature","properties":{"id":"RD0344","name":"星光大道","category":"road","roadType":"primary","ref":""},"geometry":{"type":"LineString","coordinates":[[114.30078,30.4048],[114.30053,30.40482],[114.29844,30.40498],[114.29422,30.40542],[114.29342,30.40552],[114.28839,30.40613],[114.28827,30.40615],[114.27872,30.40722],[114.27871,30.40722],[114.27692,30.40743],[114.27551,30.40763],[114.2755,30.40763],[114.26855,30.40837],[114.26806,30.40843],[114.26802,30.40843],[114.26212,30.40907],[114.26051,30.40927],[114.2605,30.40927],[114.25526,30.40989],[114.25335,30.41021],[114.25291,30.41029],[114.25281,30.41032]]}},{"type":"Feature","properties":{"id":"RD0345","name":"和平大道","category":"road","roadType":"primary","ref":""},"geometry":{"type":"LineString","coordinates":[[114.36167,30.62144],[114.36296,30.62222],[114.36321,30.62237],[114.36511,30.62355],[114.36705,30.62472],[114.36712,30.62476],[114.36715,30.62478],[114.37064,30.62699],[114.37227,30.628],[114.37288,30.62837],[114.37417,30.62919],[114.37782,30.63142],[114.3807,30.63321],[114.38086,30.63331],[114.38132,30.63361],[114.38146,30.63368],[114.38179,30.63389],[114.38212,30.6341],[114.38315,30.63475],[114.38555,30.63623],[114.38638,30.63663],[114.38701,30.63694]]}},{"type":"Feature","properties":{"id":"RD0346","name":"江北快速路","category":"road","roadType":"trunk","ref":""},"geometry":{"type":"LineString","coordinates":[[114.35209,30.66793],[114.35234,30.66814],[114.35263,30.66833],[114.35296,30.66853],[114.35381,30.66897],[114.35676,30.67028],[114.3582,30.67103],[114.35901,30.67152],[114.36157,30.67317],[114.36324,30.67409],[114.36484,30.6749],[114.3672,30.67607],[114.36971,30.67754],[114.37004,30.67776],[114.37164,30.67882],[114.37351,30.67998],[114.3741,30.68029],[114.37557,30.68091],[114.37638,30.68128],[114.38212,30.68444],[114.38774,30.68756],[114.38935,30.6884]]}},{"type":"Feature","properties":{"id":"RD0347","name":"未命名道路","category":"road","roadType":"primary","ref":""},"geometry":{"type":"LineString","coordinates":[[114.30977,30.61146],[114.30985,30.61141],[114.30994,30.61137],[114.31005,30.61137],[114.31015,30.61139],[114.31024,30.61144],[114.31029,30.6115],[114.3103,30.61151],[114.31034,30.6116],[114.31034,30.61169],[114.31031,30.61178],[114.31025,30.61185],[114.31017,30.6119],[114.31007,30.61193],[114.30996,30.61193],[114.30987,30.61191],[114.30978,30.61186],[114.30972,30.61179],[114.30969,30.61171],[114.30968,30.61162],[114.30971,30.61154],[114.30977,30.61146]]}},{"type":"Feature","properties":{"id":"RD0348","name":"建设大道","category":"road","roadType":"primary","ref":""},"geometry":{"type":"LineString","coordinates":[[114.29064,30.61939],[114.29069,30.61944],[114.29135,30.61998],[114.29236,30.62088],[114.29269,30.62114],[114.29273,30.62118],[114.29296,30.62138],[114.29305,30.62146],[114.29328,30.62163],[114.29382,30.62204],[114.29557,30.62354],[114.29616,30.62402],[114.29618,30.62403],[114.29698,30.62468],[114.29824,30.62575],[114.29931,30.62665],[114.30089,30.62811],[114.30171,30.62888],[114.30202,30.62923],[114.30223,30.62969],[114.30235,30.63062],[114.30242,30.63114]]}},{"type":"Feature","properties":{"id":"RD0349","name":"江北快速路","category":"road","roadType":"trunk","ref":""},"geometry":{"type":"LineString","coordinates":[[114.52843,30.69275],[114.52886,30.69261],[114.52937,30.69245],[114.52988,30.69229],[114.53039,30.69212],[114.53097,30.69192],[114.53154,30.69171],[114.53875,30.68881],[114.53898,30.68873],[114.53922,30.68865],[114.53947,30.68858],[114.53972,30.68852],[114.53997,30.68846],[114.5402,30.68842],[114.54042,30.68839],[114.54065,30.68837],[114.5409,30.68836],[114.54114,30.68835],[114.54139,30.68835],[114.54195,30.68838],[114.54239,30.68842],[114.54359,30.68861]]}},{"type":"Feature","properties":{"id":"RD0350","name":"江北快速路","category":"road","roadType":"trunk","ref":""},"geometry":{"type":"LineString","coordinates":[[114.54357,30.68872],[114.54236,30.68857],[114.54193,30.68854],[114.54138,30.6885],[114.54114,30.6885],[114.54091,30.68851],[114.54067,30.68852],[114.54045,30.68855],[114.54023,30.68857],[114.54001,30.68861],[114.53976,30.68866],[114.53952,30.68873],[114.53928,30.6888],[114.53905,30.68887],[114.53882,30.68895],[114.53161,30.69186],[114.53104,30.69207],[114.53046,30.69227],[114.52995,30.69244],[114.52944,30.6926],[114.52892,30.69276],[114.52849,30.6929]]}},{"type":"Feature","properties":{"id":"RD0351","name":"巨龙大道","category":"road","roadType":"primary","ref":""},"geometry":{"type":"LineString","coordinates":[[114.22642,30.73038],[114.22674,30.73013],[114.22817,30.72884],[114.23009,30.72709],[114.23037,30.72684],[114.23068,30.72655],[114.23081,30.72643],[114.23251,30.72487],[114.23354,30.72393],[114.23657,30.72113],[114.23726,30.72049],[114.23829,30.71964],[114.23892,30.7192],[114.24008,30.7184],[114.24033,30.71822],[114.24085,30.71791],[114.2416,30.71746],[114.24184,30.71732],[114.24334,30.7165],[114.24845,30.71389],[114.24943,30.71349]]}},{"type":"Feature","properties":{"id":"RD0352","name":"老武黄路","category":"road","roadType":"trunk","ref":"G316"},"geometry":{"type":"LineString","coordinates":[[114.53178,30.51868],[114.53121,30.51869],[114.52507,30.51913],[114.52477,30.51916],[114.52427,30.51923],[114.52349,30.51938],[114.52209,30.51983],[114.51983,30.52076],[114.51942,30.52093],[114.51852,30.52129],[114.5176,30.52156],[114.51707,30.52166],[114.51647,30.52168],[114.51261,30.52171],[114.51158,30.52171],[114.51116,30.52171],[114.50879,30.52173],[114.50756,30.52173],[114.50674,30.52167],[114.50638,30.52164],[114.50619,30.52164]]}},{"type":"Feature","properties":{"id":"RD0353","name":"古田二路","category":"road","roadType":"primary","ref":""},"geometry":{"type":"LineString","coordinates":[[114.19722,30.63023],[114.19728,30.63043],[114.19778,30.63237],[114.19782,30.63251],[114.19836,30.63472],[114.19841,30.6349],[114.19843,30.63499],[114.19847,30.63512],[114.19873,30.63612],[114.19879,30.63635],[114.19882,30.63651],[114.19883,30.63654],[114.19924,30.63822],[114.19966,30.63999],[114.19967,30.64004],[114.1997,30.64019],[114.19972,30.64031],[114.19973,30.6405],[114.1997,30.64123],[114.19963,30.64147],[114.19959,30.64158]]}},{"type":"Feature","properties":{"id":"RD0354","name":"雄楚大道地面道","category":"road","roadType":"primary","ref":""},"geometry":{"type":"LineString","coordinates":[[114.37486,30.50744],[114.37467,30.50748],[114.37439,30.50753],[114.37395,30.50756],[114.37339,30.50757],[114.37282,30.50757],[114.37247,30.50755],[114.37236,30.50755],[114.372,30.50753],[114.37015,30.50747],[114.36913,30.50743],[114.36839,30.50742],[114.36796,30.50746],[114.36749,30.50753],[114.36697,30.50765],[114.36643,30.50782],[114.36594,30.508],[114.36551,30.50819],[114.3617,30.50984],[114.36115,30.51008],[114.36101,30.51014]]}},{"type":"Feature","properties":{"id":"RD0355","name":"二环线","category":"road","roadType":"trunk","ref":""},"geometry":{"type":"LineString","coordinates":[[114.35131,30.6207],[114.35211,30.6199],[114.35322,30.61875],[114.35457,30.61694],[114.35513,30.6161],[114.3556,30.61538],[114.35635,30.61412],[114.35727,30.61259],[114.35743,30.61232],[114.35963,30.60848],[114.36012,30.60759],[114.36097,30.60628],[114.36198,30.60498],[114.36336,30.60332],[114.36416,30.6023],[114.3661,30.59862],[114.36761,30.59572],[114.36773,30.5955],[114.36797,30.59504],[114.36841,30.59419],[114.36892,30.59324]]}},{"type":"Feature","properties":{"id":"RD0356","name":"欢乐大道","category":"road","roadType":"trunk","ref":""},"geometry":{"type":"LineString","coordinates":[[114.41955,30.60154],[114.42004,30.60154],[114.4202,30.60153],[114.42034,30.60154],[114.42043,30.60154],[114.42107,30.60154],[114.42189,30.60155],[114.42227,30.60156],[114.42329,30.60151],[114.4242,30.60141],[114.42531,30.60122],[114.42581,30.60112],[114.42657,30.60094],[114.42683,30.60086],[114.4277,30.6006],[114.42868,30.60024],[114.42953,30.59986],[114.43048,30.59937],[114.43076,30.5992],[114.43142,30.59881],[114.43201,30.59844]]}},{"type":"Feature","properties":{"id":"RD0357","name":"新华路","category":"road","roadType":"primary","ref":""},"geometry":{"type":"LineString","coordinates":[[114.26627,30.59872],[114.26644,30.5984],[114.26703,30.5971],[114.26712,30.59688],[114.26759,30.59573],[114.26769,30.59551],[114.26802,30.59477],[114.26835,30.59396],[114.26846,30.59383],[114.26843,30.5937],[114.26871,30.5931],[114.26889,30.59269],[114.26914,30.59207],[114.26935,30.59156],[114.26975,30.59051],[114.27028,30.58883],[114.27038,30.58852],[114.27076,30.58729],[114.27115,30.58604],[114.2712,30.58585],[114.27125,30.5857]]}},{"type":"Feature","properties":{"id":"RD0358","name":"未命名道路","category":"road","roadType":"primary","ref":""},"geometry":{"type":"LineString","coordinates":[[114.52184,30.49042],[114.5219,30.49075],[114.52194,30.49083],[114.52203,30.4909],[114.52214,30.49096],[114.52228,30.49097],[114.52251,30.49097],[114.52336,30.49095],[114.52625,30.49087],[114.52833,30.49082],[114.52844,30.49079],[114.52852,30.49074],[114.52859,30.49065],[114.52863,30.49056],[114.52864,30.49044],[114.52863,30.48986],[114.52863,30.4894],[114.52863,30.4878],[114.5286,30.48771],[114.52855,30.48764],[114.5282,30.48749]]}},{"type":"Feature","properties":{"id":"RD0359","name":"高新四路","category":"road","roadType":"primary","ref":""},"geometry":{"type":"LineString","coordinates":[[114.47591,30.45977],[114.47609,30.45975],[114.4761,30.45975],[114.47668,30.45967],[114.47885,30.45943],[114.48028,30.45929],[114.48218,30.45908],[114.48291,30.459],[114.48359,30.45895],[114.48372,30.45895],[114.4882,30.45847],[114.4889,30.45839],[114.49227,30.45804],[114.4951,30.45778],[114.49644,30.45774],[114.49824,30.45778],[114.49986,30.45786],[114.50114,30.45799],[114.50139,30.45803],[114.5032,30.45826],[114.50493,30.45865]]}},{"type":"Feature","properties":{"id":"RD0360","name":"珞喻东路","category":"road","roadType":"trunk","ref":"G316"},"geometry":{"type":"LineString","coordinates":[[114.43598,30.50928],[114.43587,30.50923],[114.43474,30.50866],[114.43439,30.50849],[114.43412,30.50835],[114.43329,30.50804],[114.43282,30.50792],[114.43239,30.50784],[114.43223,30.50781],[114.43154,30.50774],[114.43109,30.50775],[114.43083,30.50777],[114.43059,30.50779],[114.4299,30.50784],[114.42946,30.50788],[114.42826,30.508],[114.42735,30.50806],[114.42702,30.50808],[114.4265,30.50815],[114.4264,30.50816],[114.42618,30.50817]]}},{"type":"Feature","properties":{"id":"RD0361","name":"南湖大道","category":"road","roadType":"primary","ref":""},"geometry":{"type":"LineString","coordinates":[[114.32687,30.48373],[114.32679,30.48374],[114.32673,30.48376],[114.32597,30.48385],[114.32552,30.48389],[114.32366,30.48403],[114.3226,30.4841],[114.32177,30.48411],[114.32077,30.4841],[114.32049,30.48411],[114.32019,30.48412],[114.31801,30.48426],[114.31692,30.48433],[114.31586,30.48438],[114.31307,30.48449],[114.3118,30.48454],[114.3111,30.48456],[114.3099,30.48462],[114.30923,30.48472],[114.30806,30.48493],[114.30795,30.48495]]}},{"type":"Feature","properties":{"id":"RD0362","name":"武汉绕城高速公路","category":"road","roadType":"motorway","ref":"G4201"},"geometry":{"type":"LineString","coordinates":[[114.52036,30.58589],[114.52019,30.58412],[114.52008,30.58283],[114.51995,30.58192],[114.51972,30.5809],[114.51946,30.57954],[114.51919,30.57844],[114.51891,30.57737],[114.51794,30.57397],[114.51718,30.57121],[114.51694,30.57024],[114.51672,30.5692],[114.51641,30.5672],[114.51632,30.5657],[114.51631,30.564],[114.51642,30.56202],[114.51648,30.56155],[114.51687,30.55952],[114.51719,30.55828],[114.51746,30.55737],[114.51804,30.55585]]}},{"type":"Feature","properties":{"id":"RD0363","name":"未命名道路","category":"road","roadType":"primary","ref":""},"geometry":{"type":"LineString","coordinates":[[114.25194,30.63769],[114.25245,30.63711],[114.25267,30.63687],[114.25327,30.63624],[114.25365,30.63584],[114.25421,30.63525],[114.25487,30.63452],[114.25509,30.63426],[114.25517,30.63416],[114.25558,30.63367],[114.25607,30.63312],[114.2564,30.63274],[114.25651,30.6326],[114.25736,30.63169],[114.25763,30.63136],[114.2582,30.63074],[114.25906,30.62971],[114.25951,30.62921],[114.25966,30.62903],[114.26003,30.62858],[114.26053,30.62804]]}},{"type":"Feature","properties":{"id":"RD0364","name":"汉口北大道","category":"road","roadType":"primary","ref":""},"geometry":{"type":"LineString","coordinates":[[114.40305,30.72262],[114.39546,30.72289],[114.39463,30.72293],[114.39428,30.72296],[114.39357,30.72299],[114.39352,30.72299],[114.39346,30.72299],[114.39284,30.72298],[114.39269,30.72298],[114.39048,30.72299],[114.38772,30.72296],[114.38771,30.72296],[114.38716,30.72293],[114.38701,30.72293],[114.3826,30.72271],[114.38249,30.7227],[114.38045,30.72264],[114.37638,30.7225],[114.37056,30.72227],[114.36899,30.72219],[114.36272,30.7219]]}},{"type":"Feature","properties":{"id":"RD0365","name":"梁子湖大道","category":"road","roadType":"primary","ref":""},"geometry":{"type":"LineString","coordinates":[[114.40435,30.37242],[114.40382,30.37349],[114.4037,30.37367],[114.40365,30.37375],[114.40347,30.37403],[114.40337,30.37418],[114.40214,30.37634],[114.40117,30.37878],[114.40019,30.3825],[114.39915,30.38569],[114.39897,30.38603],[114.39875,30.38635],[114.39842,30.38665],[114.39808,30.38688],[114.39766,30.38708],[114.39715,30.38722],[114.39682,30.38727],[114.3965,30.38732],[114.39627,30.3874],[114.39606,30.38751],[114.39589,30.38762]]}},{"type":"Feature","properties":{"id":"RD0366","name":"沿河大道","category":"road","roadType":"primary","ref":""},"geometry":{"type":"LineString","coordinates":[[114.27711,30.56675],[114.27715,30.56696],[114.27713,30.56697],[114.27715,30.56711],[114.27718,30.56733],[114.27718,30.56743],[114.27724,30.56768],[114.27728,30.56785],[114.27729,30.56789],[114.27739,30.56826],[114.27752,30.56853],[114.27773,30.56878],[114.27812,30.56903],[114.27849,30.56919],[114.27884,30.56925],[114.27915,30.56926],[114.27926,30.56927],[114.28003,30.56926],[114.28093,30.56919],[114.28473,30.5687],[114.2851,30.56865]]}},{"type":"Feature","properties":{"id":"RD0367","name":"文化大道","category":"road","roadType":"primary","ref":""},"geometry":{"type":"LineString","coordinates":[[114.31585,30.43758],[114.31585,30.4379],[114.31583,30.43799],[114.31578,30.4382],[114.31573,30.43861],[114.31565,30.43893],[114.31558,30.43925],[114.31537,30.43995],[114.3153,30.44019],[114.3151,30.44074],[114.3142,30.44247],[114.31407,30.4427],[114.31386,30.44301],[114.3136,30.44342],[114.3133,30.44385],[114.3123,30.44503],[114.3115,30.44593],[114.31141,30.44604],[114.31056,30.44707],[114.31032,30.44747],[114.31031,30.44748]]}},{"type":"Feature","properties":{"id":"RD0368","name":"汉江大道","category":"road","roadType":"trunk","ref":""},"geometry":{"type":"LineString","coordinates":[[114.24665,30.57903],[114.2466,30.57888],[114.24653,30.57856],[114.24628,30.57709],[114.24601,30.57554],[114.24596,30.57531],[114.24594,30.5751],[114.24593,30.57458],[114.24593,30.57341],[114.24593,30.57246],[114.24591,30.57219],[114.24589,30.572],[114.24587,30.57184],[114.24584,30.57169],[114.24581,30.57152],[114.24577,30.57137],[114.24574,30.57125],[114.24568,30.57108],[114.24562,30.57093],[114.24552,30.57068],[114.24539,30.57042]]}},{"type":"Feature","properties":{"id":"RD0369","name":"未命名道路","category":"road","roadType":"primary","ref":""},"geometry":{"type":"LineString","coordinates":[[114.2936,30.46222],[114.29352,30.46208],[114.2935,30.46192],[114.29355,30.46177],[114.29365,30.46164],[114.29379,30.46155],[114.29396,30.46151],[114.29408,30.4615],[114.29431,30.46157],[114.29445,30.46168],[114.29453,30.46181],[114.29456,30.46197],[114.29452,30.46212],[114.29443,30.46225],[114.29429,30.46235],[114.29423,30.46237],[114.29413,30.46241],[114.294,30.46241],[114.29388,30.4624],[114.29372,30.46233],[114.2936,30.46222]]}},{"type":"Feature","properties":{"id":"RD0370","name":"未命名道路","category":"road","roadType":"primary","ref":""},"geometry":{"type":"LineString","coordinates":[[114.00832,30.50319],[114.00827,30.5031],[114.00815,30.50291],[114.00566,30.50047],[114.00345,30.49839],[114.00171,30.49674],[114.00147,30.49651],[114.00122,30.49629],[114.00096,30.49607],[114.00069,30.49586],[114.00041,30.49565],[114.00013,30.49545],[113.99984,30.49526],[113.99956,30.49508],[113.99928,30.49492],[113.99898,30.49476],[113.99869,30.4946],[113.99838,30.49445],[113.99808,30.49431],[113.99777,30.49418],[113.99745,30.49406]]}},{"type":"Feature","properties":{"id":"RD0371","name":"未命名道路","category":"road","roadType":"primary","ref":"G107;G316"},"geometry":{"type":"LineString","coordinates":[[114.21036,30.5722],[114.2103,30.57216],[114.21026,30.57212],[114.21024,30.57207],[114.21023,30.57201],[114.21025,30.57196],[114.21028,30.5719],[114.21034,30.57186],[114.21041,30.57184],[114.21048,30.57183],[114.21055,30.57185],[114.21062,30.57189],[114.21065,30.57193],[114.21067,30.57198],[114.21068,30.57203],[114.21067,30.57208],[114.21064,30.57214],[114.21058,30.57219],[114.21051,30.57221],[114.21043,30.57222],[114.21036,30.5722]]}},{"type":"Feature","properties":{"id":"RD0372","name":"未命名道路","category":"road","roadType":"primary","ref":""},"geometry":{"type":"LineString","coordinates":[[114.16403,30.59624],[114.16389,30.59567],[114.16376,30.59475],[114.16352,30.59346],[114.16327,30.59194],[114.1631,30.59138],[114.16307,30.5913],[114.1627,30.59033],[114.16206,30.58866],[114.16061,30.58543],[114.15978,30.58375],[114.15939,30.58257],[114.15919,30.58189],[114.15905,30.58045],[114.15903,30.57917],[114.15903,30.57905],[114.15908,30.57863],[114.15909,30.57859],[114.15917,30.57786],[114.15925,30.57679],[114.15931,30.57588]]}},{"type":"Feature","properties":{"id":"RD0373","name":"蔡甸大街","category":"road","roadType":"primary","ref":""},"geometry":{"type":"LineString","coordinates":[[113.99426,30.58392],[113.9972,30.58352],[113.99871,30.58333],[114.0014,30.58294],[114.00177,30.58287],[114.00231,30.58273],[114.00255,30.58265],[114.00287,30.58252],[114.00353,30.58223],[114.00453,30.5818],[114.00797,30.58033],[114.00884,30.57996],[114.01085,30.57906],[114.01332,30.57798],[114.01389,30.57775],[114.01494,30.57729],[114.01542,30.57712],[114.01605,30.57687],[114.01686,30.57652],[114.01949,30.57537]]}},{"type":"Feature","properties":{"id":"RD0374","name":"沪渝高速","category":"road","roadType":"motorway","ref":"G50;G70"},"geometry":{"type":"LineString","coordinates":[[114.61353,30.44083],[114.61264,30.44104],[114.61114,30.44148],[114.61003,30.4418],[114.60411,30.44391],[114.60065,30.44537],[114.59727,30.44707],[114.59701,30.44721],[114.59496,30.44834],[114.59335,30.44932],[114.59088,30.45084],[114.58906,30.45192],[114.58712,30.45296],[114.58613,30.45345],[114.58329,30.45478],[114.58305,30.45489],[114.58127,30.45567],[114.57945,30.45646],[114.57763,30.45725],[114.57385,30.45891]]}},{"type":"Feature","properties":{"id":"RD0375","name":"纸坊大街","category":"road","roadType":"primary","ref":""},"geometry":{"type":"LineString","coordinates":[[114.29786,30.3439],[114.29824,30.34394],[114.29932,30.34424],[114.30169,30.34502],[114.3034,30.34558],[114.30428,30.34564],[114.30534,30.3457],[114.30698,30.34556],[114.30754,30.34551],[114.30766,30.3455],[114.31066,30.34523],[114.31209,30.34507],[114.31742,30.34555],[114.31749,30.34556],[114.31753,30.34556],[114.31912,30.34567],[114.31927,30.34568],[114.32215,30.34586],[114.32295,30.34584],[114.32312,30.34583]]}},{"type":"Feature","properties":{"id":"RD0376","name":"黄鹤楼东路","category":"road","roadType":"primary","ref":""},"geometry":{"type":"LineString","coordinates":[[114.30145,30.54359],[114.30148,30.54386],[114.30195,30.54479],[114.3021,30.5451],[114.302,30.54529],[114.30179,30.54542],[114.30158,30.54545],[114.30069,30.54556],[114.30046,30.54555],[114.30034,30.54553],[114.30022,30.54552],[114.29989,30.54547],[114.29952,30.54547],[114.29911,30.54554],[114.299,30.54556],[114.29856,30.54572],[114.29812,30.5459],[114.29701,30.54643],[114.29644,30.54669],[114.29591,30.54692]]}},{"type":"Feature","properties":{"id":"RD0377","name":"未命名道路","category":"road","roadType":"primary","ref":""},"geometry":{"type":"LineString","coordinates":[[114.61604,30.44575],[114.61598,30.44571],[114.61595,30.44565],[114.61594,30.44558],[114.61596,30.44552],[114.616,30.44547],[114.61606,30.44543],[114.6161,30.44542],[114.61617,30.44541],[114.61624,30.44542],[114.61631,30.44546],[114.61634,30.4455],[114.61637,30.44556],[114.61637,30.44562],[114.61635,30.44568],[114.6163,30.44573],[114.61626,30.44576],[114.61618,30.44578],[114.61611,30.44578],[114.61604,30.44575]]}},{"type":"Feature","properties":{"id":"RD0378","name":"雄楚大道地面道","category":"road","roadType":"primary","ref":""},"geometry":{"type":"LineString","coordinates":[[114.36104,30.50988],[114.36166,30.50961],[114.36213,30.50939],[114.36542,30.50797],[114.36591,30.50775],[114.36635,30.50759],[114.36679,30.50746],[114.36725,30.50735],[114.36785,30.50725],[114.36844,30.50719],[114.36893,30.50721],[114.37007,30.50723],[114.37237,30.50732],[114.37243,30.50732],[114.37248,30.50732],[114.37366,30.50732],[114.37388,30.5073],[114.37403,30.50727],[114.37438,30.50726],[114.37476,30.50718]]}},{"type":"Feature","properties":{"id":"RD0379","name":"青郑高速公路","category":"road","roadType":"motorway","ref":""},"geometry":{"type":"LineString","coordinates":[[114.22719,30.33401],[114.22735,30.3333],[114.22765,30.33253],[114.2279,30.33196],[114.2282,30.33144],[114.22887,30.33052],[114.22962,30.32971],[114.23044,30.32895],[114.23306,30.32717],[114.2348,30.32576],[114.23827,30.32323],[114.23881,30.32278],[114.23937,30.3222],[114.24011,30.32129],[114.24032,30.32097],[114.24107,30.31969],[114.24123,30.31929],[114.24145,30.31871],[114.24161,30.31815],[114.2418,30.31736]]}},{"type":"Feature","properties":{"id":"RD0380","name":"三环线","category":"road","roadType":"trunk","ref":""},"geometry":{"type":"LineString","coordinates":[[114.253,30.64433],[114.25452,30.64521],[114.25517,30.64562],[114.25675,30.64661],[114.25811,30.64746],[114.25945,30.64823],[114.26107,30.64905],[114.26222,30.64963],[114.26329,30.6503],[114.26409,30.65091],[114.2648,30.6516],[114.26673,30.65395],[114.2672,30.65446],[114.2677,30.65493],[114.26952,30.65634],[114.27116,30.65761],[114.27212,30.65836],[114.27235,30.65855],[114.27342,30.65946],[114.27385,30.65981]]}},{"type":"Feature","properties":{"id":"RD0381","name":"二环线","category":"road","roadType":"trunk","ref":""},"geometry":{"type":"LineString","coordinates":[[114.28621,30.62808],[114.28503,30.62776],[114.28427,30.62755],[114.28414,30.62752],[114.28392,30.62746],[114.28324,30.62727],[114.28307,30.62723],[114.2823,30.62695],[114.28181,30.62676],[114.2811,30.62648],[114.2798,30.62598],[114.27957,30.62588],[114.27842,30.62542],[114.27815,30.62531],[114.27612,30.62449],[114.27582,30.62437],[114.27386,30.62362],[114.27235,30.62309],[114.27087,30.62259],[114.26806,30.62161]]}},{"type":"Feature","properties":{"id":"RD0382","name":"高新四路","category":"road","roadType":"primary","ref":""},"geometry":{"type":"LineString","coordinates":[[114.41555,30.45137],[114.41581,30.45139],[114.41629,30.45146],[114.4171,30.45159],[114.41908,30.45189],[114.42089,30.45223],[114.42252,30.45248],[114.4226,30.45249],[114.42359,30.45265],[114.42387,30.45269],[114.42398,30.4527],[114.42545,30.45292],[114.4259,30.45303],[114.42617,30.45303],[114.42872,30.45342],[114.42911,30.45355],[114.42954,30.45356],[114.43079,30.45375],[114.43122,30.45381],[114.43242,30.45399]]}},{"type":"Feature","properties":{"id":"RD0383","name":"关豹高速","category":"road","roadType":"motorway","ref":"S8"},"geometry":{"type":"LineString","coordinates":[[114.43566,30.46939],[114.43987,30.47041],[114.44313,30.47113],[114.44494,30.47146],[114.44763,30.47189],[114.45039,30.47225],[114.4526,30.47248],[114.45475,30.47266],[114.45647,30.47277],[114.45825,30.47285],[114.46163,30.47287],[114.46369,30.47286],[114.46532,30.47288],[114.46577,30.47288],[114.4666,30.4729],[114.46756,30.47282],[114.46835,30.47272],[114.46872,30.47268],[114.46906,30.47269],[114.46995,30.47274]]}},{"type":"Feature","properties":{"id":"RD0384","name":"民族大道","category":"road","roadType":"primary","ref":""},"geometry":{"type":"LineString","coordinates":[[114.3928,30.5008],[114.39287,30.50134],[114.39296,30.50211],[114.39304,30.50286],[114.39313,30.50349],[114.39322,30.50425],[114.39331,30.50507],[114.39335,30.50518],[114.39337,30.50523],[114.3934,30.5053],[114.39341,30.50534],[114.39342,30.50539],[114.39343,30.50547],[114.3935,30.506],[114.39364,30.50715],[114.39365,30.50719],[114.39368,30.50739],[114.39372,30.50747],[114.39379,30.50753],[114.39389,30.50761]]}},{"type":"Feature","properties":{"id":"RD0385","name":"雄楚大道地面道","category":"road","roadType":"primary","ref":""},"geometry":{"type":"LineString","coordinates":[[114.34459,30.51231],[114.34507,30.51232],[114.34718,30.51246],[114.34807,30.51253],[114.34903,30.51257],[114.34962,30.51259],[114.35035,30.51258],[114.35258,30.51246],[114.35326,30.51241],[114.35389,30.51235],[114.35457,30.51224],[114.35539,30.51206],[114.35624,30.51185],[114.35701,30.5116],[114.35777,30.51132],[114.35836,30.51108],[114.35847,30.51103],[114.36002,30.51033],[114.36042,30.51015],[114.36104,30.50988]]}},{"type":"Feature","properties":{"id":"RD0386","name":"发展大道","category":"road","roadType":"primary","ref":""},"geometry":{"type":"LineString","coordinates":[[114.30132,30.63231],[114.30092,30.63219],[114.30061,30.63209],[114.30032,30.63201],[114.29998,30.63191],[114.2996,30.63177],[114.29894,30.63156],[114.29767,30.63117],[114.29483,30.63048],[114.29395,30.63025],[114.2925,30.62987],[114.29083,30.62944],[114.28884,30.62893],[114.28699,30.62845],[114.28615,30.62823],[114.28522,30.62793],[114.28453,30.62769],[114.28415,30.6276],[114.28385,30.62755],[114.28344,30.62761]]}},{"type":"Feature","properties":{"id":"RD0387","name":"发展大道","category":"road","roadType":"primary","ref":""},"geometry":{"type":"LineString","coordinates":[[114.24378,30.61415],[114.24391,30.61421],[114.2441,30.6143],[114.24427,30.61438],[114.24458,30.61455],[114.24604,30.61526],[114.24704,30.61559],[114.24808,30.61587],[114.24863,30.61603],[114.25054,30.61662],[114.25123,30.61682],[114.25149,30.61691],[114.25216,30.6171],[114.25286,30.61733],[114.25403,30.61768],[114.25414,30.61771],[114.25427,30.61774],[114.2559,30.61818],[114.25717,30.61853],[114.25722,30.61854]]}},{"type":"Feature","properties":{"id":"RD0388","name":"未命名道路","category":"road","roadType":"primary","ref":""},"geometry":{"type":"LineString","coordinates":[[114.08919,30.57659],[114.08902,30.57711],[114.08883,30.57766],[114.08864,30.57827],[114.0884,30.57898],[114.08819,30.57962],[114.08803,30.58011],[114.08782,30.58075],[114.08759,30.5815],[114.08752,30.58164],[114.08738,30.5821],[114.08735,30.58222],[114.0873,30.58237],[114.08727,30.58249],[114.08714,30.58292],[114.08696,30.5837],[114.08681,30.58443],[114.0867,30.58499],[114.08664,30.58542],[114.08651,30.58633]]}},{"type":"Feature","properties":{"id":"RD0389","name":"汉江路","category":"road","roadType":"primary","ref":""},"geometry":{"type":"LineString","coordinates":[[114.0428,30.58246],[114.04278,30.58221],[114.04276,30.58201],[114.04259,30.58],[114.04348,30.57703],[114.04398,30.57517],[114.04399,30.57478],[114.04388,30.57441],[114.04336,30.57314],[114.04315,30.57264],[114.04312,30.57256],[114.0428,30.57183],[114.0409,30.56754],[114.04079,30.56729],[114.04058,30.56678],[114.03931,30.56398],[114.03909,30.56349],[114.03889,30.56303],[114.03886,30.56297],[114.03869,30.56259]]}},{"type":"Feature","properties":{"id":"RD0390","name":"琴川大道","category":"road","roadType":"primary","ref":""},"geometry":{"type":"LineString","coordinates":[[114.04181,30.58283],[114.04234,30.58242],[114.04278,30.58221],[114.04289,30.58218],[114.0432,30.5821],[114.04524,30.582],[114.04584,30.58178],[114.04653,30.58155],[114.0471,30.5814],[114.04743,30.58135],[114.04934,30.58121],[114.05375,30.58115],[114.05384,30.58114],[114.05658,30.581],[114.05671,30.58099],[114.0619,30.5809],[114.062,30.58089],[114.06211,30.58089],[114.06219,30.58089],[114.06504,30.5808]]}},{"type":"Feature","properties":{"id":"RD0391","name":"金龙大道","category":"road","roadType":"primary","ref":""},"geometry":{"type":"LineString","coordinates":[[114.39504,30.38684],[114.39521,30.38679],[114.39541,30.38675],[114.39561,30.38677],[114.39579,30.38685],[114.39589,30.38693],[114.39602,30.38713],[114.39604,30.3873],[114.39599,30.38747],[114.39589,30.38762],[114.39573,30.38773],[114.39555,30.38779],[114.39534,30.3878],[114.39514,30.38776],[114.39493,30.38767],[114.39483,30.38755],[114.39475,30.3873],[114.39478,30.38716],[114.39486,30.387],[114.39504,30.38684]]}},{"type":"Feature","properties":{"id":"RD0392","name":"未命名道路","category":"road","roadType":"primary","ref":""},"geometry":{"type":"LineString","coordinates":[[114.18061,30.52572],[114.18024,30.52591],[114.17987,30.52613],[114.17526,30.52897],[114.17251,30.53073],[114.17189,30.53126],[114.17119,30.53194],[114.17066,30.53262],[114.1701,30.53364],[114.16934,30.53568],[114.16909,30.53647],[114.16895,30.53691],[114.16862,30.5379],[114.1675,30.54131],[114.16601,30.54557],[114.16571,30.54645],[114.16532,30.54755],[114.16448,30.55004],[114.16435,30.55043],[114.16312,30.55396]]}},{"type":"Feature","properties":{"id":"RD0393","name":"未命名道路","category":"road","roadType":"primary","ref":""},"geometry":{"type":"LineString","coordinates":[[114.17736,30.52312],[114.17645,30.52201],[114.17561,30.52101],[114.17416,30.5193],[114.17404,30.51915],[114.17397,30.51906],[114.1724,30.51716],[114.17133,30.51586],[114.17005,30.51428],[114.16994,30.51416],[114.16927,30.51343],[114.1674,30.51123],[114.16591,30.50945],[114.16532,30.50871],[114.16526,30.50864],[114.16517,30.50853],[114.16454,30.5078],[114.16449,30.50774],[114.16448,30.50772],[114.16271,30.50547]]}},{"type":"Feature","properties":{"id":"RD0394","name":"未命名道路","category":"road","roadType":"primary","ref":""},"geometry":{"type":"LineString","coordinates":[[114.15956,30.57608],[114.15949,30.57697],[114.15943,30.57789],[114.15933,30.57903],[114.1593,30.58045],[114.15945,30.58186],[114.15964,30.5825],[114.15988,30.58314],[114.15991,30.58322],[114.16072,30.58506],[114.16085,30.58535],[114.1622,30.58865],[114.16314,30.59081],[114.16317,30.59087],[114.16331,30.59129],[114.16361,30.59228],[114.16389,30.59329],[114.164,30.59402],[114.16423,30.59557],[114.16418,30.59615]]}},{"type":"Feature","properties":{"id":"RD0395","name":"未命名道路","category":"road","roadType":"primary","ref":""},"geometry":{"type":"LineString","coordinates":[[114.06225,30.66913],[114.0623,30.66915],[114.06431,30.67],[114.06514,30.67048],[114.06645,30.67126],[114.07212,30.67535],[114.07227,30.67544],[114.07556,30.67784],[114.07725,30.67881],[114.07842,30.67929],[114.0801,30.67988],[114.08226,30.68036],[114.08481,30.68057],[114.08681,30.68051],[114.09492,30.68042],[114.10556,30.68017],[114.10603,30.68019],[114.1061,30.6802],[114.10644,30.68025],[114.10787,30.68025]]}},{"type":"Feature","properties":{"id":"RD0396","name":"仙女山路","category":"road","roadType":"trunk","ref":""},"geometry":{"type":"LineString","coordinates":[[114.1806,30.57117],[114.18104,30.57039],[114.18134,30.56996],[114.1823,30.56854],[114.18252,30.5682],[114.18267,30.56799],[114.18291,30.56769],[114.18438,30.56586],[114.18514,30.56486],[114.18551,30.56436],[114.18575,30.56398],[114.18595,30.56345],[114.18615,30.56283],[114.18618,30.56271],[114.18621,30.56247],[114.18624,30.56222],[114.18629,30.5617],[114.18631,30.5613],[114.18632,30.56102],[114.18631,30.56015]]}},{"type":"Feature","properties":{"id":"RD0397","name":"未命名道路","category":"road","roadType":"trunk","ref":""},"geometry":{"type":"LineString","coordinates":[[114.26032,30.55902],[114.26024,30.55862],[114.26022,30.55852],[114.2602,30.55836],[114.26019,30.55818],[114.26019,30.55804],[114.26021,30.55753],[114.26024,30.55709],[114.26026,30.55689],[114.26029,30.55677],[114.26034,30.55664],[114.26043,30.55646],[114.26052,30.55633],[114.26064,30.55619],[114.26077,30.55607],[114.26095,30.55596],[114.26113,30.55588],[114.26139,30.5558],[114.26178,30.55571],[114.26241,30.5556]]}},{"type":"Feature","properties":{"id":"RD0398","name":"工农路","category":"road","roadType":"trunk","ref":"G107;G316"},"geometry":{"type":"LineString","coordinates":[[114.15853,30.61674],[114.15783,30.61756],[114.15737,30.61816],[114.15696,30.61868],[114.15666,30.61911],[114.15641,30.61943],[114.15618,30.61966],[114.15591,30.61997],[114.15548,30.62031],[114.15508,30.62054],[114.15475,30.62067],[114.15439,30.62078],[114.15392,30.62087],[114.15321,30.62088],[114.15285,30.62086],[114.15204,30.62082],[114.15117,30.62078],[114.15076,30.62076],[114.14992,30.62072],[114.14919,30.62069]]}},{"type":"Feature","properties":{"id":"RD0399","name":"未命名道路","category":"road","roadType":"trunk","ref":""},"geometry":{"type":"LineString","coordinates":[[114.24823,30.51647],[114.2482,30.51662],[114.24821,30.5168],[114.24825,30.51691],[114.2483,30.517],[114.24836,30.51706],[114.2485,30.51716],[114.24867,30.51724],[114.24885,30.51727],[114.24901,30.51727],[114.24917,30.51724],[114.24932,30.51718],[114.24943,30.51709],[114.24954,30.51696],[114.24961,30.51685],[114.24965,30.5167],[114.24964,30.51658],[114.24963,30.51648],[114.24958,30.51636],[114.24951,30.51624]]}},{"type":"Feature","properties":{"id":"RD0400","name":"左岸大道","category":"road","roadType":"primary","ref":""},"geometry":{"type":"LineString","coordinates":[[114.19422,30.45749],[114.19357,30.45686],[114.19166,30.45509],[114.18606,30.44994],[114.18418,30.44818],[114.18355,30.44752],[114.18302,30.44683],[114.18242,30.44594],[114.18179,30.44497],[114.18102,30.4438],[114.18026,30.44261],[114.17949,30.44144],[114.17618,30.43634],[114.1737,30.43241],[114.17122,30.42795],[114.1678,30.42174],[114.16638,30.41916],[114.16465,30.41649],[114.16429,30.41596],[114.16202,30.41265]]}},{"type":"Feature","properties":{"id":"RD0401","name":"长丰大道","category":"road","roadType":"primary","ref":""},"geometry":{"type":"LineString","coordinates":[[114.17994,30.61351],[114.18036,30.61348],[114.1875,30.61263],[114.18972,30.61235],[114.1919,30.61207],[114.19411,30.61179],[114.19683,30.61153],[114.19697,30.61152],[114.19726,30.61148],[114.19946,30.6112],[114.20068,30.61105],[114.204,30.61063],[114.20725,30.61022],[114.20736,30.61021],[114.21098,30.60968],[114.21113,30.60967],[114.21334,30.60937],[114.21345,30.60936],[114.21598,30.60903]]}},{"type":"Feature","properties":{"id":"RD0402","name":"硚口路","category":"road","roadType":"primary","ref":""},"geometry":{"type":"LineString","coordinates":[[114.24608,30.57247],[114.24608,30.57366],[114.24607,30.57417],[114.24606,30.57429],[114.24604,30.57457],[114.24602,30.57489],[114.24605,30.57518],[114.24608,30.57545],[114.2462,30.57607],[114.24638,30.577],[114.24655,30.57785],[114.24665,30.57838],[114.24677,30.57899],[114.24679,30.5791],[114.24679,30.57926],[114.24677,30.57942],[114.24672,30.57956],[114.24666,30.57968],[114.24647,30.57992]]}},{"type":"Feature","properties":{"id":"RD0403","name":"硚口路","category":"road","roadType":"primary","ref":""},"geometry":{"type":"LineString","coordinates":[[114.24647,30.57992],[114.24655,30.57962],[114.24656,30.57953],[114.24657,30.57939],[114.24656,30.57922],[114.24653,30.57898],[114.24635,30.57806],[114.24613,30.57695],[114.24602,30.57643],[114.24586,30.57567],[114.24578,30.57522],[114.24577,30.57499],[114.24578,30.5747],[114.24579,30.57445],[114.24581,30.57422],[114.24582,30.57413],[114.24584,30.5736],[114.24581,30.57259],[114.2458,30.57245]]}},{"type":"Feature","properties":{"id":"RD0404","name":"汉口北大道","category":"road","roadType":"primary","ref":""},"geometry":{"type":"LineString","coordinates":[[114.36268,30.72178],[114.36819,30.72205],[114.37056,30.72217],[114.38045,30.72257],[114.38249,30.72265],[114.3826,30.72265],[114.38701,30.72283],[114.38713,30.72283],[114.3877,30.72286],[114.39047,30.72287],[114.39269,30.72289],[114.3934,30.72289],[114.39351,30.72289],[114.40269,30.72254],[114.40307,30.72253],[114.40312,30.72253],[114.4034,30.72251],[114.40368,30.7225],[114.41236,30.7221]]}},{"type":"Feature","properties":{"id":"RD0405","name":"临空港大道","category":"road","roadType":"primary","ref":""},"geometry":{"type":"LineString","coordinates":[[114.13975,30.72303],[114.13967,30.72289],[114.13868,30.72117],[114.13802,30.72044],[114.13722,30.71976],[114.13614,30.71913],[114.12705,30.71577],[114.12598,30.71503],[114.12557,30.71438],[114.12541,30.71352],[114.12556,30.71261],[114.12851,30.70955],[114.12942,30.70837],[114.12971,30.708],[114.1298,30.70789],[114.13036,30.70712],[114.13222,30.70441],[114.13359,30.70247],[114.13397,30.70192]]}},{"type":"Feature","properties":{"id":"RD0406","name":"天兴洲长江大桥","category":"road","roadType":"trunk","ref":""},"geometry":{"type":"LineString","coordinates":[[114.38101,30.68654],[114.38137,30.68606],[114.38232,30.68479],[114.38336,30.68351],[114.38412,30.68252],[114.38914,30.67569],[114.39081,30.67345],[114.39111,30.67306],[114.3916,30.67239],[114.39279,30.6707],[114.39307,30.6703],[114.39337,30.6699],[114.39373,30.66944],[114.39405,30.66897],[114.39417,30.66878],[114.39437,30.66845],[114.39454,30.66817],[114.40191,30.65417],[114.40333,30.65146]]}},{"type":"Feature","properties":{"id":"RD0407","name":"二环线","category":"road","roadType":"trunk","ref":""},"geometry":{"type":"LineString","coordinates":[[114.34847,30.54325],[114.34853,30.54266],[114.34857,30.54222],[114.34862,30.5419],[114.34867,30.54161],[114.34875,30.54135],[114.34889,30.5411],[114.3491,30.54076],[114.34962,30.53989],[114.35054,30.53845],[114.3508,30.53798],[114.35089,30.53769],[114.35092,30.53743],[114.35092,30.53722],[114.35084,30.53693],[114.35069,30.53653],[114.35042,30.53575],[114.35015,30.53509],[114.3497,30.53406]]}},{"type":"Feature","properties":{"id":"RD0408","name":"三环线","category":"road","roadType":"trunk","ref":""},"geometry":{"type":"LineString","coordinates":[[114.31014,30.67403],[114.31115,30.67482],[114.31238,30.67577],[114.31332,30.67646],[114.31405,30.67698],[114.31482,30.67761],[114.31593,30.67849],[114.31641,30.67885],[114.31747,30.67965],[114.31853,30.68045],[114.31969,30.68131],[114.32145,30.68264],[114.32313,30.68384],[114.32407,30.68442],[114.32564,30.68521],[114.3268,30.68576],[114.32808,30.68637],[114.32915,30.68686],[114.33067,30.68756]]}},{"type":"Feature","properties":{"id":"RD0409","name":"未命名道路","category":"road","roadType":"primary","ref":"S104"},"geometry":{"type":"LineString","coordinates":[[113.98631,30.54909],[113.98639,30.54915],[113.98703,30.54964],[113.98713,30.54972],[113.98811,30.55047],[113.98888,30.55113],[113.98962,30.55207],[113.99052,30.55309],[113.99178,30.55453],[113.99244,30.55515],[113.99416,30.55606],[113.99666,30.55709],[113.99823,30.55769],[113.99874,30.55791],[113.99936,30.55825],[114.00009,30.55879],[114.00184,30.56049],[114.00295,30.5616],[114.00426,30.5629]]}},{"type":"Feature","properties":{"id":"RD0410","name":"龙川大道","category":"road","roadType":"primary","ref":"G318"},"geometry":{"type":"LineString","coordinates":[[114.26761,30.77325],[114.26678,30.77132],[114.26578,30.76926],[114.26574,30.76917],[114.26424,30.76603],[114.26291,30.76328],[114.26213,30.76214],[114.2609,30.76071],[114.26044,30.76019],[114.25897,30.75853],[114.25887,30.75842],[114.25706,30.75637],[114.2562,30.7551],[114.25555,30.75391],[114.25501,30.75258],[114.25468,30.75129],[114.25447,30.74995],[114.2544,30.74856],[114.2545,30.74407]]}},{"type":"Feature","properties":{"id":"RD0411","name":"大学园路","category":"road","roadType":"primary","ref":"X001"},"geometry":{"type":"LineString","coordinates":[[114.39689,30.45869],[114.39768,30.45967],[114.39817,30.46031],[114.39871,30.46096],[114.39908,30.46145],[114.3996,30.46207],[114.40034,30.463],[114.40054,30.46323],[114.40067,30.4634],[114.4008,30.46356],[114.40128,30.46414],[114.40144,30.46433],[114.40195,30.46504],[114.40199,30.46509],[114.40227,30.46545],[114.40238,30.46561],[114.40253,30.46586],[114.40258,30.46593],[114.40274,30.46612]]}},{"type":"Feature","properties":{"id":"RD0412","name":"沿江大道","category":"road","roadType":"primary","ref":""},"geometry":{"type":"LineString","coordinates":[[114.2851,30.56865],[114.28533,30.56864],[114.28562,30.56863],[114.28595,30.56869],[114.28622,30.56883],[114.28703,30.56945],[114.28717,30.56957],[114.28729,30.56968],[114.28757,30.56996],[114.28794,30.57034],[114.28822,30.57068],[114.28858,30.57118],[114.28889,30.57167],[114.28907,30.57192],[114.28918,30.57209],[114.28933,30.57234],[114.2897,30.573],[114.29108,30.57558],[114.29117,30.57577]]}},{"type":"Feature","properties":{"id":"RD0413","name":"建设大道","category":"road","roadType":"primary","ref":""},"geometry":{"type":"LineString","coordinates":[[114.22342,30.58774],[114.22397,30.58787],[114.22438,30.58797],[114.22467,30.58805],[114.22491,30.58813],[114.22515,30.58822],[114.22545,30.58834],[114.22571,30.58845],[114.22592,30.58856],[114.22633,30.58874],[114.22648,30.58881],[114.22662,30.58888],[114.22698,30.58904],[114.22729,30.58918],[114.22741,30.58923],[114.22752,30.58927],[114.22768,30.5893],[114.22784,30.58931],[114.22809,30.58932]]}},{"type":"Feature","properties":{"id":"RD0414","name":"三环线","category":"road","roadType":"trunk","ref":""},"geometry":{"type":"LineString","coordinates":[[114.42156,30.61772],[114.42037,30.62149],[114.41913,30.62554],[114.4187,30.62688],[114.41795,30.62931],[114.41685,30.63287],[114.4164,30.63415],[114.41612,30.63484],[114.41542,30.63622],[114.41472,30.63734],[114.41405,30.63825],[114.41309,30.63949],[114.41108,30.64172],[114.40925,30.64403],[114.40742,30.64606],[114.40577,30.64807],[114.40536,30.64859],[114.40501,30.64905],[114.40471,30.64946]]}},{"type":"Feature","properties":{"id":"RD0415","name":"工农路","category":"road","roadType":"primary","ref":"G107;G316"},"geometry":{"type":"LineString","coordinates":[[114.17825,30.60668],[114.17777,30.60689],[114.17751,30.60707],[114.17675,30.60744],[114.17548,30.60808],[114.17201,30.60972],[114.17007,30.6107],[114.16941,30.61094],[114.16655,30.61169],[114.16373,30.61245],[114.16222,30.61283],[114.16194,30.61294],[114.16183,30.61299],[114.16143,30.61324],[114.16124,30.61341],[114.16096,30.61369],[114.15912,30.616],[114.1587,30.61654],[114.15853,30.61674]]}},{"type":"Feature","properties":{"id":"RD0416","name":"欢乐大道","category":"road","roadType":"trunk","ref":""},"geometry":{"type":"LineString","coordinates":[[114.4166,30.6016],[114.4153,30.6016],[114.41357,30.60157],[114.41163,30.60161],[114.41162,30.60161],[114.40961,30.60158],[114.40781,30.60155],[114.40729,30.60154],[114.40553,30.60148],[114.40296,30.60142],[114.40149,30.60132],[114.40096,30.60128],[114.39863,30.60099],[114.39625,30.60057],[114.39385,30.59995],[114.39102,30.59911],[114.38893,30.59829],[114.38692,30.59738],[114.38561,30.59675]]}},{"type":"Feature","properties":{"id":"RD0417","name":"未命名道路","category":"road","roadType":"primary","ref":""},"geometry":{"type":"LineString","coordinates":[[114.48737,30.49159],[114.48776,30.49153],[114.48795,30.49155],[114.48835,30.49158],[114.48874,30.49162],[114.48886,30.49163],[114.48917,30.49166],[114.48967,30.49168],[114.4908,30.49173],[114.49117,30.49173],[114.49151,30.49173],[114.4921,30.49172],[114.49232,30.49172],[114.49273,30.49171],[114.49385,30.49168],[114.49538,30.49164],[114.49728,30.49159],[114.49739,30.49156],[114.49747,30.4915]]}},{"type":"Feature","properties":{"id":"RD0418","name":"梁子湖大道","category":"road","roadType":"primary","ref":""},"geometry":{"type":"LineString","coordinates":[[114.39589,30.38693],[114.39616,30.38707],[114.39638,30.38712],[114.39664,30.38715],[114.39698,30.38711],[114.39726,30.38704],[114.39752,30.38698],[114.39784,30.38685],[114.39812,30.38666],[114.39843,30.38643],[114.39865,30.38619],[114.39886,30.38581],[114.40004,30.38248],[114.40107,30.37875],[114.40199,30.37641],[114.40325,30.37415],[114.40353,30.37371],[114.40366,30.3735],[114.40425,30.37239]]}},{"type":"Feature","properties":{"id":"RD0419","name":"未命名道路","category":"road","roadType":"primary","ref":""},"geometry":{"type":"LineString","coordinates":[[114.25019,30.6423],[114.24996,30.64263],[114.24972,30.64297],[114.24954,30.64324],[114.24931,30.64357],[114.24916,30.64363],[114.24898,30.64376],[114.2485,30.64464],[114.24822,30.64512],[114.24806,30.64533],[114.24708,30.64678],[114.24624,30.64804],[114.24522,30.64952],[114.24498,30.64986],[114.24398,30.65151],[114.24363,30.65199],[114.243,30.65289],[114.24225,30.65418],[114.24214,30.65442]]}},{"type":"Feature","properties":{"id":"RD0420","name":"塔子湖東路","category":"road","roadType":"primary","ref":""},"geometry":{"type":"LineString","coordinates":[[114.27606,30.64078],[114.27597,30.64125],[114.27569,30.64257],[114.27535,30.64445],[114.2751,30.64542],[114.27498,30.64601],[114.27487,30.64655],[114.27477,30.64706],[114.27448,30.64846],[114.27447,30.64851],[114.27436,30.64912],[114.27433,30.64948],[114.27434,30.64997],[114.27439,30.65041],[114.27452,30.65133],[114.27452,30.65134],[114.27465,30.65209],[114.27472,30.65251],[114.27482,30.65321]]}},{"type":"Feature","properties":{"id":"RD0421","name":"塔子湖東路","category":"road","roadType":"primary","ref":""},"geometry":{"type":"LineString","coordinates":[[114.27464,30.6532],[114.27456,30.65255],[114.27453,30.65241],[114.27451,30.65222],[114.27437,30.65134],[114.27433,30.65107],[114.2742,30.65034],[114.27418,30.64995],[114.27417,30.64944],[114.27423,30.64889],[114.27434,30.64839],[114.2744,30.6481],[114.27452,30.64751],[114.27473,30.64662],[114.27502,30.64529],[114.27521,30.6444],[114.27553,30.64265],[114.27589,30.64088],[114.27593,30.64074]]}},{"type":"Feature","properties":{"id":"RD0422","name":"汉江路","category":"road","roadType":"primary","ref":""},"geometry":{"type":"LineString","coordinates":[[114.03876,30.56257],[114.03896,30.56293],[114.03899,30.56299],[114.04089,30.56727],[114.041,30.56751],[114.04292,30.57185],[114.04321,30.5725],[114.04323,30.57259],[114.04338,30.57296],[114.04345,30.57315],[114.04407,30.5747],[114.04407,30.57478],[114.04406,30.57519],[114.04395,30.57557],[114.04329,30.57798],[114.0427,30.57996],[114.04287,30.58198],[114.04289,30.58218],[114.04291,30.58244]]}},{"type":"Feature","properties":{"id":"RD0423","name":"武汉长江大桥","category":"road","roadType":"trunk","ref":"G107;G316"},"geometry":{"type":"LineString","coordinates":[[114.27454,30.55668],[114.27775,30.55487],[114.28088,30.55314],[114.2881,30.54917],[114.28895,30.54873],[114.2892,30.5486],[114.28922,30.54859],[114.2894,30.54851],[114.28986,30.5483],[114.29011,30.54822],[114.2904,30.54814],[114.29079,30.54807],[114.29185,30.54791],[114.29321,30.54772],[114.29427,30.54756],[114.29444,30.54753],[114.29464,30.54748],[114.29482,30.54742],[114.29517,30.54725]]}},{"type":"Feature","properties":{"id":"RD0424","name":"新华路","category":"road","roadType":"primary","ref":""},"geometry":{"type":"LineString","coordinates":[[114.27138,30.58573],[114.27129,30.58605],[114.27039,30.58887],[114.27034,30.58902],[114.26997,30.59023],[114.26988,30.59051],[114.26971,30.59096],[114.26956,30.59136],[114.26947,30.59158],[114.26902,30.59272],[114.26855,30.5937],[114.26846,30.59383],[114.26848,30.59399],[114.26816,30.59479],[114.26782,30.59552],[114.26774,30.59571],[114.26753,30.5962],[114.26715,30.5971],[114.26659,30.5984]]}},{"type":"Feature","properties":{"id":"RD0425","name":"长丰大道","category":"road","roadType":"trunk","ref":""},"geometry":{"type":"LineString","coordinates":[[114.21422,30.60942],[114.20755,30.61031],[114.20727,30.61035],[114.20297,30.61089],[114.19698,30.61164],[114.19413,30.61192],[114.19192,30.6122],[114.18974,30.61247],[114.18751,30.61276],[114.18115,30.61354],[114.18037,30.61364],[114.1762,30.6141],[114.17285,30.61448],[114.17263,30.61451],[114.17246,30.61455],[114.17216,30.61462],[114.17192,30.61471],[114.17169,30.61481],[114.17095,30.61512]]}},{"type":"Feature","properties":{"id":"RD0426","name":"天兴洲长江大桥","category":"road","roadType":"trunk","ref":""},"geometry":{"type":"LineString","coordinates":[[114.40347,30.65151],[114.40288,30.65262],[114.39719,30.66338],[114.39474,30.66815],[114.39456,30.66849],[114.39446,30.66868],[114.39437,30.66882],[114.39425,30.66899],[114.39337,30.67011],[114.39295,30.6707],[114.39178,30.67238],[114.39101,30.67343],[114.38999,30.67478],[114.38904,30.67606],[114.38425,30.68259],[114.38347,30.6836],[114.38227,30.6851],[114.38169,30.68584],[114.38113,30.6866]]}},{"type":"Feature","properties":{"id":"RD0427","name":"和平大道","category":"road","roadType":"primary","ref":""},"geometry":{"type":"LineString","coordinates":[[114.39345,30.64006],[114.39396,30.64029],[114.39521,30.64092],[114.39777,30.64217],[114.39784,30.64221],[114.40311,30.64476],[114.4049,30.64566],[114.40515,30.64573],[114.4054,30.64577],[114.40562,30.64578],[114.40592,30.64577],[114.4073,30.64564],[114.40908,30.64542],[114.40941,30.64537],[114.41147,30.6451],[114.41299,30.64491],[114.41422,30.64477],[114.41604,30.64455],[114.41874,30.64423]]}},{"type":"Feature","properties":{"id":"RD0428","name":"沌口長江大橋","category":"road","roadType":"motorway","ref":"S40"},"geometry":{"type":"LineString","coordinates":[[114.21035,30.42186],[114.20855,30.42279],[114.20441,30.42495],[114.20197,30.42621],[114.20096,30.42673],[114.20004,30.42724],[114.19822,30.42818],[114.1937,30.43057],[114.19214,30.43138],[114.18705,30.43409],[114.18471,30.43534],[114.17523,30.44011],[114.17465,30.44039],[114.17406,30.44068],[114.17338,30.44098],[114.17258,30.44129],[114.17138,30.44174],[114.17041,30.44206],[114.16956,30.44231]]}},{"type":"Feature","properties":{"id":"RD0429","name":"武胜路","category":"road","roadType":"primary","ref":""},"geometry":{"type":"LineString","coordinates":[[114.26235,30.58044],[114.26286,30.57957],[114.263,30.57933],[114.26315,30.57905],[114.26317,30.57902],[114.26329,30.57876],[114.26335,30.57848],[114.26338,30.57832],[114.26341,30.57802],[114.2634,30.57769],[114.26336,30.57736],[114.26335,30.57727],[114.2632,30.57606],[114.26314,30.5755],[114.26302,30.57447],[114.263,30.57427],[114.26285,30.57268],[114.26281,30.57231],[114.26281,30.57193]]}},{"type":"Feature","properties":{"id":"RD0430","name":"汉江大道","category":"road","roadType":"trunk","ref":""},"geometry":{"type":"LineString","coordinates":[[114.24579,30.59498],[114.24734,30.60095],[114.2474,30.60118],[114.24827,30.6045],[114.24846,30.60525],[114.24867,30.6062],[114.24883,30.60696],[114.24885,30.60706],[114.2489,30.60736],[114.24896,30.60766],[114.249,30.60799],[114.24903,30.60838],[114.249,30.60862],[114.24896,30.60883],[114.24885,30.6091],[114.24869,30.6094],[114.24843,30.60972],[114.24833,30.60982],[114.24822,30.60991]]}},{"type":"Feature","properties":{"id":"RD0431","name":"三环线","category":"road","roadType":"trunk","ref":""},"geometry":{"type":"LineString","coordinates":[[114.16288,30.5543],[114.16172,30.55778],[114.16104,30.55986],[114.16056,30.56178],[114.16034,30.56363],[114.16016,30.56583],[114.15996,30.5683],[114.15995,30.56853],[114.15977,30.57129],[114.15956,30.57473],[114.15933,30.57791],[114.1592,30.58048],[114.15935,30.58191],[114.15954,30.58257],[114.15979,30.58321],[114.1607,30.5855],[114.16133,30.5869],[114.16212,30.58868],[114.16322,30.59138]]}},{"type":"Feature","properties":{"id":"RD0432","name":"中华大道","category":"road","roadType":"primary","ref":""},"geometry":{"type":"LineString","coordinates":[[114.48226,30.41141],[114.48184,30.4103],[114.4809,30.4086],[114.48055,30.40779],[114.48029,30.40707],[114.48015,30.40647],[114.48005,30.40564],[114.48003,30.4047],[114.48022,30.4032],[114.48031,30.4027],[114.4805,30.40175],[114.48059,30.40079],[114.48064,30.40012],[114.48064,30.4],[114.48064,30.39988],[114.48064,30.39894],[114.48046,30.39711],[114.47994,30.3942],[114.47993,30.3941]]}},{"type":"Feature","properties":{"id":"RD0433","name":"未命名道路","category":"road","roadType":"primary","ref":""},"geometry":{"type":"LineString","coordinates":[[114.32277,30.46192],[114.32253,30.46163],[114.32242,30.46153],[114.32221,30.46136],[114.32203,30.46124],[114.32172,30.46108],[114.32135,30.46091],[114.32104,30.46077],[114.32079,30.46063],[114.32059,30.46047],[114.32048,30.46033],[114.3203,30.46004],[114.32017,30.45979],[114.32004,30.45956],[114.31994,30.45938],[114.31981,30.45919],[114.31962,30.45898],[114.31939,30.45875],[114.31901,30.45847]]}},{"type":"Feature","properties":{"id":"RD0434","name":"汉江大桥","category":"road","roadType":"motorway","ref":"G4;G4201"},"geometry":{"type":"LineString","coordinates":[[114.0495,30.63674],[114.04944,30.63585],[114.04931,30.63474],[114.04916,30.63379],[114.04851,30.62932],[114.04784,30.62477],[114.04716,30.62008],[114.04655,30.61557],[114.04632,30.61097],[114.04649,30.60677],[114.04673,30.60212],[114.04693,30.59773],[114.04716,30.59316],[114.04738,30.58797],[114.04751,30.58529],[114.04757,30.584],[114.0477,30.58171],[114.04775,30.57941]]}},{"type":"Feature","properties":{"id":"RD0435","name":"武汉绕城高速","category":"road","roadType":"motorway","ref":"G50;G4201"},"geometry":{"type":"LineString","coordinates":[[114.37226,30.33905],[114.37379,30.34022],[114.37564,30.34182],[114.3774,30.34348],[114.37857,30.3447],[114.38011,30.34643],[114.3813,30.3479],[114.38285,30.34996],[114.38726,30.35612],[114.3883,30.35764],[114.38926,30.35893],[114.38984,30.35964],[114.39181,30.36183],[114.39343,30.36344],[114.39496,30.36478],[114.3962,30.36578],[114.39974,30.36835],[114.4071,30.37373]]}},{"type":"Feature","properties":{"id":"RD0436","name":"南湖大道","category":"road","roadType":"primary","ref":""},"geometry":{"type":"LineString","coordinates":[[114.30796,30.48489],[114.30806,30.48487],[114.30923,30.48465],[114.3099,30.48456],[114.3111,30.4845],[114.3118,30.48447],[114.31308,30.48442],[114.31691,30.48426],[114.32019,30.48405],[114.3205,30.48404],[114.32078,30.48403],[114.32243,30.48404],[114.32348,30.48398],[114.32364,30.48397],[114.32379,30.48396],[114.3255,30.48382],[114.32679,30.48367],[114.32773,30.4835]]}},{"type":"Feature","properties":{"id":"RD0437","name":"和平大道","category":"road","roadType":"primary","ref":""},"geometry":{"type":"LineString","coordinates":[[114.41875,30.64436],[114.41605,30.6447],[114.41382,30.64498],[114.41188,30.64518],[114.41165,30.64521],[114.41155,30.64522],[114.40921,30.64554],[114.40828,30.64564],[114.40812,30.64566],[114.40697,30.64581],[114.40572,30.6459],[114.40531,30.64587],[114.40482,30.64576],[114.40141,30.6441],[114.39938,30.6431],[114.39768,30.64227],[114.39389,30.64042],[114.39337,30.64016]]}},{"type":"Feature","properties":{"id":"RD0438","name":"阳逻长江大桥","category":"road","roadType":"motorway","ref":"G4201"},"geometry":{"type":"LineString","coordinates":[[114.53268,30.62582],[114.53275,30.62588],[114.5334,30.62634],[114.53404,30.62678],[114.5349,30.62739],[114.53558,30.62782],[114.53629,30.62825],[114.53698,30.62866],[114.53776,30.62908],[114.5388,30.62963],[114.53965,30.63003],[114.54065,30.63047],[114.54153,30.63085],[114.54265,30.63133],[114.54376,30.63178],[114.54527,30.63242],[114.54665,30.633],[114.54845,30.63378]]}},{"type":"Feature","properties":{"id":"RD0439","name":"光谷三路","category":"road","roadType":"primary","ref":""},"geometry":{"type":"LineString","coordinates":[[114.46933,30.50158],[114.46934,30.50137],[114.46974,30.50082],[114.47027,30.50009],[114.47101,30.49911],[114.47168,30.49814],[114.47245,30.49689],[114.47312,30.49567],[114.47364,30.49465],[114.47406,30.49366],[114.47427,30.49313],[114.47446,30.49262],[114.47472,30.49187],[114.47492,30.49113],[114.47505,30.49068],[114.47514,30.49037],[114.4752,30.49014],[114.47522,30.49002]]}},{"type":"Feature","properties":{"id":"RD0440","name":"高新二路","category":"road","roadType":"primary","ref":""},"geometry":{"type":"LineString","coordinates":[[114.45863,30.47787],[114.45872,30.47787],[114.4597,30.4779],[114.46106,30.478],[114.46256,30.47812],[114.46319,30.47817],[114.46356,30.4782],[114.46489,30.47831],[114.46575,30.47837],[114.46649,30.4784],[114.46707,30.4784],[114.46808,30.4784],[114.46814,30.4784],[114.46914,30.47834],[114.47019,30.47829],[114.47042,30.47827],[114.47105,30.47823],[114.47198,30.47816]]}},{"type":"Feature","properties":{"id":"RD0441","name":"友谊大道","category":"road","roadType":"primary","ref":""},"geometry":{"type":"LineString","coordinates":[[114.32008,30.57678],[114.32016,30.57685],[114.32022,30.5769],[114.32048,30.57712],[114.32145,30.57792],[114.32281,30.57906],[114.32368,30.5798],[114.32395,30.58003],[114.32584,30.58163],[114.32601,30.58177],[114.32617,30.58191],[114.32658,30.58221],[114.32775,30.58318],[114.3279,30.58326],[114.33004,30.58505],[114.33111,30.58596],[114.33198,30.58668],[114.33226,30.5869]]}},{"type":"Feature","properties":{"id":"RD0442","name":"建设大道","category":"road","roadType":"primary","ref":""},"geometry":{"type":"LineString","coordinates":[[114.22101,30.58396],[114.22119,30.58414],[114.22155,30.58452],[114.22167,30.58467],[114.22178,30.58483],[114.22185,30.58495],[114.22207,30.58542],[114.22232,30.58597],[114.2224,30.5862],[114.22248,30.58643],[114.22284,30.58722],[114.22289,30.58732],[114.22297,30.58744],[114.22303,30.58751],[114.22311,30.58758],[114.22319,30.58764],[114.22328,30.58768],[114.22342,30.58774]]}},{"type":"Feature","properties":{"id":"RD0443","name":"未命名道路","category":"road","roadType":"primary","ref":""},"geometry":{"type":"LineString","coordinates":[[114.26179,30.58245],[114.2618,30.58251],[114.2618,30.58258],[114.26179,30.58265],[114.26176,30.58273],[114.26171,30.58281],[114.26164,30.58287],[114.26158,30.58291],[114.2615,30.58294],[114.26142,30.58296],[114.2613,30.58297],[114.2612,30.58296],[114.2611,30.58292],[114.261,30.58287],[114.26093,30.5828],[114.2609,30.58275],[114.26087,30.58271],[114.26084,30.58272]]}},{"type":"Feature","properties":{"id":"RD0444","name":"全力三路","category":"road","roadType":"primary","ref":""},"geometry":{"type":"LineString","coordinates":[[114.08223,30.44994],[114.08214,30.45009],[114.08206,30.45021],[114.08196,30.45039],[114.08181,30.45068],[114.08156,30.45113],[114.08129,30.45162],[114.08101,30.45211],[114.08069,30.45266],[114.08051,30.45299],[114.08033,30.45329],[114.0802,30.45359],[114.08011,30.45381],[114.08006,30.45396],[114.07999,30.45417],[114.07994,30.45441],[114.07983,30.45496],[114.07958,30.4564]]}},{"type":"Feature","properties":{"id":"RD0445","name":"武汉绕城高速","category":"road","roadType":"motorway","ref":"G42;G4201"},"geometry":{"type":"LineString","coordinates":[[114.04822,30.68394],[114.05021,30.68437],[114.05241,30.68487],[114.05776,30.68603],[114.06161,30.68694],[114.06352,30.68746],[114.06702,30.68849],[114.07036,30.68969],[114.07311,30.6907],[114.07623,30.69199],[114.07952,30.69334],[114.08279,30.69478],[114.08771,30.69689],[114.09017,30.69789],[114.0922,30.69867],[114.09425,30.69941],[114.09483,30.69959],[114.09823,30.70067]]}},{"type":"Feature","properties":{"id":"RD0446","name":"雄楚大道","category":"road","roadType":"primary","ref":""},"geometry":{"type":"LineString","coordinates":[[114.31415,30.52298],[114.3139,30.52305],[114.31382,30.52307],[114.31351,30.52317],[114.31325,30.52325],[114.31291,30.52338],[114.31259,30.52351],[114.31242,30.52362],[114.31215,30.52379],[114.31206,30.52385],[114.31196,30.52393],[114.31176,30.52409],[114.31133,30.52446],[114.31088,30.52483],[114.31065,30.52501],[114.30962,30.52585],[114.30836,30.5269],[114.30825,30.527]]}},{"type":"Feature","properties":{"id":"RD0447","name":"珞喻路","category":"road","roadType":"primary","ref":""},"geometry":{"type":"LineString","coordinates":[[114.3508,30.5281],[114.35124,30.52798],[114.35169,30.52785],[114.35194,30.52777],[114.35268,30.52755],[114.35273,30.52754],[114.35284,30.52751],[114.35433,30.5271],[114.3545,30.52704],[114.35461,30.527],[114.35497,30.52688],[114.35576,30.52658],[114.3566,30.5262],[114.3571,30.52591],[114.35742,30.5257],[114.35782,30.52548],[114.35819,30.52523],[114.35875,30.52481]]}},{"type":"Feature","properties":{"id":"RD0448","name":"东湖路","category":"road","roadType":"primary","ref":""},"geometry":{"type":"LineString","coordinates":[[114.36647,30.57594],[114.36628,30.57564],[114.36593,30.57508],[114.36561,30.57458],[114.36537,30.57425],[114.36512,30.57391],[114.36454,30.5732],[114.36417,30.57271],[114.36366,30.57208],[114.3632,30.57153],[114.36295,30.57125],[114.36217,30.57035],[114.36155,30.56958],[114.36075,30.5686],[114.35992,30.56757],[114.35912,30.56663],[114.35878,30.5663],[114.3584,30.56579]]}},{"type":"Feature","properties":{"id":"RD0449","name":"团结大道","category":"road","roadType":"primary","ref":""},"geometry":{"type":"LineString","coordinates":[[114.37123,30.60162],[114.3718,30.60197],[114.37567,30.60384],[114.37802,30.60491],[114.37841,30.60503],[114.37989,30.60574],[114.37997,30.60578],[114.38172,30.60657],[114.38256,30.60698],[114.38344,30.60731],[114.38359,30.60734],[114.38376,30.60739],[114.38449,30.60755],[114.38481,30.60762],[114.38507,30.60768],[114.39056,30.60855],[114.39069,30.60857],[114.39204,30.60875]]}},{"type":"Feature","properties":{"id":"RD0450","name":"高新六路","category":"road","roadType":"primary","ref":""},"geometry":{"type":"LineString","coordinates":[[114.46041,30.4426],[114.46092,30.44262],[114.46157,30.44262],[114.46196,30.44262],[114.46281,30.44262],[114.46529,30.44262],[114.4667,30.44262],[114.46763,30.44263],[114.46868,30.44261],[114.46872,30.44261],[114.46989,30.44261],[114.47072,30.44259],[114.47307,30.44259],[114.47337,30.44259],[114.47492,30.44258],[114.47514,30.44258],[114.47562,30.44257],[114.47582,30.44257]]}},{"type":"Feature","properties":{"id":"RD0451","name":"花城大道","category":"road","roadType":"primary","ref":""},"geometry":{"type":"LineString","coordinates":[[114.48189,30.56001],[114.4789,30.56028],[114.47692,30.56038],[114.47649,30.56042],[114.47605,30.56049],[114.47562,30.5606],[114.47523,30.56072],[114.47452,30.56097],[114.47391,30.56129],[114.47302,30.56195],[114.47215,30.56254],[114.47124,30.56299],[114.47031,30.56329],[114.46957,30.56344],[114.46849,30.56345],[114.46605,30.56345],[114.45868,30.56348],[114.45355,30.56349]]}},{"type":"Feature","properties":{"id":"RD0452","name":"中法友誼大橋","category":"road","roadType":"primary","ref":""},"geometry":{"type":"LineString","coordinates":[[114.08651,30.58633],[114.08644,30.58714],[114.08638,30.58809],[114.08633,30.5889],[114.08627,30.58987],[114.08622,30.59067],[114.08617,30.5914],[114.08615,30.5919],[114.0861,30.59255],[114.08602,30.5938],[114.08595,30.59491],[114.08587,30.59624],[114.08581,30.59723],[114.08575,30.59822],[114.08567,30.5996],[114.08561,30.60057],[114.08556,30.60143],[114.08554,30.60242]]}},{"type":"Feature","properties":{"id":"RD0453","name":"白沙洲大道","category":"road","roadType":"trunk","ref":"G107"},"geometry":{"type":"LineString","coordinates":[[114.25558,30.44001],[114.25561,30.43963],[114.25564,30.43935],[114.2557,30.43893],[114.2557,30.43871],[114.25566,30.43832],[114.25557,30.4379],[114.25542,30.43744],[114.25521,30.43694],[114.25507,30.43651],[114.25502,30.43619],[114.25498,30.43575],[114.255,30.43537],[114.25518,30.43469],[114.25557,30.43396],[114.25565,30.43372],[114.25566,30.43356],[114.25566,30.4334]]}},{"type":"Feature","properties":{"id":"RD0454","name":"未命名道路","category":"road","roadType":"primary","ref":""},"geometry":{"type":"LineString","coordinates":[[114.09336,30.38004],[114.09511,30.37921],[114.09592,30.3787],[114.09665,30.37821],[114.09771,30.3775],[114.09875,30.3768],[114.09928,30.37642],[114.09977,30.3761],[114.09998,30.37596],[114.10062,30.37556],[114.10126,30.37518],[114.10192,30.37484],[114.10256,30.37464],[114.10333,30.3745],[114.10403,30.37436],[114.10437,30.3743],[114.10489,30.37418],[114.10506,30.37414]]}},{"type":"Feature","properties":{"id":"RD0455","name":"长丰大道","category":"road","roadType":"trunk","ref":""},"geometry":{"type":"LineString","coordinates":[[114.17119,30.61489],[114.17154,30.61475],[114.17221,30.61454],[114.17244,30.61448],[114.17264,30.61444],[114.17624,30.61402],[114.17897,30.6137],[114.18029,30.61356],[114.1875,30.6127],[114.18973,30.61242],[114.18977,30.61242],[114.19191,30.61214],[114.19412,30.61186],[114.19697,30.61159],[114.20298,30.61083],[114.20726,30.6103],[114.20737,30.61027],[114.2142,30.60932]]}},{"type":"Feature","properties":{"id":"RD0456","name":"国博大道","category":"road","roadType":"trunk","ref":""},"geometry":{"type":"LineString","coordinates":[[114.25187,30.53662],[114.25252,30.53768],[114.2527,30.53799],[114.25311,30.53869],[114.25327,30.53896],[114.25388,30.53999],[114.25398,30.54016],[114.25419,30.5405],[114.25453,30.541],[114.25495,30.54153],[114.2552,30.54179],[114.25533,30.54193],[114.25545,30.54205],[114.25574,30.54229],[114.25618,30.54265],[114.25656,30.54294],[114.25694,30.54327],[114.25739,30.54352]]}},{"type":"Feature","properties":{"id":"RD0457","name":"雄楚大道高架","category":"road","roadType":"trunk","ref":""},"geometry":{"type":"LineString","coordinates":[[114.42302,30.49501],[114.4243,30.49454],[114.42562,30.49404],[114.42705,30.49354],[114.42757,30.49338],[114.4286,30.49306],[114.42869,30.49303],[114.42937,30.49284],[114.42952,30.4928],[114.43001,30.49268],[114.43065,30.49254],[114.43226,30.49226],[114.43342,30.49207],[114.43378,30.49202],[114.43381,30.49202],[114.43529,30.49175],[114.43557,30.49172],[114.43829,30.49132]]}},{"type":"Feature","properties":{"id":"RD0458","name":"临空港大道","category":"road","roadType":"primary","ref":""},"geometry":{"type":"LineString","coordinates":[[114.1342,30.70196],[114.13242,30.70452],[114.13055,30.70722],[114.12997,30.708],[114.12989,30.7081],[114.12869,30.70965],[114.1257,30.71273],[114.12565,30.71355],[114.12569,30.71431],[114.12616,30.71492],[114.12716,30.71561],[114.13625,30.71897],[114.13736,30.71962],[114.13822,30.72038],[114.13894,30.72126],[114.13959,30.72233],[114.13988,30.72288],[114.13994,30.72301]]}},{"type":"Feature","properties":{"id":"RD0459","name":"友谊大道","category":"road","roadType":"primary","ref":""},"geometry":{"type":"LineString","coordinates":[[114.4139,30.62169],[114.41195,30.62168],[114.41008,30.62167],[114.40857,30.62167],[114.40815,30.62167],[114.4081,30.62167],[114.40803,30.62166],[114.40791,30.62166],[114.40742,30.62166],[114.40608,30.62166],[114.40467,30.62167],[114.40279,30.6217],[114.40265,30.6217],[114.39959,30.62163],[114.39953,30.62163],[114.39948,30.62163],[114.39807,30.62163],[114.3967,30.62163]]}},{"type":"Feature","properties":{"id":"RD0460","name":"长丰大道","category":"road","roadType":"trunk","ref":""},"geometry":{"type":"LineString","coordinates":[[114.16558,30.62934],[114.16581,30.62906],[114.16605,30.62877],[114.16625,30.62851],[114.16652,30.62814],[114.16671,30.6278],[114.16686,30.62748],[114.16704,30.62706],[114.16714,30.62672],[114.16731,30.62604],[114.16736,30.62579],[114.1674,30.62557],[114.16745,30.62523],[114.16745,30.62477],[114.16749,30.62306],[114.16761,30.62039],[114.16762,30.61986],[114.16764,30.61942]]}},{"type":"Feature","properties":{"id":"RD0461","name":"汉江大道","category":"road","roadType":"trunk","ref":""},"geometry":{"type":"LineString","coordinates":[[114.24561,30.57031],[114.24584,30.57088],[114.2459,30.57108],[114.24594,30.57118],[114.24596,30.57131],[114.24599,30.57148],[114.24603,30.57167],[114.24605,30.57183],[114.24607,30.57201],[114.24608,30.57213],[114.24608,30.57229],[114.24609,30.57248],[114.2461,30.57326],[114.2461,30.57341],[114.2461,30.57502],[114.24612,30.57521],[114.24616,30.57547],[114.24644,30.57707]]}},{"type":"Feature","properties":{"id":"RD0462","name":"未命名道路","category":"road","roadType":"primary","ref":""},"geometry":{"type":"LineString","coordinates":[[114.16292,30.55363],[114.16411,30.55035],[114.16508,30.54746],[114.16725,30.54123],[114.16838,30.53782],[114.1691,30.5356],[114.16986,30.53354],[114.17044,30.53248],[114.171,30.53177],[114.17171,30.53108],[114.17235,30.53052],[114.17512,30.52875],[114.17869,30.52655],[114.17968,30.52594],[114.1797,30.52593],[114.17974,30.52591],[114.18007,30.52571],[114.18037,30.52546]]}},{"type":"Feature","properties":{"id":"RD0463","name":"琴台大道","category":"road","roadType":"primary","ref":"G107;G316"},"geometry":{"type":"LineString","coordinates":[[114.23684,30.56349],[114.23548,30.56476],[114.23371,30.56606],[114.23292,30.56644],[114.22958,30.56767],[114.22859,30.56781],[114.22545,30.56776],[114.22457,30.56794],[114.22451,30.56795],[114.22388,30.56823],[114.22327,30.56853],[114.22159,30.56944],[114.22137,30.56955],[114.22128,30.56959],[114.21795,30.57106],[114.21788,30.5711],[114.21545,30.57133],[114.21401,30.57147]]}},{"type":"Feature","properties":{"id":"RD0464","name":"未命名道路","category":"road","roadType":"primary","ref":"S101"},"geometry":{"type":"LineString","coordinates":[[114.34475,30.34086],[114.34517,30.34077],[114.3484,30.34045],[114.34994,30.33991],[114.35363,30.33854],[114.35499,30.3384],[114.35652,30.33831],[114.35682,30.33829],[114.35684,30.33829],[114.35692,30.33828],[114.35693,30.33828],[114.35724,30.33826],[114.35905,30.33819],[114.36331,30.33794],[114.36877,30.33835],[114.36903,30.33839],[114.36978,30.33847],[114.37002,30.33856]]}},{"type":"Feature","properties":{"id":"RD0465","name":"四环线","category":"road","roadType":"motorway","ref":"S40"},"geometry":{"type":"LineString","coordinates":[[114.22058,30.73968],[114.22234,30.73996],[114.22358,30.74019],[114.22495,30.7405],[114.22586,30.74075],[114.22721,30.74116],[114.22793,30.7414],[114.22872,30.74173],[114.22931,30.74199],[114.23902,30.74773],[114.241,30.74861],[114.24327,30.74955],[114.24502,30.75011],[114.24663,30.75058],[114.24902,30.75113],[114.2541,30.75209],[114.25619,30.7525],[114.25709,30.75267]]}},{"type":"Feature","properties":{"id":"RD0466","name":"柴泊大道","category":"road","roadType":"trunk","ref":""},"geometry":{"type":"LineString","coordinates":[[114.57371,30.69205],[114.57341,30.69202],[114.57317,30.69201],[114.57307,30.692],[114.57298,30.692],[114.57292,30.69199],[114.57267,30.69197],[114.57256,30.69195],[114.57242,30.69194],[114.57215,30.69189],[114.57188,30.69185],[114.57067,30.69158],[114.5706,30.69157],[114.56974,30.69137],[114.56791,30.69095],[114.56713,30.69077],[114.56556,30.69042],[114.56425,30.69013]]}},{"type":"Feature","properties":{"id":"RD0467","name":"未命名道路","category":"road","roadType":"primary","ref":""},"geometry":{"type":"LineString","coordinates":[[114.31957,30.45879],[114.32,30.4592],[114.32027,30.4594],[114.32055,30.45956],[114.32094,30.45975],[114.32145,30.46],[114.32161,30.46009],[114.32179,30.46022],[114.32191,30.46034],[114.32198,30.46045],[114.32206,30.46061],[114.32241,30.46127],[114.32251,30.46143],[114.32264,30.4616],[114.32287,30.46186],[114.32328,30.46225],[114.32349,30.46242],[114.32363,30.4625]]}},{"type":"Feature","properties":{"id":"RD0468","name":"上汽通用大道","category":"road","roadType":"primary","ref":""},"geometry":{"type":"LineString","coordinates":[[114.17134,30.33862],[114.17108,30.33927],[114.17102,30.33944],[114.17097,30.33961],[114.1708,30.34013],[114.17056,30.34094],[114.17034,30.34166],[114.16996,30.34312],[114.16989,30.34339],[114.16984,30.34367],[114.1698,30.34397],[114.16979,30.34432],[114.16978,30.3447],[114.16983,30.34518],[114.16991,30.34558],[114.16998,30.34585],[114.17001,30.34595],[114.17021,30.34656]]}},{"type":"Feature","properties":{"id":"RD0469","name":"高新二路","category":"road","roadType":"primary","ref":""},"geometry":{"type":"LineString","coordinates":[[114.4193,30.48007],[114.41946,30.48005],[114.42078,30.47991],[114.42105,30.47989],[114.42141,30.47989],[114.42181,30.47991],[114.42212,30.47991],[114.42237,30.47989],[114.42256,30.47987],[114.42282,30.4798],[114.42305,30.47973],[114.42337,30.47963],[114.42353,30.4796],[114.42362,30.47958],[114.42371,30.47956],[114.42379,30.47955],[114.42425,30.47948],[114.42435,30.47946]]}},{"type":"Feature","properties":{"id":"RD0470","name":"左岸大道","category":"road","roadType":"primary","ref":""},"geometry":{"type":"LineString","coordinates":[[114.1354,30.37826],[114.1404,30.38348],[114.1441,30.38736],[114.1454,30.3889],[114.14623,30.38995],[114.14778,30.392],[114.14874,30.39328],[114.15029,30.39513],[114.15067,30.39551],[114.15149,30.39646],[114.15185,30.3969],[114.15262,30.39798],[114.15458,30.40076],[114.15707,30.40425],[114.15847,30.40623],[114.15925,30.40737],[114.16111,30.41054],[114.16224,30.41254]]}},{"type":"Feature","properties":{"id":"RD0471","name":"工农路","category":"road","roadType":"trunk","ref":"G107;G316"},"geometry":{"type":"LineString","coordinates":[[114.15069,30.6206],[114.15116,30.62061],[114.15243,30.62069],[114.15304,30.62072],[114.15343,30.62075],[114.154,30.62071],[114.15444,30.62061],[114.15488,30.62046],[114.15526,30.62026],[114.15564,30.61996],[114.156,30.61963],[114.15616,30.61943],[114.15636,30.61916],[114.15697,30.61841],[114.15724,30.61807],[114.15772,30.61745],[114.1583,30.61677]]}},{"type":"Feature","properties":{"id":"RD0472","name":"解放大道","category":"road","roadType":"trunk","ref":"G107"},"geometry":{"type":"LineString","coordinates":[[114.11712,30.61902],[114.11912,30.61905],[114.11941,30.61905],[114.121,30.61911],[114.12345,30.61923],[114.12529,30.61932],[114.12766,30.61942],[114.13077,30.61956],[114.13184,30.61961],[114.1324,30.61964],[114.13469,30.61974],[114.1362,30.61981],[114.13918,30.61995],[114.14046,30.62002],[114.14494,30.62026],[114.1471,30.62036],[114.14925,30.62053]]}},{"type":"Feature","properties":{"id":"RD0473","name":"武汉绕城高速公路","category":"road","roadType":"motorway","ref":"G4201"},"geometry":{"type":"LineString","coordinates":[[114.51814,30.55588],[114.51757,30.55745],[114.51722,30.55871],[114.51698,30.55958],[114.51655,30.56165],[114.51641,30.56404],[114.51644,30.56577],[114.51654,30.56729],[114.51691,30.5696],[114.5173,30.5712],[114.51906,30.57737],[114.51951,30.57913],[114.5198,30.58069],[114.52007,30.58192],[114.5202,30.58272],[114.52031,30.5841],[114.52049,30.58584]]}},{"type":"Feature","properties":{"id":"RD0474","name":"珞喻东路","category":"road","roadType":"trunk","ref":"G316"},"geometry":{"type":"LineString","coordinates":[[114.41818,30.50867],[114.4184,30.50865],[114.41847,30.50865],[114.41887,30.50861],[114.41969,30.50853],[114.41995,30.50851],[114.42162,30.50835],[114.42205,30.50837],[114.42234,30.50835],[114.42288,30.50831],[114.42342,30.50828],[114.42438,30.50821],[114.42575,30.50809],[114.42579,30.50809],[114.42591,30.50808],[114.42603,30.50806],[114.42615,30.50805]]}},{"type":"Feature","properties":{"id":"RD0475","name":"高新二路","category":"road","roadType":"primary","ref":""},"geometry":{"type":"LineString","coordinates":[[114.48914,30.47782],[114.48866,30.47779],[114.48739,30.47768],[114.4863,30.47767],[114.48546,30.47765],[114.48491,30.47768],[114.48381,30.47773],[114.48263,30.4778],[114.48133,30.47785],[114.48071,30.47789],[114.47995,30.47793],[114.47853,30.47801],[114.47723,30.4781],[114.47649,30.47815],[114.47635,30.47816],[114.47599,30.4782],[114.47582,30.47821]]}},{"type":"Feature","properties":{"id":"RD0476","name":"光谷二路","category":"road","roadType":"trunk","ref":""},"geometry":{"type":"LineString","coordinates":[[114.45237,30.42383],[114.45242,30.42411],[114.45253,30.42476],[114.45259,30.42502],[114.45283,30.42645],[114.45304,30.42748],[114.45316,30.42812],[114.45353,30.43018],[114.45363,30.43113],[114.45367,30.43194],[114.45367,30.43203],[114.45393,30.43755],[114.4541,30.44083],[114.45412,30.44158],[114.45414,30.442],[114.45415,30.44227],[114.45417,30.44242]]}},{"type":"Feature","properties":{"id":"RD0477","name":"欢乐大道","category":"road","roadType":"primary","ref":""},"geometry":{"type":"LineString","coordinates":[[114.36001,30.5833],[114.36009,30.58336],[114.36018,30.58347],[114.36025,30.58356],[114.36095,30.58434],[114.36203,30.58529],[114.36294,30.58588],[114.36351,30.58616],[114.36362,30.58621],[114.36371,30.58627],[114.36383,30.58633],[114.3654,30.5871],[114.36594,30.58738],[114.3661,30.58746],[114.3671,30.58793],[114.3673,30.58802],[114.36848,30.58857]]}},{"type":"Feature","properties":{"id":"RD0478","name":"三环线","category":"road","roadType":"trunk","ref":""},"geometry":{"type":"LineString","coordinates":[[114.45303,30.49975],[114.45293,30.50085],[114.45282,30.50168],[114.45263,30.50246],[114.45247,30.50298],[114.45223,30.50363],[114.45194,30.50428],[114.4516,30.50494],[114.45137,30.50532],[114.45108,30.50586],[114.45033,30.50705],[114.44962,30.50843],[114.44936,30.50918],[114.44921,30.50982],[114.44905,30.51134],[114.44907,30.51193],[114.44911,30.51232]]}},{"type":"Feature","properties":{"id":"RD0479","name":"友谊南路","category":"road","roadType":"primary","ref":""},"geometry":{"type":"LineString","coordinates":[[114.27605,30.57641],[114.27613,30.57629],[114.27626,30.5761],[114.27663,30.57562],[114.27675,30.57546],[114.27683,30.57534],[114.27699,30.57504],[114.2771,30.57477],[114.27722,30.57439],[114.27729,30.57413],[114.27731,30.57393],[114.27733,30.57366],[114.27733,30.57336],[114.2773,30.57308],[114.27715,30.57241],[114.27695,30.57157],[114.27691,30.5714]]}},{"type":"Feature","properties":{"id":"RD0480","name":"珞喻东路","category":"road","roadType":"trunk","ref":"G316"},"geometry":{"type":"LineString","coordinates":[[114.41844,30.50894],[114.41822,30.50896],[114.41814,30.50897],[114.418,30.50898],[114.4178,30.509],[114.41508,30.50925],[114.41476,30.50921],[114.41431,30.50926],[114.41376,30.50931],[114.41363,30.50932],[114.4126,30.50941],[114.41138,30.50953],[114.41001,30.50965],[114.40807,30.50983],[114.408,30.50984],[114.40788,30.50985],[114.40772,30.50986]]}},{"type":"Feature","properties":{"id":"RD0481","name":"欢乐大道","category":"road","roadType":"primary","ref":""},"geometry":{"type":"LineString","coordinates":[[114.41306,30.60159],[114.41279,30.60159],[114.41269,30.60159],[114.41241,30.60159],[114.41196,30.60158],[114.40975,30.60156],[114.40834,30.60154],[114.40736,30.60152],[114.40566,30.60151],[114.40352,30.60147],[114.40238,30.60141],[114.40232,30.60141],[114.40151,30.60135],[114.40086,30.6013],[114.39876,30.60104],[114.39721,30.60076],[114.39651,30.60064]]}},{"type":"Feature","properties":{"id":"RD0482","name":"汉阳大道","category":"road","roadType":"primary","ref":""},"geometry":{"type":"LineString","coordinates":[[114.26113,30.55212],[114.26364,30.55222],[114.26408,30.55224],[114.26481,30.55226],[114.26493,30.55226],[114.26509,30.55227],[114.26737,30.55234],[114.26917,30.55239],[114.26933,30.5524],[114.26949,30.5524],[114.2706,30.55229],[114.27186,30.55212],[114.27205,30.55208],[114.27219,30.55204],[114.27289,30.55178],[114.27456,30.55109],[114.27482,30.55101]]}},{"type":"Feature","properties":{"id":"RD0483","name":"高新大道","category":"road","roadType":"primary","ref":""},"geometry":{"type":"LineString","coordinates":[[114.54127,30.49187],[114.54046,30.49165],[114.53969,30.49156],[114.5375,30.49136],[114.53663,30.4913],[114.53466,30.49121],[114.53427,30.49121],[114.53395,30.4912],[114.53253,30.49118],[114.53197,30.49118],[114.53187,30.49118],[114.53124,30.4912],[114.53004,30.49123],[114.52916,30.49126],[114.52908,30.49129],[114.52903,30.49133],[114.52895,30.49142]]}},{"type":"Feature","properties":{"id":"RD0484","name":"武胜路","category":"road","roadType":"primary","ref":""},"geometry":{"type":"LineString","coordinates":[[114.26304,30.57182],[114.26305,30.57194],[114.2631,30.57237],[114.26312,30.57262],[114.26318,30.57319],[114.26323,30.57358],[114.2633,30.57423],[114.26342,30.5754],[114.26344,30.57558],[114.26356,30.57665],[114.26365,30.57737],[114.26376,30.57776],[114.26376,30.57797],[114.26372,30.57815],[114.26357,30.57851],[114.26343,30.57883],[114.26331,30.57909]]}},{"type":"Feature","properties":{"id":"RD0485","name":"花城大道","category":"road","roadType":"primary","ref":""},"geometry":{"type":"LineString","coordinates":[[114.45355,30.56341],[114.45871,30.5634],[114.46609,30.56339],[114.46851,30.56339],[114.46933,30.5633],[114.47009,30.56312],[114.47097,30.56284],[114.47168,30.56259],[114.47259,30.56203],[114.47376,30.5612],[114.47434,30.56087],[114.47513,30.56056],[114.47568,30.5604],[114.47611,30.56031],[114.47666,30.56024],[114.47724,30.56021],[114.48188,30.55996]]}},{"type":"Feature","properties":{"id":"RD0486","name":"未命名道路","category":"road","roadType":"primary","ref":"S104"},"geometry":{"type":"LineString","coordinates":[[114.03855,30.57559],[114.03865,30.57553],[114.03891,30.57534],[114.03968,30.57482],[114.0401,30.57457],[114.04111,30.5739],[114.04174,30.57344],[114.04246,30.57299],[114.04312,30.57256],[114.04321,30.5725],[114.04365,30.5722],[114.04394,30.57199],[114.04462,30.57142],[114.04476,30.57131],[114.04641,30.57012],[114.04725,30.56946],[114.04837,30.56862]]}},{"type":"Feature","properties":{"id":"RD0487","name":"汉施大道","category":"road","roadType":"primary","ref":"G347"},"geometry":{"type":"LineString","coordinates":[[114.39494,30.69435],[114.39516,30.6945],[114.39545,30.69469],[114.4002,30.6977],[114.40036,30.69777],[114.40402,30.69948],[114.40541,30.70013],[114.41025,30.70239],[114.41361,30.70396],[114.41996,30.7069],[114.4205,30.70712],[114.42093,30.7073],[114.42183,30.7076],[114.42269,30.70784],[114.42332,30.70799],[114.42768,30.70853],[114.43334,30.70923]]}},{"type":"Feature","properties":{"id":"RD0488","name":"民族大道","category":"road","roadType":"primary","ref":""},"geometry":{"type":"LineString","coordinates":[[114.39039,30.48952],[114.39044,30.49088],[114.39053,30.49168],[114.39069,30.49252],[114.39103,30.49383],[114.39144,30.49533],[114.39159,30.49586],[114.39181,30.49663],[114.39202,30.49741],[114.39204,30.49749],[114.39215,30.49795],[114.39241,30.49894],[114.39258,30.4996],[114.39264,30.4998],[114.39268,30.50009],[114.39268,30.50018],[114.39267,30.50026]]}},{"type":"Feature","properties":{"id":"RD0489","name":"上汽通用大道","category":"road","roadType":"primary","ref":""},"geometry":{"type":"LineString","coordinates":[[114.18149,30.3727],[114.18327,30.37438],[114.18434,30.37536],[114.18529,30.37618],[114.1854,30.37628],[114.19031,30.38111],[114.19111,30.38227],[114.19117,30.38235],[114.19509,30.38801],[114.196,30.38963],[114.19607,30.38976],[114.19626,30.39009],[114.19748,30.39225],[114.19852,30.39434],[114.19915,30.39601],[114.1993,30.39665],[114.19932,30.39673]]}},{"type":"Feature","properties":{"id":"RD0490","name":"纸坊大街","category":"road","roadType":"primary","ref":""},"geometry":{"type":"LineString","coordinates":[[114.32346,30.34589],[114.32311,30.34595],[114.32295,30.34598],[114.32212,30.34599],[114.31927,30.34578],[114.31913,30.34577],[114.31753,30.34563],[114.31748,30.34563],[114.31742,30.34562],[114.31209,30.34514],[114.3107,30.34529],[114.30767,30.34558],[114.30754,30.34559],[114.30697,30.34563],[114.30534,30.34577],[114.3034,30.34564],[114.29786,30.3439]]}},{"type":"Feature","properties":{"id":"RD0491","name":"文化大道","category":"road","roadType":"primary","ref":""},"geometry":{"type":"LineString","coordinates":[[114.31016,30.44744],[114.31043,30.447],[114.31137,30.44584],[114.31217,30.44495],[114.31317,30.44377],[114.31346,30.44335],[114.31372,30.44294],[114.31393,30.44263],[114.31405,30.44241],[114.31495,30.44069],[114.31515,30.44015],[114.31521,30.43992],[114.31542,30.43921],[114.31557,30.43859],[114.31563,30.43818],[114.31569,30.43787],[114.31576,30.43762]]}},{"type":"Feature","properties":{"id":"RD0492","name":"金龙大街","category":"road","roadType":"primary","ref":""},"geometry":{"type":"LineString","coordinates":[[114.39152,30.3863],[114.39098,30.38606],[114.39072,30.3859],[114.39032,30.3856],[114.39003,30.3853],[114.38892,30.38343],[114.38841,30.38271],[114.38793,30.3821],[114.38725,30.38148],[114.387,30.38125],[114.3866,30.38097],[114.38538,30.38039],[114.38489,30.38023],[114.38444,30.38012],[114.38403,30.38004],[114.3833,30.37996],[114.38286,30.37992]]}},{"type":"Feature","properties":{"id":"RD0493","name":"武漢長江公鐵隧道","category":"road","roadType":"primary","ref":""},"geometry":{"type":"LineString","coordinates":[[114.32565,30.59148],[114.32572,30.59143],[114.32577,30.59139],[114.32583,30.59133],[114.32587,30.59129],[114.3259,30.59125],[114.32593,30.59119],[114.32594,30.59113],[114.32594,30.59107],[114.32594,30.59102],[114.32593,30.59094],[114.32592,30.59088],[114.32591,30.59082],[114.32587,30.59076],[114.32584,30.59071],[114.32365,30.58813],[114.32353,30.58798]]}},{"type":"Feature","properties":{"id":"RD0494","name":"武汉长江公铁隧道","category":"road","roadType":"primary","ref":""},"geometry":{"type":"LineString","coordinates":[[114.32571,30.59152],[114.32037,30.59502],[114.31995,30.59519],[114.31942,30.59535],[114.31906,30.59544],[114.31858,30.59554],[114.31814,30.59562],[114.31752,30.5957],[114.30582,30.59725],[114.30504,30.59737],[114.30456,30.59747],[114.30429,30.59753],[114.30398,30.59764],[114.30352,30.59781],[114.30264,30.59819],[114.30128,30.59878],[114.2986,30.59998]]}},{"type":"Feature","properties":{"id":"RD0495","name":"机场高速","category":"road","roadType":"motorway","ref":"S18"},"geometry":{"type":"LineString","coordinates":[[114.228,30.66363],[114.22864,30.66229],[114.22882,30.66172],[114.22887,30.66115],[114.22866,30.66011],[114.22826,30.65873],[114.22668,30.65151],[114.22624,30.64984],[114.22589,30.64823],[114.22517,30.64468],[114.2247,30.64222],[114.22464,30.64181],[114.2246,30.64118],[114.22459,30.64083],[114.22462,30.6406],[114.22465,30.64029],[114.22478,30.63976]]}},{"type":"Feature","properties":{"id":"RD0496","name":"经开大道","category":"road","roadType":"primary","ref":""},"geometry":{"type":"LineString","coordinates":[[114.15603,30.41181],[114.15334,30.40802],[114.15328,30.40793],[114.1532,30.40782],[114.15082,30.40446],[114.15016,30.40364],[114.14991,30.40335],[114.1494,30.40279],[114.14929,30.40268],[114.14746,30.40067],[114.1468,30.39992],[114.14675,30.39986],[114.14565,30.3986],[114.14527,30.39814],[114.14481,30.39765],[114.14468,30.39752],[114.14422,30.39703]]}},{"type":"Feature","properties":{"id":"RD0497","name":"全力三路","category":"road","roadType":"primary","ref":""},"geometry":{"type":"LineString","coordinates":[[114.0821,30.44987],[114.08231,30.4495],[114.08279,30.44871],[114.08296,30.44843],[114.08319,30.44802],[114.08345,30.44755],[114.08368,30.44699],[114.0839,30.44646],[114.084,30.44619],[114.08406,30.44603],[114.08424,30.44552],[114.08428,30.4454],[114.08434,30.44522],[114.08456,30.44466],[114.08489,30.44368],[114.085,30.44304],[114.08502,30.44294]]}},{"type":"Feature","properties":{"id":"RD0498","name":"汉阳大道","category":"road","roadType":"primary","ref":""},"geometry":{"type":"LineString","coordinates":[[114.18263,30.56839],[114.18311,30.56858],[114.18349,30.56875],[114.18394,30.56902],[114.18429,30.56917],[114.1848,30.56934],[114.18541,30.56945],[114.18607,30.56951],[114.18666,30.56951],[114.18707,30.56946],[114.18767,30.56935],[114.18819,30.56918],[114.18912,30.56887],[114.19003,30.5686],[114.19012,30.56857],[114.19029,30.56852],[114.19043,30.56848]]}},{"type":"Feature","properties":{"id":"RD0499","name":"上汽通用大道","category":"road","roadType":"primary","ref":""},"geometry":{"type":"LineString","coordinates":[[114.17001,30.3466],[114.16982,30.34599],[114.16979,30.34588],[114.16974,30.34571],[114.16966,30.34528],[114.1696,30.34465],[114.16963,30.34421],[114.16966,30.34379],[114.16977,30.34328],[114.16995,30.34258],[114.17024,30.34147],[114.17054,30.34043],[114.17073,30.33976],[114.1708,30.33957],[114.17085,30.33941],[114.17091,30.33924],[114.17134,30.33817]]}},{"type":"Feature","properties":{"id":"RD0500","name":"汉江大桥","category":"road","roadType":"motorway","ref":"G4;G4201"},"geometry":{"type":"LineString","coordinates":[[114.04792,30.57938],[114.04785,30.58226],[114.04769,30.58513],[114.04757,30.58791],[114.04663,30.60859],[114.04653,30.61099],[114.04671,30.61449],[114.04684,30.61625],[114.0471,30.61808],[114.04777,30.623],[114.04851,30.62793],[114.04918,30.6326],[114.04935,30.63381],[114.04949,30.63462],[114.04957,30.63515],[114.04971,30.63674]]}},{"type":"Feature","properties":{"id":"RD0501","name":"雄楚大道","category":"road","roadType":"primary","ref":""},"geometry":{"type":"LineString","coordinates":[[114.30817,30.52697],[114.30819,30.52695],[114.30829,30.52688],[114.30957,30.52579],[114.31056,30.5249],[114.31109,30.52445],[114.31168,30.52394],[114.31172,30.5239],[114.31186,30.52379],[114.31205,30.52363],[114.31236,30.52344],[114.31251,30.52335],[114.31283,30.52321],[114.31315,30.52308],[114.31392,30.52285],[114.3141,30.5228]]}},{"type":"Feature","properties":{"id":"RD0502","name":"三环线","category":"road","roadType":"trunk","ref":""},"geometry":{"type":"LineString","coordinates":[[114.17951,30.52609],[114.18034,30.52559],[114.18039,30.52557],[114.18259,30.52419],[114.18289,30.52401],[114.18397,30.52334],[114.18757,30.52111],[114.18813,30.52076],[114.18965,30.51979],[114.19171,30.51854],[114.19522,30.51636],[114.19597,30.51589],[114.19844,30.51437],[114.19895,30.51404],[114.20052,30.51306],[114.20229,30.51197]]}},{"type":"Feature","properties":{"id":"RD0503","name":"解放大道","category":"road","roadType":"primary","ref":""},"geometry":{"type":"LineString","coordinates":[[114.26084,30.58272],[114.26082,30.5827],[114.26079,30.58267],[114.26076,30.58265],[114.26065,30.58262],[114.2595,30.58227],[114.25921,30.58218],[114.25898,30.5821],[114.25871,30.58199],[114.25832,30.58184],[114.25809,30.58174],[114.25787,30.58164],[114.25741,30.58142],[114.25675,30.58109],[114.2564,30.5809],[114.25617,30.58075]]}},{"type":"Feature","properties":{"id":"RD0504","name":"琴台大道","category":"road","roadType":"primary","ref":"G107;G316"},"geometry":{"type":"LineString","coordinates":[[114.21401,30.57138],[114.21783,30.57103],[114.2179,30.57099],[114.22132,30.5695],[114.22327,30.56842],[114.2238,30.56816],[114.22451,30.56783],[114.22544,30.56771],[114.22858,30.56775],[114.22956,30.56761],[114.23197,30.56672],[114.23283,30.5664],[114.23365,30.56597],[114.23544,30.56473],[114.23627,30.56392],[114.23677,30.56344]]}},{"type":"Feature","properties":{"id":"RD0505","name":"京港澳高速公路","category":"road","roadType":"motorway","ref":"G4"},"geometry":{"type":"LineString","coordinates":[[114.23249,30.33086],[114.23355,30.33016],[114.23479,30.32931],[114.23507,30.32911],[114.23602,30.32831],[114.23772,30.32661],[114.23854,30.32564],[114.23933,30.32449],[114.24011,30.32314],[114.24073,30.32178],[114.24126,30.32021],[114.24156,30.31901],[114.24171,30.31813],[114.2418,30.31736],[114.24273,30.30988],[114.24277,30.30948]]}},{"type":"Feature","properties":{"id":"RD0506","name":"青郑高速公路","category":"road","roadType":"motorway","ref":"S11"},"geometry":{"type":"LineString","coordinates":[[114.22963,30.35214],[114.22979,30.35367],[114.22987,30.35585],[114.22981,30.35826],[114.22976,30.35983],[114.22975,30.36211],[114.22986,30.36385],[114.22999,30.36487],[114.2302,30.36638],[114.23094,30.36985],[114.23141,30.37142],[114.23198,30.37307],[114.23333,30.37625],[114.23409,30.37823],[114.23467,30.37991],[114.23493,30.38078]]}},{"type":"Feature","properties":{"id":"RD0507","name":"星光大道","category":"road","roadType":"primary","ref":""},"geometry":{"type":"LineString","coordinates":[[114.25276,30.41012],[114.25289,30.4101],[114.25321,30.41005],[114.2605,30.40917],[114.26211,30.40898],[114.26802,30.40833],[114.26804,30.40833],[114.26853,30.40827],[114.27549,30.40753],[114.27692,30.40733],[114.2787,30.40712],[114.28829,30.40605],[114.28841,30.40604],[114.29344,30.4054],[114.29842,30.40488],[114.30088,30.40469]]}},{"type":"Feature","properties":{"id":"RD0508","name":"汉施公路","category":"road","roadType":"primary","ref":"G347"},"geometry":{"type":"LineString","coordinates":[[114.43536,30.70942],[114.44146,30.71012],[114.44749,30.71081],[114.44782,30.71084],[114.45778,30.71193],[114.45954,30.71208],[114.45992,30.71211],[114.46176,30.71217],[114.46465,30.71214],[114.46523,30.7121],[114.46753,30.71193],[114.46926,30.71176],[114.47147,30.71153],[114.47255,30.71137],[114.47371,30.71127],[114.4749,30.71118]]}},{"type":"Feature","properties":{"id":"RD0509","name":"光谷三路","category":"road","roadType":"primary","ref":""},"geometry":{"type":"LineString","coordinates":[[114.47599,30.4782],[114.476,30.47853],[114.476,30.47899],[114.47601,30.48026],[114.47601,30.48101],[114.47601,30.4816],[114.47601,30.48212],[114.47602,30.48259],[114.47603,30.4831],[114.47604,30.48451],[114.47599,30.48615],[114.47592,30.48692],[114.47578,30.48821],[114.47556,30.48933],[114.47545,30.48985],[114.47543,30.48989]]}},{"type":"Feature","properties":{"id":"RD0510","name":"三环线","category":"road","roadType":"trunk","ref":""},"geometry":{"type":"LineString","coordinates":[[114.44897,30.51235],[114.4489,30.51134],[114.44901,30.51011],[114.44912,30.50959],[114.44941,30.50858],[114.44976,30.50779],[114.45043,30.50664],[114.45125,30.50533],[114.45153,30.50484],[114.45187,30.50416],[114.45218,30.50342],[114.45238,30.50283],[114.45252,30.50232],[114.45271,30.50153],[114.45282,30.5007],[114.4529,30.49976]]}},{"type":"Feature","properties":{"id":"RD0511","name":"发展大道","category":"road","roadType":"primary","ref":""},"geometry":{"type":"LineString","coordinates":[[114.24091,30.6131],[114.23718,30.61116],[114.23709,30.61112],[114.237,30.61107],[114.23539,30.61029],[114.23485,30.61007],[114.23424,30.60988],[114.23401,30.60981],[114.23188,30.6094],[114.23099,30.60922],[114.23014,30.60904],[114.22947,30.60888],[114.22904,30.60877],[114.22873,30.60869],[114.22868,30.60868],[114.22828,30.60848]]}},{"type":"Feature","properties":{"id":"RD0512","name":"白沙洲大道","category":"road","roadType":"primary","ref":"G107"},"geometry":{"type":"LineString","coordinates":[[114.26844,30.47905],[114.26856,30.47922],[114.26881,30.47958],[114.26947,30.48055],[114.27052,30.48213],[114.27066,30.48232],[114.27073,30.48243],[114.27074,30.48244],[114.27088,30.48267],[114.27164,30.48381],[114.27166,30.48384],[114.27362,30.48678],[114.27521,30.48916],[114.27646,30.49106],[114.27818,30.49368],[114.27834,30.49392]]}},{"type":"Feature","properties":{"id":"RD0513","name":"白沙洲大道","category":"road","roadType":"primary","ref":"G107"},"geometry":{"type":"LineString","coordinates":[[114.27805,30.49397],[114.27493,30.48926],[114.27488,30.48918],[114.27337,30.4869],[114.27249,30.48558],[114.27238,30.48541],[114.27232,30.48531],[114.27186,30.48464],[114.27174,30.48444],[114.27047,30.48257],[114.27038,30.48245],[114.26904,30.48042],[114.26861,30.47979],[114.26832,30.47937],[114.2682,30.47919],[114.26815,30.47912]]}},{"type":"Feature","properties":{"id":"RD0514","name":"关山大道","category":"road","roadType":"primary","ref":""},"geometry":{"type":"LineString","coordinates":[[114.40367,30.47608],[114.40367,30.47614],[114.40368,30.47618],[114.40371,30.47646],[114.40373,30.47669],[114.40378,30.47712],[114.40385,30.4777],[114.40393,30.47828],[114.404,30.47885],[114.40405,30.47933],[114.40414,30.47996],[114.4042,30.48048],[114.40423,30.48072],[114.40425,30.48084],[114.4043,30.48123],[114.40425,30.48155]]}},{"type":"Feature","properties":{"id":"RD0515","name":"友谊南路","category":"road","roadType":"primary","ref":""},"geometry":{"type":"LineString","coordinates":[[114.27706,30.5714],[114.27709,30.57153],[114.27726,30.57237],[114.27737,30.57291],[114.27743,30.57332],[114.27744,30.57365],[114.27742,30.57392],[114.2774,30.57415],[114.27732,30.57447],[114.27722,30.57478],[114.2771,30.57507],[114.27695,30.57537],[114.27685,30.57551],[114.27674,30.57567],[114.27636,30.57615],[114.27623,30.57633]]}},{"type":"Feature","properties":{"id":"RD0516","name":"沿江大道","category":"road","roadType":"primary","ref":""},"geometry":{"type":"LineString","coordinates":[[114.28908,30.57214],[114.28899,30.57196],[114.28894,30.57187],[114.2888,30.57169],[114.2885,30.57122],[114.28816,30.57072],[114.28787,30.57038],[114.28751,30.57001],[114.28722,30.56973],[114.28709,30.56963],[114.28696,30.56953],[114.28615,30.56892],[114.28589,30.56879],[114.28559,30.56872],[114.28534,30.56873],[114.28511,30.56875]]}},{"type":"Feature","properties":{"id":"RD0517","name":"大学园路","category":"road","roadType":"primary","ref":"X001"},"geometry":{"type":"LineString","coordinates":[[114.379,30.44101],[114.38102,30.44325],[114.38112,30.44335],[114.38124,30.44347],[114.38148,30.4437],[114.38195,30.44408],[114.38301,30.44469],[114.38428,30.44525],[114.38667,30.44662],[114.38703,30.44685],[114.38735,30.44707],[114.38785,30.44747],[114.38831,30.44787],[114.38869,30.44828],[114.38898,30.44862],[114.39136,30.45155]]}},{"type":"Feature","properties":{"id":"RD0518","name":"全力三路","category":"road","roadType":"primary","ref":""},"geometry":{"type":"LineString","coordinates":[[114.07946,30.45637],[114.07974,30.45489],[114.07984,30.45433],[114.07991,30.45401],[114.07998,30.45383],[114.08009,30.45353],[114.08027,30.45308],[114.08053,30.45266],[114.08097,30.45178],[114.08117,30.45142],[114.08147,30.45091],[114.08164,30.45062],[114.0818,30.45035],[114.08191,30.45019],[114.082,30.45006],[114.0821,30.44987]]}},{"type":"Feature","properties":{"id":"RD0519","name":"未命名道路","category":"road","roadType":"primary","ref":"S104"},"geometry":{"type":"LineString","coordinates":[[114.04845,30.56871],[114.04731,30.56954],[114.04518,30.57113],[114.04483,30.5714],[114.04467,30.57152],[114.044,30.57205],[114.04368,30.57227],[114.04323,30.57259],[114.04315,30.57264],[114.04267,30.57295],[114.0418,30.57351],[114.04117,30.57396],[114.04016,30.57463],[114.03984,30.57486],[114.03958,30.57502],[114.03873,30.57562]]}},{"type":"Feature","properties":{"id":"RD0520","name":"汉阳大道","category":"road","roadType":"primary","ref":""},"geometry":{"type":"LineString","coordinates":[[114.19043,30.56848],[114.19104,30.56831],[114.19122,30.56823],[114.19161,30.56809],[114.19227,30.56785],[114.19333,30.56751],[114.19412,30.56733],[114.19601,30.56694],[114.19613,30.56691],[114.19675,30.56679],[114.19726,30.56668],[114.19815,30.56649],[114.20026,30.56603],[114.20056,30.56595],[114.20117,30.5658],[114.2016,30.56564]]}},{"type":"Feature","properties":{"id":"RD0521","name":"上汽通用大道","category":"road","roadType":"primary","ref":""},"geometry":{"type":"LineString","coordinates":[[114.19909,30.39678],[114.19907,30.39669],[114.19887,30.39586],[114.19838,30.39442],[114.19764,30.39291],[114.19738,30.39238],[114.19603,30.39023],[114.19583,30.38987],[114.19576,30.38974],[114.19485,30.38813],[114.19093,30.38246],[114.19086,30.38236],[114.19009,30.38124],[114.1875,30.37866],[114.18697,30.37814],[114.18515,30.37637]]}},{"type":"Feature","properties":{"id":"RD0522","name":"未命名道路","category":"road","roadType":"primary","ref":""},"geometry":{"type":"LineString","coordinates":[[114.08636,30.58633],[114.08648,30.5854],[114.08666,30.58442],[114.08685,30.58345],[114.08698,30.58292],[114.08699,30.58287],[114.08711,30.5825],[114.08714,30.58239],[114.0872,30.58222],[114.08724,30.58209],[114.08739,30.5816],[114.08771,30.58064],[114.08802,30.57971],[114.08838,30.57859],[114.08867,30.57772],[114.08902,30.57663]]}},{"type":"Feature","properties":{"id":"RD0523","name":"蔡甸大街","category":"road","roadType":"primary","ref":""},"geometry":{"type":"LineString","coordinates":[[114.01949,30.57537],[114.01956,30.57534],[114.02189,30.57432],[114.02233,30.57418],[114.02264,30.57409],[114.02278,30.57407],[114.02321,30.57404],[114.0248,30.57417],[114.02801,30.57455],[114.02814,30.57456],[114.03134,30.57491],[114.03477,30.57527],[114.03499,30.57529],[114.03753,30.57552],[114.03855,30.57559],[114.03873,30.57562]]}},{"type":"Feature","properties":{"id":"RD0524","name":"知音湖大道","category":"road","roadType":"primary","ref":"S101"},"geometry":{"type":"LineString","coordinates":[[114.0795,30.52653],[114.07933,30.52586],[114.07905,30.52474],[114.07777,30.51969],[114.07655,30.51485],[114.07653,30.51476],[114.07528,30.50964],[114.07519,30.50928],[114.07517,30.50916],[114.07506,30.50875],[114.07391,30.50419],[114.07343,30.50232],[114.07341,30.50219],[114.07316,30.50071],[114.07306,30.49977],[114.07285,30.497]]}},{"type":"Feature","properties":{"id":"RD0525","name":"沌口長江大橋","category":"road","roadType":"motorway","ref":"S40"},"geometry":{"type":"LineString","coordinates":[[114.16926,30.44216],[114.17044,30.44183],[114.17173,30.4414],[114.17278,30.441],[114.17378,30.44059],[114.17445,30.44028],[114.17515,30.43994],[114.17695,30.43902],[114.18448,30.43521],[114.18762,30.43354],[114.19222,30.43112],[114.19803,30.42805],[114.20035,30.42684],[114.20121,30.42639],[114.20431,30.42477],[114.20969,30.42201]]}},{"type":"Feature","properties":{"id":"RD0526","name":"未命名道路","category":"road","roadType":"primary","ref":""},"geometry":{"type":"LineString","coordinates":[[114.15774,30.3582],[114.15726,30.35839],[114.15691,30.35849],[114.15641,30.35876],[114.15619,30.35887],[114.15581,30.35919],[114.1556,30.3595],[114.1555,30.35982],[114.15544,30.36032],[114.15539,30.36082],[114.15535,30.36115],[114.15531,30.36125],[114.15516,30.36157],[114.15496,30.3618],[114.15378,30.36265],[114.15339,30.36293]]}},{"type":"Feature","properties":{"id":"RD0527","name":"未命名道路","category":"road","roadType":"primary","ref":""},"geometry":{"type":"LineString","coordinates":[[114.3014,30.54316],[114.30131,30.54316],[114.30125,30.54236],[114.30123,30.54226],[114.30116,30.5422],[114.30108,30.54216],[114.301,30.54212],[114.30091,30.54212],[114.3007,30.54214],[114.30066,30.54214],[114.30051,30.54216],[114.30009,30.5422],[114.29935,30.54228],[114.2987,30.54237],[114.29615,30.54235],[114.29607,30.54235]]}},{"type":"Feature","properties":{"id":"RD0528","name":"滨江大道","category":"road","roadType":"primary","ref":""},"geometry":{"type":"LineString","coordinates":[[114.27376,30.54915],[114.27401,30.54957],[114.27482,30.55086],[114.27489,30.55098],[114.27498,30.55113],[114.27499,30.55114],[114.27595,30.55297],[114.27641,30.55406],[114.27686,30.55496],[114.27727,30.55549],[114.27738,30.55563],[114.27881,30.55746],[114.27896,30.55772],[114.27901,30.55792],[114.27906,30.55862],[114.27906,30.55866]]}},{"type":"Feature","properties":{"id":"RD0529","name":"雄楚大道高架","category":"road","roadType":"trunk","ref":""},"geometry":{"type":"LineString","coordinates":[[114.4383,30.49143],[114.43559,30.49182],[114.43383,30.49212],[114.43347,30.49217],[114.43344,30.49217],[114.43068,30.49263],[114.43061,30.49265],[114.42956,30.4929],[114.42874,30.49313],[114.42821,30.49329],[114.42756,30.4935],[114.42708,30.49364],[114.427,30.49367],[114.42571,30.49413],[114.42436,30.49463],[114.42306,30.49512]]}},{"type":"Feature","properties":{"id":"RD0530","name":"机场高速","category":"road","roadType":"motorway","ref":"S18"},"geometry":{"type":"LineString","coordinates":[[114.22489,30.63978],[114.22477,30.64025],[114.2247,30.64066],[114.22467,30.64139],[114.22475,30.64188],[114.22485,30.64236],[114.22532,30.64466],[114.22604,30.64821],[114.22639,30.64983],[114.2268,30.65152],[114.22841,30.65871],[114.22881,30.66009],[114.22902,30.66113],[114.22897,30.6617],[114.22879,30.66227],[114.22811,30.66368]]}},{"type":"Feature","properties":{"id":"RD0531","name":"友谊大道","category":"road","roadType":"primary","ref":""},"geometry":{"type":"LineString","coordinates":[[114.39671,30.62156],[114.39808,30.62156],[114.39948,30.62156],[114.39954,30.62156],[114.39958,30.62156],[114.40266,30.62161],[114.40279,30.62162],[114.40467,30.6216],[114.40611,30.62157],[114.40717,30.62156],[114.40787,30.62156],[114.40804,30.62157],[114.40815,30.62157],[114.40877,30.62158],[114.41195,30.62158],[114.41475,30.62156]]}},{"type":"Feature","properties":{"id":"RD0532","name":"未命名道路","category":"road","roadType":"primary","ref":""},"geometry":{"type":"LineString","coordinates":[[114.15932,30.57578],[114.1594,30.57468],[114.15949,30.57243],[114.15957,30.57118],[114.1597,30.56885],[114.15987,30.56663],[114.15995,30.56568],[114.15999,30.56527],[114.16018,30.56358],[114.16018,30.5631],[114.16027,30.56228],[114.1604,30.56151],[114.16065,30.56018],[114.1608,30.55958],[114.16144,30.55763],[114.16273,30.5542]]}},{"type":"Feature","properties":{"id":"RD0533","name":"鹦鹉洲长江大桥","category":"road","roadType":"trunk","ref":""},"geometry":{"type":"LineString","coordinates":[[114.28919,30.52788],[114.28827,30.528],[114.28722,30.52823],[114.28666,30.52845],[114.28451,30.52969],[114.2768,30.53405],[114.27668,30.53413],[114.26844,30.53898],[114.26813,30.53916],[114.26721,30.53968],[114.26652,30.53993],[114.26578,30.5401],[114.265,30.54017],[114.26292,30.54022],[114.26213,30.54024],[114.25802,30.54027]]}},{"type":"Feature","properties":{"id":"RD0534","name":"机场高速","category":"road","roadType":"motorway","ref":"S18"},"geometry":{"type":"LineString","coordinates":[[114.22946,30.72681],[114.22957,30.72634],[114.22968,30.72574],[114.22985,30.72518],[114.23005,30.7246],[114.23028,30.7241],[114.23066,30.72333],[114.231,30.72271],[114.23127,30.7223],[114.23144,30.72202],[114.23271,30.72019],[114.23322,30.71945],[114.23367,30.71885],[114.2341,30.7182],[114.23444,30.71762],[114.23479,30.71703]]}},{"type":"Feature","properties":{"id":"RD0535","name":"长丰大道","category":"road","roadType":"primary","ref":""},"geometry":{"type":"LineString","coordinates":[[114.21786,30.60903],[114.21642,30.6092],[114.21616,30.60923],[114.21452,30.60942],[114.21382,30.60951],[114.2135,30.60955],[114.21342,30.60957],[114.21242,30.60971],[114.20739,30.6104],[114.20727,30.61041],[114.20403,30.61082],[114.2007,30.61124],[114.19946,30.6114],[114.19729,30.61167],[114.19698,30.61171],[114.19683,30.61173]]}},{"type":"Feature","properties":{"id":"RD0536","name":"金龙大街","category":"road","roadType":"primary","ref":""},"geometry":{"type":"LineString","coordinates":[[114.38196,30.37979],[114.38324,30.37986],[114.38418,30.37996],[114.38521,30.38019],[114.38585,30.38041],[114.38672,30.38083],[114.38712,30.3811],[114.38751,30.38142],[114.38809,30.38199],[114.38855,30.38257],[114.3891,30.38334],[114.39022,30.3852],[114.39047,30.38548],[114.3908,30.38575],[114.39103,30.3859],[114.39134,30.38605]]}},{"type":"Feature","properties":{"id":"RD0537","name":"解放大道","category":"road","roadType":"primary","ref":""},"geometry":{"type":"LineString","coordinates":[[114.33727,30.68038],[114.33671,30.67894],[114.33641,30.67834],[114.33638,30.67827],[114.33622,30.67787],[114.33612,30.67757],[114.33576,30.67646],[114.33575,30.67643],[114.33527,30.67518],[114.33509,30.67466],[114.33461,30.67339],[114.3342,30.67231],[114.33406,30.67193],[114.3339,30.6715],[114.33356,30.67068],[114.33325,30.66983]]}},{"type":"Feature","properties":{"id":"RD0538","name":"武汉长江公铁隧道","category":"road","roadType":"primary","ref":""},"geometry":{"type":"LineString","coordinates":[[114.29859,30.59991],[114.30055,30.59906],[114.30316,30.59789],[114.30386,30.59759],[114.30416,30.59748],[114.30457,30.59737],[114.305,30.59729],[114.30574,30.59718],[114.31812,30.59554],[114.31843,30.5955],[114.31876,30.59543],[114.31902,30.59537],[114.3194,30.59527],[114.31975,30.59517],[114.32033,30.59495],[114.32565,30.59148]]}},{"type":"Feature","properties":{"id":"RD0539","name":"汉江大道","category":"road","roadType":"trunk","ref":""},"geometry":{"type":"LineString","coordinates":[[114.24797,30.61005],[114.24825,30.6098],[114.24853,30.60944],[114.24867,30.60921],[114.2488,30.60898],[114.24887,30.60874],[114.24891,30.6085],[114.24891,30.60828],[114.24888,30.60788],[114.24875,30.60727],[114.24864,30.6068],[114.24838,30.60586],[114.24807,30.60456],[114.24793,30.604],[114.24714,30.60093],[114.24583,30.59588]]}},{"type":"Feature","properties":{"id":"RD0540","name":"常青路","category":"road","roadType":"primary","ref":""},"geometry":{"type":"LineString","coordinates":[[114.25261,30.61003],[114.25028,30.60956],[114.24986,30.60951],[114.24952,30.60948],[114.24929,30.60951],[114.24911,30.60954],[114.24894,30.60957],[114.24884,30.60962],[114.24878,30.60965],[114.24843,30.60983],[114.24821,30.60998],[114.24819,30.61],[114.2469,30.6112],[114.2467,30.61143],[114.24665,30.61149],[114.24659,30.61154]]}},{"type":"Feature","properties":{"id":"RD0541","name":"大学园路","category":"road","roadType":"primary","ref":"X001"},"geometry":{"type":"LineString","coordinates":[[114.40288,30.46755],[114.40284,30.46704],[114.40277,30.46666],[114.40248,30.46594],[114.40209,30.46542],[114.40178,30.465],[114.40115,30.46414],[114.40091,30.46386],[114.40057,30.46347],[114.40042,30.46329],[114.40028,30.46311],[114.39992,30.46264],[114.39936,30.46193],[114.3985,30.46086],[114.39778,30.45998],[114.39679,30.45873]]}},{"type":"Feature","properties":{"id":"RD0542","name":"杨泗港快速通道","category":"road","roadType":"trunk","ref":""},"geometry":{"type":"LineString","coordinates":[[114.20791,30.53605],[114.20376,30.53808],[114.20194,30.53895],[114.20159,30.53908],[114.20119,30.53919],[114.20082,30.53926],[114.19909,30.53938],[114.19798,30.53946],[114.19705,30.5395],[114.19671,30.53952],[114.19616,30.53957],[114.19573,30.53963],[114.19526,30.53974],[114.1948,30.53991],[114.19433,30.54013],[114.19371,30.54044]]}},{"type":"Feature","properties":{"id":"RD0543","name":"武汉绕城高速","category":"road","roadType":"motorway","ref":"G50;G4201"},"geometry":{"type":"LineString","coordinates":[[114.40709,30.37383],[114.4069,30.37368],[114.39968,30.36841],[114.39596,30.3657],[114.39405,30.36412],[114.39315,30.3633],[114.39141,30.36153],[114.38969,30.35956],[114.38888,30.35851],[114.38153,30.34834],[114.38062,30.34717],[114.37864,30.34488],[114.37757,30.34376],[114.37645,30.34267],[114.37417,30.34065],[114.37219,30.33908]]}},{"type":"Feature","properties":{"id":"RD0544","name":"未命名道路","category":"road","roadType":"motorway","ref":""},"geometry":{"type":"LineString","coordinates":[[114.41877,30.38469],[114.41893,30.38491],[114.41903,30.38512],[114.41909,30.38531],[114.41909,30.38533],[114.41911,30.38554],[114.41902,30.38579],[114.41891,30.38596],[114.4187,30.38618],[114.41854,30.38626],[114.41825,30.38635],[114.41785,30.38635],[114.41757,30.38629],[114.41722,30.38614],[114.41687,30.38593],[114.41626,30.38552]]}},{"type":"Feature","properties":{"id":"RD0545","name":"未命名道路","category":"road","roadType":"trunk","ref":""},"geometry":{"type":"LineString","coordinates":[[114.33411,30.49026],[114.33392,30.49032],[114.33373,30.49036],[114.33357,30.49036],[114.33347,30.49034],[114.33337,30.4903],[114.33325,30.49024],[114.33315,30.49016],[114.33306,30.49005],[114.33302,30.4899],[114.33301,30.48974],[114.33303,30.48958],[114.33322,30.48891],[114.33329,30.48857],[114.33334,30.48831],[114.33335,30.48815]]}},{"type":"Feature","properties":{"id":"RD0546","name":"解放大道","category":"road","roadType":"primary","ref":""},"geometry":{"type":"LineString","coordinates":[[114.25628,30.58064],[114.2566,30.58072],[114.25692,30.58083],[114.25717,30.58092],[114.25803,30.5813],[114.25827,30.5814],[114.25868,30.58157],[114.259,30.58168],[114.25964,30.58187],[114.25968,30.58188],[114.26057,30.58215],[114.26083,30.58223],[114.26088,30.58224],[114.26094,30.58224],[114.261,30.58222],[114.26107,30.5822]]}},{"type":"Feature","properties":{"id":"RD0547","name":"未命名道路","category":"road","roadType":"primary","ref":""},"geometry":{"type":"LineString","coordinates":[[114.26364,30.45856],[114.26374,30.45886],[114.26378,30.45896],[114.26385,30.45915],[114.26426,30.46038],[114.2644,30.46092],[114.26453,30.46164],[114.26465,30.46238],[114.26468,30.46253],[114.26469,30.46259],[114.26472,30.46278],[114.26476,30.46303],[114.26477,30.46388],[114.26474,30.46457],[114.26474,30.46471],[114.26471,30.46551]]}},{"type":"Feature","properties":{"id":"RD0548","name":"未命名道路","category":"road","roadType":"primary","ref":""},"geometry":{"type":"LineString","coordinates":[[114.26339,30.45864],[114.26302,30.45776],[114.26257,30.45689],[114.26185,30.45567],[114.26095,30.4541],[114.2607,30.45365],[114.25875,30.45022],[114.25709,30.4473],[114.25702,30.44718],[114.25699,30.44711],[114.25667,30.44651],[114.25636,30.44582],[114.25612,30.44526],[114.25587,30.44455],[114.25571,30.44377],[114.2556,30.44322]]}},{"type":"Feature","properties":{"id":"RD0549","name":"江北快速路","category":"road","roadType":"trunk","ref":""},"geometry":{"type":"LineString","coordinates":[[114.49945,30.69944],[114.50025,30.69968],[114.50136,30.69993],[114.50251,30.70009],[114.50403,30.70014],[114.50525,30.70002],[114.50641,30.6998],[114.51439,30.69802],[114.51794,30.69721],[114.5192,30.69683],[114.52001,30.69646],[114.52018,30.69639],[114.52226,30.69518],[114.52341,30.69454],[114.52435,30.69405],[114.52458,30.69397]]}},{"type":"Feature","properties":{"id":"RD0550","name":"四环线","category":"road","roadType":"motorway","ref":"S40"},"geometry":{"type":"LineString","coordinates":[[114.25704,30.75279],[114.25405,30.75225],[114.24896,30.75127],[114.24656,30.75074],[114.24494,30.75026],[114.24321,30.74969],[114.24089,30.74877],[114.23897,30.74789],[114.22916,30.74216],[114.2284,30.7418],[114.22758,30.74149],[114.22664,30.74117],[114.22557,30.74084],[114.22451,30.74058],[114.22269,30.74021],[114.22059,30.73984]]}},{"type":"Feature","properties":{"id":"RD0551","name":"阳逻长江大桥","category":"road","roadType":"motorway","ref":"G4201"},"geometry":{"type":"LineString","coordinates":[[114.54833,30.63389],[114.54646,30.63307],[114.5452,30.63254],[114.54389,30.63198],[114.54277,30.63151],[114.54133,30.63091],[114.53979,30.63024],[114.53908,30.62992],[114.53836,30.62955],[114.53754,30.62913],[114.53659,30.62859],[114.53573,30.62807],[114.53482,30.62752],[114.53387,30.62684],[114.53309,30.62629],[114.5326,30.6259]]}},{"type":"Feature","properties":{"id":"RD0552","name":"未命名道路","category":"road","roadType":"primary","ref":""},"geometry":{"type":"LineString","coordinates":[[114.15296,30.41778],[114.15499,30.41713],[114.15561,30.41693],[114.15588,30.4168],[114.15628,30.41657],[114.15652,30.41637],[114.15688,30.41598],[114.15708,30.41572],[114.1572,30.41546],[114.1574,30.41474],[114.1574,30.41413],[114.15725,30.41361],[114.1568,30.4129],[114.15613,30.41196],[114.1561,30.41191],[114.15603,30.41181]]}},{"type":"Feature","properties":{"id":"RD0553","name":"未命名道路","category":"road","roadType":"primary","ref":""},"geometry":{"type":"LineString","coordinates":[[113.99743,30.49393],[113.99782,30.49408],[113.99814,30.49421],[113.99845,30.49435],[113.99875,30.4945],[113.99905,30.49466],[113.99935,30.49482],[113.99964,30.49499],[113.99992,30.49517],[114.00022,30.49536],[114.0005,30.49556],[114.00078,30.49577],[114.00105,30.49598],[114.00132,30.4962],[114.00157,30.49643],[114.00182,30.49667]]}},{"type":"Feature","properties":{"id":"RD0554","name":"白沙洲大道","category":"road","roadType":"primary","ref":"G107"},"geometry":{"type":"LineString","coordinates":[[114.29536,30.52192],[114.2955,30.52193],[114.2961,30.52196],[114.29629,30.52197],[114.2967,30.522],[114.29676,30.522],[114.29738,30.52202],[114.2979,30.52202],[114.29798,30.52203],[114.29863,30.52206],[114.29895,30.5221],[114.29902,30.52211],[114.29922,30.52214],[114.29978,30.52226],[114.29985,30.52227],[114.30031,30.52243]]}},{"type":"Feature","properties":{"id":"RD0555","name":"武珞路","category":"road","roadType":"trunk","ref":""},"geometry":{"type":"LineString","coordinates":[[114.32564,30.53666],[114.32558,30.53668],[114.32541,30.53676],[114.32495,30.53697],[114.32376,30.53761],[114.32301,30.538],[114.322,30.53853],[114.32193,30.53857],[114.32114,30.53895],[114.32031,30.53936],[114.31857,30.54024],[114.31784,30.54059],[114.3172,30.54088],[114.31629,30.54132],[114.31609,30.54142],[114.31589,30.54151]]}},{"type":"Feature","properties":{"id":"RD0556","name":"未命名道路","category":"road","roadType":"primary","ref":""},"geometry":{"type":"LineString","coordinates":[[114.08719,30.45808],[114.08699,30.45808],[114.08679,30.45807],[114.0866,30.45803],[114.08642,30.45798],[114.08625,30.45791],[114.08609,30.45783],[114.08597,30.4577],[114.08587,30.45756],[114.08579,30.45743],[114.08573,30.45726],[114.0857,30.45711],[114.0857,30.45695],[114.08571,30.45681],[114.08573,30.45668],[114.08582,30.45648]]}},{"type":"Feature","properties":{"id":"RD0557","name":"三环线","category":"road","roadType":"trunk","ref":""},"geometry":{"type":"LineString","coordinates":[[114.15759,30.60665],[114.15717,30.60701],[114.15694,30.60722],[114.15632,30.6079],[114.1561,30.6082],[114.1558,30.60863],[114.1554,30.60919],[114.15521,30.6096],[114.15484,30.61038],[114.1545,30.61146],[114.15434,30.61263],[114.15434,30.61351],[114.15443,30.61441],[114.1546,30.6153],[114.15478,30.61582]]}},{"type":"Feature","properties":{"id":"RD0558","name":"未命名道路","category":"road","roadType":"primary","ref":"X001"},"geometry":{"type":"LineString","coordinates":[[114.37439,30.43069],[114.37381,30.42865],[114.37341,30.42807],[114.37092,30.42508],[114.37005,30.42417],[114.3696,30.42367],[114.36931,30.42325],[114.36905,30.42281],[114.36887,30.4224],[114.36863,30.42157],[114.36843,30.42005],[114.36841,30.41996],[114.36778,30.41601],[114.36741,30.41372],[114.3672,30.41265]]}},{"type":"Feature","properties":{"id":"RD0559","name":"武汉长江大桥","category":"road","roadType":"trunk","ref":"G107;G316"},"geometry":{"type":"LineString","coordinates":[[114.29522,30.5473],[114.29486,30.54749],[114.29465,30.54757],[114.29445,30.54762],[114.29425,30.54765],[114.29314,30.54782],[114.29079,30.54815],[114.29042,30.54823],[114.29014,30.5483],[114.28988,30.54839],[114.28943,30.54857],[114.28883,30.54886],[114.28805,30.54928],[114.276,30.55595],[114.27459,30.55675]]}},{"type":"Feature","properties":{"id":"RD0560","name":"武汉绕城高速","category":"road","roadType":"motorway","ref":"G50;G4201"},"geometry":{"type":"LineString","coordinates":[[114.49144,30.43444],[114.49192,30.43464],[114.49379,30.43544],[114.49459,30.43574],[114.50715,30.44096],[114.51687,30.44492],[114.52226,30.4468],[114.52496,30.44761],[114.54183,30.45165],[114.54415,30.45225],[114.54688,30.45303],[114.54968,30.45398],[114.5515,30.45468],[114.55305,30.45533],[114.56102,30.45883]]}},{"type":"Feature","properties":{"id":"RD0561","name":"南湖大道","category":"road","roadType":"primary","ref":""},"geometry":{"type":"LineString","coordinates":[[114.37121,30.48351],[114.37156,30.48339],[114.37161,30.48337],[114.37332,30.48276],[114.37405,30.48253],[114.37498,30.48228],[114.37512,30.48225],[114.37695,30.48187],[114.37703,30.48186],[114.37805,30.48167],[114.37814,30.48165],[114.37916,30.48152],[114.37974,30.48151],[114.38057,30.4815],[114.38337,30.48146]]}},{"type":"Feature","properties":{"id":"RD0562","name":"三环线","category":"road","roadType":"trunk","ref":""},"geometry":{"type":"LineString","coordinates":[[114.28992,30.66566],[114.28944,30.66555],[114.28848,30.6654],[114.28747,30.66529],[114.28612,30.66521],[114.28531,30.66514],[114.28487,30.6651],[114.28405,30.66497],[114.28331,30.66477],[114.28278,30.66461],[114.28225,30.66438],[114.28148,30.66403],[114.28036,30.6635],[114.27909,30.6629],[114.27781,30.66221]]}},{"type":"Feature","properties":{"id":"RD0563","name":"未命名道路","category":"road","roadType":"primary","ref":"G107"},"geometry":{"type":"LineString","coordinates":[[114.30519,30.52645],[114.3053,30.52653],[114.30539,30.52658],[114.30552,30.52662],[114.30568,30.52664],[114.30634,30.52667],[114.30666,30.52668],[114.3069,30.52671],[114.30709,30.52676],[114.30729,30.52683],[114.30739,30.52686],[114.30746,30.52689],[114.30759,30.52698],[114.30773,30.52708],[114.30785,30.52719]]}},{"type":"Feature","properties":{"id":"RD0564","name":"珞狮路","category":"road","roadType":"primary","ref":""},"geometry":{"type":"LineString","coordinates":[[114.34525,30.52229],[114.34511,30.52138],[114.34493,30.51999],[114.34492,30.5197],[114.34488,30.51937],[114.3448,30.51868],[114.34479,30.51859],[114.34463,30.51695],[114.34454,30.51606],[114.34454,30.51599],[114.34433,30.51404],[114.34423,30.51347],[114.34419,30.51317],[114.34409,30.51276],[114.34419,30.51247]]}},{"type":"Feature","properties":{"id":"RD0565","name":"青郑高速公路","category":"road","roadType":"motorway","ref":"S11"},"geometry":{"type":"LineString","coordinates":[[114.23481,30.38083],[114.23448,30.37984],[114.23389,30.37808],[114.23315,30.37622],[114.2324,30.37445],[114.2317,30.37274],[114.23087,30.37006],[114.23045,30.36838],[114.23004,30.36641],[114.22978,30.36446],[114.22963,30.3623],[114.22959,30.3603],[114.22975,30.3567],[114.22972,30.35442],[114.2295,30.3522]]}},{"type":"Feature","properties":{"id":"RD0566","name":"三环线","category":"road","roadType":"trunk","ref":""},"geometry":{"type":"LineString","coordinates":[[114.24738,30.64044],[114.2468,30.63998],[114.24667,30.63988],[114.24611,30.63949],[114.24543,30.6391],[114.24493,30.63886],[114.24433,30.63858],[114.24405,30.63846],[114.24303,30.63802],[114.24217,30.63765],[114.24109,30.63718],[114.23993,30.63669],[114.2393,30.63642],[114.23807,30.63591],[114.23721,30.63551]]}},{"type":"Feature","properties":{"id":"RD0567","name":"岱黄高速","category":"road","roadType":"motorway","ref":"S1"},"geometry":{"type":"LineString","coordinates":[[114.30251,30.76259],[114.30239,30.76206],[114.30229,30.76141],[114.30224,30.76081],[114.30221,30.7601],[114.30225,30.75956],[114.30235,30.75885],[114.30248,30.75822],[114.30267,30.75761],[114.30307,30.75649],[114.30326,30.75587],[114.30339,30.75532],[114.30349,30.75472],[114.30356,30.75415],[114.30363,30.75287]]}},{"type":"Feature","properties":{"id":"RD0568","name":"唐家墩路","category":"road","roadType":"primary","ref":""},"geometry":{"type":"LineString","coordinates":[[114.26552,30.62056],[114.26562,30.62034],[114.26572,30.62012],[114.2663,30.61869],[114.26634,30.61833],[114.26645,30.61783],[114.26655,30.61725],[114.2665,30.61667],[114.26645,30.61632],[114.26644,30.61625],[114.26633,30.61579],[114.26627,30.6156],[114.26618,30.61532],[114.26587,30.61397],[114.26567,30.61329]]}},{"type":"Feature","properties":{"id":"RD0569","name":"老武黄路","category":"road","roadType":"trunk","ref":"G316"},"geometry":{"type":"LineString","coordinates":[[114.54487,30.51892],[114.54371,30.51898],[114.54215,30.51903],[114.54126,30.51902],[114.54067,30.51899],[114.5402,30.51895],[114.53966,30.51891],[114.53904,30.51885],[114.53841,30.5188],[114.53753,30.51878],[114.5363,30.51874],[114.53433,30.51871],[114.53336,30.51867],[114.53264,30.51867],[114.53178,30.51868]]}},{"type":"Feature","properties":{"id":"RD0570","name":"武鄂高速公路","category":"road","roadType":"motorway","ref":"S7"},"geometry":{"type":"LineString","coordinates":[[114.44092,30.59272],[114.44177,30.5924],[114.44305,30.59209],[114.44437,30.59189],[114.44563,30.59185],[114.44677,30.59193],[114.44838,30.5922],[114.44993,30.59269],[114.45277,30.59371],[114.45438,30.59409],[114.45589,30.59432],[114.45749,30.59436],[114.45901,30.59429],[114.46053,30.59404],[114.46214,30.59366]]}},{"type":"Feature","properties":{"id":"RD0571","name":"武鄂高速公路","category":"road","roadType":"motorway","ref":"S7"},"geometry":{"type":"LineString","coordinates":[[114.46217,30.59378],[114.46058,30.59418],[114.45901,30.59442],[114.45748,30.5945],[114.45587,30.59446],[114.45436,30.59423],[114.45271,30.59385],[114.44984,30.59282],[114.44831,30.59233],[114.44675,30.59206],[114.44553,30.59198],[114.44428,30.59206],[114.44296,30.59224],[114.44181,30.59259],[114.44094,30.59288]]}},{"type":"Feature","properties":{"id":"RD0572","name":"高新二路","category":"road","roadType":"primary","ref":""},"geometry":{"type":"LineString","coordinates":[[114.47201,30.4784],[114.47165,30.47843],[114.47031,30.47852],[114.46847,30.47862],[114.46768,30.47863],[114.46697,30.47865],[114.46572,30.47862],[114.46458,30.47853],[114.46337,30.47844],[114.46235,30.47835],[114.46142,30.47827],[114.46036,30.47819],[114.45932,30.47814],[114.45871,30.47813],[114.45861,30.47813]]}},{"type":"Feature","properties":{"id":"RD0573","name":"高新二路","category":"road","roadType":"primary","ref":""},"geometry":{"type":"LineString","coordinates":[[114.47582,30.47797],[114.47601,30.47795],[114.47633,30.47791],[114.477,30.47789],[114.47863,30.47779],[114.48071,30.47766],[114.48124,30.47762],[114.48474,30.47742],[114.4853,30.47738],[114.48532,30.47738],[114.48636,30.4774],[114.48728,30.47744],[114.48758,30.47746],[114.48913,30.4776],[114.48926,30.47761]]}},{"type":"Feature","properties":{"id":"RD0574","name":"高新四路","category":"road","roadType":"primary","ref":""},"geometry":{"type":"LineString","coordinates":[[114.43304,30.45421],[114.43253,30.45412],[114.43169,30.45399],[114.42951,30.45366],[114.42911,30.45355],[114.4287,30.45353],[114.42615,30.45314],[114.4259,30.45303],[114.42544,30.45303],[114.42368,30.45276],[114.42077,30.45231],[114.4199,30.45215],[114.41946,30.45217],[114.41853,30.45202],[114.41707,30.45182]]}},{"type":"Feature","properties":{"id":"RD0575","name":"欢乐大道","category":"road","roadType":"trunk","ref":""},"geometry":{"type":"LineString","coordinates":[[114.43156,30.59894],[114.43082,30.59937],[114.43001,30.5998],[114.42969,30.59998],[114.42909,30.60024],[114.42777,30.60073],[114.42651,30.60111],[114.42585,30.60128],[114.42481,30.60149],[114.42391,30.60161],[114.42321,30.60168],[114.42235,30.60174],[114.42138,30.60174],[114.42023,30.60171],[114.41973,30.60171]]}},{"type":"Feature","properties":{"id":"RD0576","name":"高新大道","category":"road","roadType":"trunk","ref":""},"geometry":{"type":"LineString","coordinates":[[114.52889,30.49093],[114.52896,30.49093],[114.52914,30.49094],[114.52983,30.49093],[114.52997,30.49092],[114.53093,30.4909],[114.53164,30.49084],[114.53189,30.49084],[114.53302,30.49083],[114.53417,30.49085],[114.53514,30.49089],[114.53692,30.49097],[114.53785,30.49105],[114.53828,30.49108],[114.53873,30.49113]]}},{"type":"Feature","properties":{"id":"RD0577","name":"鹦鹉洲长江大桥","category":"road","roadType":"trunk","ref":""},"geometry":{"type":"LineString","coordinates":[[114.258,30.54014],[114.26201,30.54009],[114.26295,30.54008],[114.26499,30.54004],[114.26575,30.53997],[114.26647,30.5398],[114.26713,30.53956],[114.26804,30.53904],[114.26813,30.53899],[114.27671,30.53393],[114.28442,30.52957],[114.28658,30.52833],[114.28716,30.5281],[114.28824,30.52786],[114.28917,30.52775]]}},{"type":"Feature","properties":{"id":"RD0578","name":"珞狮南路高架斜坡","category":"road","roadType":"trunk","ref":""},"geometry":{"type":"LineString","coordinates":[[114.34009,30.50464],[114.341,30.50633],[114.34158,30.50742],[114.34166,30.50758],[114.34178,30.5078],[114.34191,30.50804],[114.34265,30.5094],[114.34292,30.50989],[114.34318,30.51038],[114.3441,30.51204],[114.34417,30.51219],[114.3443,30.51259],[114.34431,30.51263],[114.34456,30.51394],[114.34464,30.51468]]}},{"type":"Feature","properties":{"id":"RD0579","name":"未命名道路","category":"road","roadType":"primary","ref":""},"geometry":{"type":"LineString","coordinates":[[114.0892,30.57608],[114.08954,30.57509],[114.0899,30.57398],[114.09035,30.5726],[114.09055,30.57191],[114.09077,30.57098],[114.09092,30.56993],[114.09098,30.56917],[114.09099,30.56836],[114.09097,30.56802],[114.09095,30.56776],[114.09085,30.56685],[114.09076,30.56637],[114.09065,30.56586],[114.09061,30.5656]]}},{"type":"Feature","properties":{"id":"RD0580","name":"琴川大道","category":"road","roadType":"primary","ref":""},"geometry":{"type":"LineString","coordinates":[[114.06505,30.58092],[114.06209,30.58099],[114.06198,30.58099],[114.05669,30.5811],[114.05658,30.5811],[114.05383,30.58129],[114.04902,30.5814],[114.04742,30.58157],[114.04617,30.58183],[114.04537,30.58213],[114.04383,30.58227],[114.04335,30.58231],[114.04291,30.58244],[114.0428,30.58246],[114.042,30.58293]]}},{"type":"Feature","properties":{"id":"RD0581","name":"上汽通用大道","category":"road","roadType":"primary","ref":""},"geometry":{"type":"LineString","coordinates":[[114.17568,30.36591],[114.1754,30.36495],[114.17524,30.3643],[114.17508,30.36369],[114.17451,30.36081],[114.17432,30.35979],[114.1743,30.35971],[114.17428,30.35961],[114.1739,30.35742],[114.17353,30.35557],[114.1735,30.35543],[114.17325,30.35438],[114.17252,30.35266],[114.17157,30.35116],[114.17133,30.35065]]}},{"type":"Feature","properties":{"id":"RD0582","name":"未命名道路","category":"road","roadType":"primary","ref":""},"geometry":{"type":"LineString","coordinates":[[114.12311,30.37374],[114.12454,30.37437],[114.1247,30.37444],[114.12477,30.37446],[114.12496,30.37457],[114.12529,30.37492],[114.1257,30.37548],[114.12632,30.37643],[114.12876,30.38023],[114.12884,30.38034],[114.12884,30.38036],[114.12935,30.38116],[114.13005,30.38218],[114.13031,30.38251],[114.13041,30.38263]]}},{"type":"Feature","properties":{"id":"RD0583","name":"4th Ring Road","category":"road","roadType":"motorway","ref":"S40"},"geometry":{"type":"LineString","coordinates":[[114.10909,30.58859],[114.1093,30.58763],[114.10937,30.58724],[114.10955,30.58674],[114.10976,30.58617],[114.11009,30.58545],[114.11039,30.58486],[114.11057,30.58455],[114.11096,30.58391],[114.11323,30.58042],[114.11391,30.57935],[114.11468,30.57816],[114.11605,30.57604],[114.11835,30.57316],[114.11974,30.57156]]}},{"type":"Feature","properties":{"id":"RD0584","name":"长丰大道","category":"road","roadType":"primary","ref":""},"geometry":{"type":"LineString","coordinates":[[114.17113,30.61477],[114.16858,30.61504],[114.16633,30.61532],[114.1653,30.61546],[114.1648,30.61548],[114.16446,30.61544],[114.16411,30.61534],[114.16375,30.61517],[114.16347,30.61496],[114.16323,30.61472],[114.16305,30.61449],[114.16251,30.61387],[114.16193,30.61312],[114.16183,30.61299],[114.16173,30.61285]]}},{"type":"Feature","properties":{"id":"RD0585","name":"未命名道路","category":"road","roadType":"primary","ref":""},"geometry":{"type":"LineString","coordinates":[[114.13208,30.47492],[114.13178,30.47481],[114.13058,30.47427],[114.12709,30.47257],[114.12531,30.47176],[114.12474,30.47149],[114.12455,30.47139],[114.12438,30.47132],[114.12339,30.47086],[114.11991,30.46927],[114.11946,30.46905],[114.1191,30.46887],[114.11901,30.46883],[114.11892,30.46879],[114.11875,30.4687]]}},{"type":"Feature","properties":{"id":"RD0586","name":"未命名道路","category":"road","roadType":"primary","ref":""},"geometry":{"type":"LineString","coordinates":[[114.21673,30.78069],[114.21632,30.78034],[114.21599,30.78013],[114.2158,30.78003],[114.21555,30.77991],[114.21445,30.77952],[114.21412,30.77941],[114.21372,30.77924],[114.21329,30.77902],[114.21288,30.77877],[114.21259,30.77858],[114.21209,30.77814],[114.20933,30.77532],[114.20916,30.77501],[114.20907,30.77464]]}},{"type":"Feature","properties":{"id":"RD0587","name":"未命名道路","category":"road","roadType":"motorway","ref":"S40"},"geometry":{"type":"LineString","coordinates":[[114.1198,30.57181],[114.11789,30.57398],[114.11606,30.57641],[114.11417,30.57925],[114.11347,30.5804],[114.11221,30.58234],[114.11111,30.58408],[114.11083,30.58461],[114.11058,30.58507],[114.11024,30.5857],[114.11001,30.58621],[114.10975,30.58678],[114.10951,30.58768],[114.10931,30.5886],[114.10924,30.58995]]}},{"type":"Feature","properties":{"id":"RD0588","name":"未命名道路","category":"road","roadType":"primary","ref":""},"geometry":{"type":"LineString","coordinates":[[114.0613,30.66921],[114.05775,30.66768],[114.0566,30.66718],[114.04878,30.66392],[114.04779,30.66345],[114.03995,30.66027],[114.03919,30.65981],[114.03455,30.65788],[114.03148,30.65661],[114.03134,30.65655],[114.0301,30.65602],[114.02733,30.65482],[114.02719,30.65476],[114.02354,30.65319],[114.0234,30.65313]]}},{"type":"Feature","properties":{"id":"RD0589","name":"团结大道","category":"road","roadType":"primary","ref":""},"geometry":{"type":"LineString","coordinates":[[114.32884,30.57593],[114.32803,30.57568],[114.32586,30.575],[114.32502,30.57471],[114.325,30.57471],[114.32373,30.57429],[114.32344,30.57423],[114.3233,30.57426],[114.3231,30.57436],[114.3223,30.57502],[114.32093,30.57615],[114.32087,30.57619],[114.32047,30.57649],[114.3202,30.57669],[114.32008,30.57678]]}},{"type":"Feature","properties":{"id":"RD0590","name":"雄楚大道","category":"road","roadType":"primary","ref":""},"geometry":{"type":"LineString","coordinates":[[114.41704,30.49782],[114.41679,30.49799],[114.41625,30.4983],[114.41569,30.49865],[114.41525,30.49879],[114.41494,30.49885],[114.41489,30.49886],[114.41426,30.49895],[114.41239,30.4991],[114.41137,30.49919],[114.40702,30.49958],[114.40695,30.49958],[114.40684,30.49959],[114.40679,30.4996],[114.40656,30.49963]]}},{"type":"Feature","properties":{"id":"RD0591","name":"武漢長江公鐵隧道","category":"road","roadType":"primary","ref":""},"geometry":{"type":"LineString","coordinates":[[114.29695,30.59812],[114.2978,30.59975],[114.29785,30.59981],[114.29789,30.59985],[114.29794,30.59989],[114.29799,30.59991],[114.29805,30.59994],[114.2981,30.59995],[114.29815,30.59996],[114.29822,30.59996],[114.29828,30.59996],[114.29833,30.59995],[114.29841,30.59994],[114.29849,30.59993],[114.29859,30.59991]]}},{"type":"Feature","properties":{"id":"RD0592","name":"未命名道路","category":"road","roadType":"primary","ref":""},"geometry":{"type":"LineString","coordinates":[[114.15319,30.36293],[114.15331,30.36286],[114.15356,30.36267],[114.15482,30.3618],[114.15508,30.36154],[114.15522,30.36124],[114.1553,30.36079],[114.15534,30.36008],[114.15541,30.35974],[114.15557,30.35938],[114.15574,30.35916],[114.15615,30.35883],[114.15689,30.35845],[114.15717,30.35829],[114.15762,30.35805]]}},{"type":"Feature","properties":{"id":"RD0593","name":"未命名道路","category":"road","roadType":"primary","ref":"S101"},"geometry":{"type":"LineString","coordinates":[[114.37002,30.33856],[114.36901,30.33849],[114.36876,30.33845],[114.3633,30.33804],[114.35906,30.33829],[114.35724,30.33837],[114.35693,30.33839],[114.35683,30.33839],[114.35653,30.33841],[114.355,30.3385],[114.35366,30.33864],[114.34999,30.34],[114.34842,30.34055],[114.34527,30.34084],[114.34475,30.34086]]}},{"type":"Feature","properties":{"id":"RD0594","name":"唐家墩路","category":"road","roadType":"primary","ref":""},"geometry":{"type":"LineString","coordinates":[[114.26582,30.61326],[114.26601,30.61392],[114.26639,30.61531],[114.26644,30.61556],[114.26651,30.61579],[114.2667,30.61658],[114.26676,30.61693],[114.26679,30.61707],[114.26685,30.61769],[114.26682,30.61809],[114.2667,30.61847],[114.2666,30.61874],[114.26631,30.61955],[114.26601,30.62026],[114.26584,30.62066]]}},{"type":"Feature","properties":{"id":"RD0595","name":"光谷珞喻路通道","category":"road","roadType":"trunk","ref":""},"geometry":{"type":"LineString","coordinates":[[114.39063,30.50965],[114.39139,30.5093],[114.39228,30.50896],[114.39277,30.50879],[114.39308,30.50868],[114.39326,30.50862],[114.39343,30.50857],[114.39358,30.50854],[114.39376,30.50851],[114.39391,30.5085],[114.39408,30.50849],[114.39424,30.50849],[114.39441,30.5085],[114.39468,30.50853],[114.39908,30.50914]]}},{"type":"Feature","properties":{"id":"RD0596","name":"光谷珞喻路通道","category":"road","roadType":"trunk","ref":""},"geometry":{"type":"LineString","coordinates":[[114.39906,30.50925],[114.39486,30.50863],[114.3945,30.5086],[114.39435,30.50859],[114.39419,30.50858],[114.39403,30.50859],[114.39386,30.5086],[114.39368,30.50862],[114.39348,30.50866],[114.39332,30.5087],[114.39311,30.50877],[114.39281,30.50888],[114.39233,30.50904],[114.39143,30.50937],[114.39068,30.50974]]}},{"type":"Feature","properties":{"id":"RD0597","name":"三环线","category":"road","roadType":"trunk","ref":""},"geometry":{"type":"LineString","coordinates":[[114.37454,30.69372],[114.37308,30.69449],[114.37176,30.69506],[114.3714,30.69517],[114.36999,30.69562],[114.36836,30.69601],[114.36695,30.69629],[114.36552,30.69646],[114.36356,30.69656],[114.36087,30.69656],[114.35785,30.69648],[114.35495,30.69639],[114.35361,30.69641],[114.35188,30.69627],[114.35005,30.69609]]}},{"type":"Feature","properties":{"id":"RD0598","name":"江北快速路","category":"road","roadType":"trunk","ref":""},"geometry":{"type":"LineString","coordinates":[[114.52465,30.69411],[114.52423,30.69428],[114.52123,30.69594],[114.52012,30.69655],[114.51996,30.69664],[114.51927,30.69693],[114.51795,30.69734],[114.51453,30.69812],[114.50646,30.69994],[114.50524,30.70017],[114.50406,30.70028],[114.50251,30.70024],[114.5013,30.70009],[114.50022,30.69982],[114.4994,30.69958]]}},{"type":"Feature","properties":{"id":"RD0599","name":"四环线","category":"road","roadType":"motorway","ref":"S40"},"geometry":{"type":"LineString","coordinates":[[114.20626,30.73431],[114.20696,30.73486],[114.20812,30.73572],[114.20915,30.73634],[114.21021,30.73696],[114.21141,30.73753],[114.21223,30.73793],[114.21337,30.73839],[114.21441,30.73871],[114.21542,30.73896],[114.21619,30.73911],[114.21681,30.7392],[114.2181,30.73935],[114.21959,30.73954],[114.22058,30.73968]]}},{"type":"Feature","properties":{"id":"RD0600","name":"未命名道路","category":"road","roadType":"trunk","ref":""},"geometry":{"type":"LineString","coordinates":[[114.24788,30.51478],[114.24772,30.51475],[114.24757,30.51475],[114.24739,30.51479],[114.24725,30.51487],[114.24712,30.515],[114.24705,30.51515],[114.24703,30.51531],[114.24706,30.51548],[114.24715,30.5156],[114.2473,30.51572],[114.24742,30.51578],[114.24754,30.51582],[114.24768,30.51582],[114.24783,30.51581]]}},{"type":"Feature","properties":{"id":"RD0601","name":"未命名道路","category":"road","roadType":"primary","ref":""},"geometry":{"type":"LineString","coordinates":[[114.11875,30.4687],[114.11705,30.46791],[114.11522,30.46702],[114.11506,30.46695],[114.11404,30.46645],[114.11382,30.46633],[114.11377,30.46631],[114.11038,30.46474],[114.11003,30.46458],[114.10995,30.46454],[114.10948,30.46432],[114.10903,30.4641],[114.1068,30.46304],[114.10591,30.46263],[114.10543,30.4624]]}},{"type":"Feature","properties":{"id":"RD0602","name":"三环线","category":"road","roadType":"trunk","ref":""},"geometry":{"type":"LineString","coordinates":[[114.22698,30.62886],[114.22658,30.62865],[114.22619,30.62846],[114.22575,30.6283],[114.22536,30.62819],[114.22502,30.62811],[114.22465,30.62807],[114.22427,30.62803],[114.22345,30.62799],[114.22199,30.62794],[114.22045,30.62787],[114.22015,30.62785],[114.21873,30.62779],[114.21737,30.62774],[114.21657,30.62771]]}},{"type":"Feature","properties":{"id":"RD0603","name":"柴泊大道","category":"road","roadType":"trunk","ref":""},"geometry":{"type":"LineString","coordinates":[[114.56425,30.69001],[114.56559,30.69032],[114.56716,30.69066],[114.56977,30.69126],[114.57071,30.69147],[114.57191,30.69174],[114.57217,30.69178],[114.57244,30.69183],[114.57269,30.69186],[114.57293,30.69188],[114.57299,30.69189],[114.57307,30.69189],[114.57318,30.6919],[114.57342,30.69191],[114.57347,30.69192]]}},{"type":"Feature","properties":{"id":"RD0604","name":"白沙洲高架","category":"road","roadType":"trunk","ref":""},"geometry":{"type":"LineString","coordinates":[[114.3076,30.52731],[114.30749,30.52723],[114.3074,30.52717],[114.30729,30.5271],[114.30709,30.52703],[114.30687,30.52698],[114.30662,30.52694],[114.3062,30.52691],[114.30585,30.52686],[114.3056,30.52682],[114.30545,30.52677],[114.30529,30.52672],[114.30518,30.52667],[114.3051,30.52662],[114.30503,30.52657]]}},{"type":"Feature","properties":{"id":"RD0605","name":"未命名道路","category":"road","roadType":"primary","ref":""},"geometry":{"type":"LineString","coordinates":[[114.08626,30.45574],[114.08622,30.45595],[114.08621,30.45618],[114.08624,30.45645],[114.08629,30.45664],[114.08636,30.45683],[114.0864,30.45693],[114.08646,30.45702],[114.08652,30.45713],[114.0866,30.45722],[114.08671,30.45731],[114.08683,30.45738],[114.08698,30.45744],[114.08715,30.45749],[114.09016,30.45792]]}},{"type":"Feature","properties":{"id":"RD0606","name":"硚口路","category":"road","roadType":"primary","ref":""},"geometry":{"type":"LineString","coordinates":[[114.24499,30.5695],[114.24512,30.56958],[114.24535,30.56991],[114.24558,30.57028],[114.24587,30.57083],[114.24593,30.57096],[114.24598,30.57113],[114.24608,30.57147],[114.24611,30.57173],[114.24613,30.57186],[114.24616,30.57209],[114.24616,30.57226],[114.24617,30.57237],[114.24608,30.57247]]}},{"type":"Feature","properties":{"id":"RD0607","name":"武汉绕城高速公路","category":"road","roadType":"motorway","ref":"G4;G4201"},"geometry":{"type":"LineString","coordinates":[[114.0418,30.54095],[114.04153,30.53811],[114.0414,30.53626],[114.04121,30.53508],[114.04112,30.53451],[114.04088,30.53316],[114.04046,30.5313],[114.0393,30.52677],[114.03808,30.52229],[114.03776,30.52068],[114.03755,30.51891],[114.03751,30.51525],[114.03813,30.51125],[114.03867,30.50935]]}},{"type":"Feature","properties":{"id":"RD0608","name":"武汉绕城高速","category":"road","roadType":"motorway","ref":"G50;G4201"},"geometry":{"type":"LineString","coordinates":[[114.56656,30.46144],[114.56339,30.46005],[114.55876,30.45798],[114.55257,30.45527],[114.54983,30.45418],[114.54692,30.45318],[114.54543,30.45271],[114.54245,30.45188],[114.52706,30.4482],[114.52421,30.44748],[114.51999,30.44618],[114.5186,30.44572],[114.51595,30.44473],[114.49133,30.43453]]}},{"type":"Feature","properties":{"id":"RD0609","name":"三环线","category":"road","roadType":"trunk","ref":""},"geometry":{"type":"LineString","coordinates":[[114.20203,30.51228],[114.20055,30.5132],[114.19844,30.5145],[114.19525,30.5165],[114.19173,30.51868],[114.18973,30.5199],[114.18832,30.52079],[114.18754,30.52128],[114.18394,30.52352],[114.1827,30.5243],[114.18257,30.52436],[114.18069,30.52553],[114.18045,30.52568],[114.17958,30.52621]]}},{"type":"Feature","properties":{"id":"RD0610","name":"江城大道","category":"road","roadType":"trunk","ref":""},"geometry":{"type":"LineString","coordinates":[[114.2137,30.52067],[114.21322,30.51996],[114.21278,30.51936],[114.21226,30.51862],[114.21186,30.51808],[114.21126,30.51727],[114.21032,30.51604],[114.20984,30.51544],[114.20982,30.51542],[114.20974,30.51533],[114.20846,30.51378],[114.20833,30.51363],[114.20797,30.51316],[114.20741,30.51246]]}},{"type":"Feature","properties":{"id":"RD0611","name":"琴台大道","category":"road","roadType":"primary","ref":"G107;G316"},"geometry":{"type":"LineString","coordinates":[[114.25636,30.55473],[114.25699,30.55483],[114.25892,30.55574],[114.25924,30.55587],[114.25938,30.55594],[114.25948,30.55603],[114.25958,30.55612],[114.25961,30.55615],[114.25973,30.55626],[114.25979,30.55632],[114.2599,30.55636],[114.25997,30.55637],[114.26008,30.55635],[114.26015,30.5563]]}},{"type":"Feature","properties":{"id":"RD0612","name":"江城大道","category":"road","roadType":"primary","ref":""},"geometry":{"type":"LineString","coordinates":[[114.18848,30.48893],[114.18846,30.4889],[114.18836,30.48875],[114.18833,30.48869],[114.18813,30.48835],[114.1879,30.48769],[114.18779,30.48731],[114.18709,30.48519],[114.18706,30.4851],[114.18704,30.48506],[114.18701,30.48494],[114.18579,30.48101],[114.1857,30.48074],[114.18567,30.48065]]}},{"type":"Feature","properties":{"id":"RD0613","name":"珞喻路","category":"road","roadType":"primary","ref":""},"geometry":{"type":"LineString","coordinates":[[114.34807,30.52866],[114.34818,30.52863],[114.34844,30.52856],[114.34883,30.52845],[114.34908,30.52838],[114.3494,30.52829],[114.34948,30.52827],[114.34952,30.52826],[114.34965,30.52823],[114.34987,30.5282],[114.35025,30.52817],[114.3505,30.52815],[114.35058,30.52814],[114.3508,30.5281]]}},{"type":"Feature","properties":{"id":"RD0614","name":"未命名道路","category":"road","roadType":"primary","ref":""},"geometry":{"type":"LineString","coordinates":[[114.41043,30.63128],[114.41203,30.631],[114.41436,30.63056],[114.416,30.63028],[114.41737,30.62995],[114.41944,30.62937],[114.42034,30.6291],[114.4205,30.62902],[114.42078,30.62888],[114.42318,30.62713],[114.4246,30.62609],[114.42486,30.6259],[114.43092,30.62148],[114.43117,30.62124]]}},{"type":"Feature","properties":{"id":"RD0615","name":"黄鹤楼南路","category":"road","roadType":"primary","ref":""},"geometry":{"type":"LineString","coordinates":[[114.29552,30.54706],[114.2961,30.54668],[114.29626,30.54656],[114.29639,30.5464],[114.29648,30.54625],[114.29652,30.54614],[114.29654,30.546],[114.29654,30.54578],[114.29648,30.54554],[114.29631,30.54473],[114.29617,30.5437],[114.29607,30.54294],[114.29608,30.54272],[114.29607,30.54235]]}},{"type":"Feature","properties":{"id":"RD0616","name":"武汉大道","category":"road","roadType":"trunk","ref":""},"geometry":{"type":"LineString","coordinates":[[114.28346,30.62676],[114.28381,30.6265],[114.28449,30.62604],[114.28509,30.62568],[114.28555,30.62539],[114.28705,30.62443],[114.28844,30.62354],[114.28895,30.62324],[114.28936,30.623],[114.2903,30.62251],[114.29112,30.62207],[114.29289,30.62118],[114.29422,30.62055],[114.29477,30.62029]]}},{"type":"Feature","properties":{"id":"RD0617","name":"武汉大道","category":"road","roadType":"trunk","ref":""},"geometry":{"type":"LineString","coordinates":[[114.29483,30.62038],[114.29383,30.62084],[114.29307,30.62119],[114.29196,30.62176],[114.29055,30.62249],[114.28958,30.623],[114.28863,30.62353],[114.28798,30.62396],[114.28679,30.62472],[114.28561,30.62548],[114.28544,30.6256],[114.28446,30.6262],[114.28378,30.62667],[114.28361,30.62684]]}},{"type":"Feature","properties":{"id":"RD0618","name":"高新四路","category":"road","roadType":"primary","ref":""},"geometry":{"type":"LineString","coordinates":[[114.43242,30.45399],[114.43308,30.45409],[114.43314,30.45411],[114.43319,30.45411],[114.43331,30.45413],[114.43382,30.45423],[114.43446,30.45434],[114.43475,30.4544],[114.43502,30.45445],[114.43633,30.4547],[114.43727,30.45486],[114.43729,30.45487],[114.43922,30.45524],[114.4395,30.45535]]}},{"type":"Feature","properties":{"id":"RD0619","name":"光谷二路","category":"road","roadType":"trunk","ref":""},"geometry":{"type":"LineString","coordinates":[[114.45398,30.44129],[114.45394,30.44084],[114.45389,30.43914],[114.45381,30.43754],[114.45356,30.43203],[114.45354,30.43195],[114.45351,30.43113],[114.45342,30.43019],[114.45304,30.42814],[114.45273,30.42646],[114.45254,30.42549],[114.45247,30.42504],[114.45237,30.42463],[114.45225,30.42387]]}},{"type":"Feature","properties":{"id":"RD0620","name":"珞喻东路","category":"road","roadType":"trunk","ref":"G316"},"geometry":{"type":"LineString","coordinates":[[114.44431,30.51251],[114.44346,30.51238],[114.44245,30.51221],[114.44197,30.51211],[114.44155,30.51198],[114.44115,30.51184],[114.44094,30.51177],[114.4404,30.5115],[114.4399,30.51125],[114.43892,30.51076],[114.43777,30.51016],[114.43681,30.50968],[114.43613,30.50935],[114.43598,30.50928]]}},{"type":"Feature","properties":{"id":"RD0621","name":"未命名道路","category":"road","roadType":"primary","ref":""},"geometry":{"type":"LineString","coordinates":[[114.26269,30.57057],[114.26248,30.56998],[114.26245,30.56981],[114.26235,30.56919],[114.26232,30.56877],[114.26231,30.56867],[114.26223,30.56783],[114.26215,30.56736],[114.26213,30.56725],[114.26206,30.56681],[114.26188,30.56615],[114.26188,30.56604],[114.26189,30.56597],[114.26189,30.5659]]}},{"type":"Feature","properties":{"id":"RD0622","name":"武汉绕城高速","category":"road","roadType":"motorway","ref":"G4;G50;G4201"},"geometry":{"type":"LineString","coordinates":[[114.22946,30.33309],[114.22753,30.33439],[114.22639,30.33515],[114.22527,30.33572],[114.22417,30.33629],[114.22298,30.33677],[114.22276,30.33685],[114.22108,30.33745],[114.21905,30.33806],[114.2138,30.33958],[114.21126,30.34032],[114.20914,30.34091],[114.20789,30.34115],[114.20637,30.34136]]}},{"type":"Feature","properties":{"id":"RD0623","name":"珞喻路","category":"road","roadType":"trunk","ref":""},"geometry":{"type":"LineString","coordinates":[[114.32906,30.53499],[114.32917,30.53495],[114.32952,30.53483],[114.33019,30.53458],[114.33077,30.53437],[114.33188,30.53399],[114.3335,30.53341],[114.33363,30.53336],[114.33387,30.53329],[114.33439,30.53312],[114.33542,30.53277],[114.33631,30.53248],[114.33655,30.53241],[114.33838,30.53177]]}},{"type":"Feature","properties":{"id":"RD0624","name":"民族大道","category":"road","roadType":"primary","ref":""},"geometry":{"type":"LineString","coordinates":[[114.39312,30.50537],[114.39312,30.50531],[114.39315,30.50525],[114.39317,30.50518],[114.39318,30.50512],[114.39299,30.50374],[114.3929,30.50268],[114.39286,30.50205],[114.3928,30.50147],[114.39273,30.50094],[114.3927,30.50077],[114.39266,30.50051],[114.39267,30.50035],[114.39267,30.50026]]}},{"type":"Feature","properties":{"id":"RD0625","name":"中山路","category":"road","roadType":"primary","ref":""},"geometry":{"type":"LineString","coordinates":[[114.30814,30.55685],[114.30717,30.55705],[114.30714,30.55705],[114.30688,30.55711],[114.3064,30.55719],[114.30526,30.55729],[114.30508,30.55731],[114.30416,30.55741],[114.30409,30.55742],[114.30325,30.55751],[114.3029,30.55755],[114.30112,30.55774],[114.30049,30.55782],[114.3001,30.55779]]}},{"type":"Feature","properties":{"id":"RD0626","name":"未命名道路","category":"road","roadType":"primary","ref":""},"geometry":{"type":"LineString","coordinates":[[114.49764,30.49142],[114.49784,30.49146],[114.49796,30.49156],[114.49807,30.49161],[114.49823,30.49162],[114.49842,30.49161],[114.49911,30.49159],[114.50019,30.49156],[114.50203,30.49151],[114.50233,30.49151],[114.50309,30.49148],[114.50493,30.49143],[114.50747,30.49136],[114.50756,30.49133]]}},{"type":"Feature","properties":{"id":"RD0627","name":"未命名道路","category":"road","roadType":"primary","ref":""},"geometry":{"type":"LineString","coordinates":[[114.50843,30.4913],[114.50857,30.49131],[114.5089,30.4913],[114.50954,30.49129],[114.51132,30.49124],[114.51176,30.49123],[114.51276,30.4912],[114.51335,30.49119],[114.5148,30.49115],[114.5149,30.49112],[114.51498,30.49105],[114.51502,30.49095],[114.51504,30.49064],[114.51522,30.49096]]}},{"type":"Feature","properties":{"id":"RD0628","name":"珞喻东路","category":"road","roadType":"trunk","ref":"G316"},"geometry":{"type":"LineString","coordinates":[[114.43604,30.50917],[114.4362,30.50925],[114.43784,30.51007],[114.43902,30.51068],[114.43997,30.51117],[114.44047,30.51142],[114.44099,30.51166],[114.4412,30.51174],[114.44158,30.51189],[114.442,30.51201],[114.44247,30.51211],[114.44349,30.51226],[114.44434,30.5124],[114.44445,30.51241]]}},{"type":"Feature","properties":{"id":"RD0629","name":"花山大道","category":"road","roadType":"primary","ref":""},"geometry":{"type":"LineString","coordinates":[[114.51737,30.55882],[114.51775,30.55898],[114.5192,30.55948],[114.52055,30.55988],[114.52158,30.56014],[114.52264,30.56035],[114.52326,30.56048],[114.52577,30.56091],[114.52784,30.56166],[114.5295,30.56238],[114.53095,30.56313],[114.53187,30.56386],[114.53232,30.56427],[114.53356,30.56545]]}},{"type":"Feature","properties":{"id":"RD0630","name":"花山大道","category":"road","roadType":"primary","ref":""},"geometry":{"type":"LineString","coordinates":[[114.49634,30.52489],[114.49628,30.52704],[114.49633,30.52837],[114.49655,30.53022],[114.49667,30.53082],[114.49692,30.53198],[114.49695,30.53215],[114.49732,30.53346],[114.49781,30.53477],[114.49866,30.5366],[114.49875,30.5368],[114.49884,30.53699],[114.49942,30.53821],[114.50015,30.53976]]}},{"type":"Feature","properties":{"id":"RD0631","name":"五环大道","category":"road","roadType":"primary","ref":""},"geometry":{"type":"LineString","coordinates":[[114.13391,30.66854],[114.13383,30.66765],[114.13311,30.66019],[114.1331,30.66007],[114.13254,30.65291],[114.13254,30.65284],[114.13252,30.65273],[114.13205,30.64805],[114.13186,30.64538],[114.13169,30.64401],[114.13154,30.64364],[114.1313,30.64126],[114.13095,30.63649],[114.13093,30.63628]]}},{"type":"Feature","properties":{"id":"RD0632","name":"机场二通道","category":"road","roadType":"motorway","ref":"S19"},"geometry":{"type":"LineString","coordinates":[[114.2483,30.64487],[114.24811,30.64514],[114.24803,30.64527],[114.2479,30.64545],[114.24765,30.64582],[114.24699,30.64678],[114.24641,30.64766],[114.24554,30.6489],[114.24502,30.64967],[114.24441,30.6505],[114.24385,30.65139],[114.24346,30.65196],[114.24314,30.65246],[114.24313,30.65247]]}},{"type":"Feature","properties":{"id":"RD0633","name":"发展大道","category":"road","roadType":"primary","ref":""},"geometry":{"type":"LineString","coordinates":[[114.31637,30.63754],[114.31597,30.63742],[114.31483,30.63703],[114.31398,30.63681],[114.31299,30.63654],[114.31234,30.63637],[114.31093,30.63602],[114.30871,30.63549],[114.30732,30.63502],[114.30647,30.63475],[114.30537,30.63417],[114.30417,30.63353],[114.30283,30.6328],[114.30261,30.63271]]}},{"type":"Feature","properties":{"id":"RD0634","name":"二七路","category":"road","roadType":"primary","ref":""},"geometry":{"type":"LineString","coordinates":[[114.3001,30.63161],[114.30098,30.6316],[114.30183,30.63151],[114.30234,30.63138],[114.30243,30.63136],[114.30402,30.63089],[114.30422,30.63083],[114.30708,30.63003],[114.30715,30.63],[114.30918,30.62943],[114.3108,30.62895],[114.31091,30.62893],[114.31368,30.62818],[114.31394,30.62808]]}},{"type":"Feature","properties":{"id":"RD0635","name":"二七路","category":"road","roadType":"primary","ref":""},"geometry":{"type":"LineString","coordinates":[[114.31402,30.62821],[114.31375,30.62828],[114.31091,30.62906],[114.3108,30.62909],[114.30717,30.63008],[114.3071,30.6301],[114.30426,30.6309],[114.30406,30.63096],[114.30244,30.63147],[114.30235,30.6315],[114.30182,30.63161],[114.30127,30.6317],[114.3006,30.63174],[114.2996,30.63177]]}},{"type":"Feature","properties":{"id":"RD0636","name":"二环线","category":"road","roadType":"trunk","ref":""},"geometry":{"type":"LineString","coordinates":[[114.3457,30.52359],[114.34568,30.5235],[114.34563,30.52331],[114.34548,30.52276],[114.34533,30.52206],[114.34521,30.52141],[114.34513,30.52085],[114.34502,30.52006],[114.34496,30.51941],[114.3449,30.51898],[114.34486,30.51855],[114.34484,30.51832],[114.34464,30.51615],[114.34451,30.51469]]}},{"type":"Feature","properties":{"id":"RD0637","name":"东湖隧道","category":"road","roadType":"trunk","ref":""},"geometry":{"type":"LineString","coordinates":[[114.37494,30.58538],[114.37456,30.58543],[114.37433,30.58546],[114.37405,30.58554],[114.37383,30.58562],[114.37367,30.58571],[114.37347,30.58583],[114.37326,30.586],[114.37311,30.58617],[114.373,30.58633],[114.3729,30.58653],[114.37267,30.58702],[114.37242,30.58759],[114.37207,30.58845]]}},{"type":"Feature","properties":{"id":"RD0638","name":"中一路","category":"road","roadType":"primary","ref":""},"geometry":{"type":"LineString","coordinates":[[114.27593,30.64074],[114.27597,30.64065],[114.27618,30.63958],[114.27655,30.6378],[114.27684,30.63639],[114.2771,30.6351],[114.27715,30.63496],[114.27718,30.63487],[114.27721,30.63476],[114.27729,30.63433],[114.27747,30.63337],[114.27766,30.63256],[114.27795,30.63109],[114.2783,30.6294]]}},{"type":"Feature","properties":{"id":"RD0639","name":"中法友誼大橋","category":"road","roadType":"primary","ref":""},"geometry":{"type":"LineString","coordinates":[[114.08537,30.6024],[114.0854,30.6014],[114.08544,30.60053],[114.0855,30.59958],[114.08559,30.59821],[114.08565,30.59721],[114.08571,30.59621],[114.08579,30.59489],[114.08587,30.59378],[114.08598,30.59187],[114.08606,30.59065],[114.08613,30.58947],[114.08624,30.58768],[114.08636,30.58633]]}},{"type":"Feature","properties":{"id":"RD0640","name":"汉施公路","category":"road","roadType":"primary","ref":"G347"},"geometry":{"type":"LineString","coordinates":[[114.4749,30.71118],[114.4758,30.71118],[114.4759,30.71119],[114.47697,30.71135],[114.47816,30.71169],[114.47902,30.71214],[114.47931,30.71229],[114.48002,30.71286],[114.48172,30.71422],[114.48387,30.71522],[114.48615,30.71562],[114.4985,30.71449],[114.50147,30.71412],[114.50282,30.71386]]}},{"type":"Feature","properties":{"id":"RD0641","name":"汉施公路","category":"road","roadType":"primary","ref":"G347"},"geometry":{"type":"LineString","coordinates":[[114.47491,30.71124],[114.47302,30.71143],[114.47149,30.71159],[114.46927,30.71182],[114.46754,30.712],[114.46465,30.7122],[114.46176,30.71223],[114.45992,30.71217],[114.45956,30.71214],[114.45954,30.71214],[114.45777,30.712],[114.44779,30.71091],[114.44748,30.71087],[114.43535,30.70948]]}},{"type":"Feature","properties":{"id":"RD0642","name":"知音湖大道","category":"road","roadType":"primary","ref":"S101"},"geometry":{"type":"LineString","coordinates":[[114.073,30.49699],[114.0732,30.49976],[114.07357,30.50222],[114.07358,30.50229],[114.07519,30.5087],[114.07531,30.50918],[114.07532,30.5093],[114.07541,30.50966],[114.07665,30.51474],[114.07667,30.51483],[114.07791,30.51967],[114.0792,30.5247],[114.07948,30.52582],[114.07965,30.52649]]}},{"type":"Feature","properties":{"id":"RD0643","name":"九康路","category":"road","roadType":"primary","ref":""},"geometry":{"type":"LineString","coordinates":[[114.04127,30.46263],[114.04099,30.46368],[114.04066,30.46468],[114.03952,30.4681],[114.03901,30.47307],[114.03853,30.47789],[114.03819,30.48189],[114.03805,30.48324],[114.03749,30.48892],[114.03735,30.49028],[114.03814,30.49634],[114.03812,30.49726],[114.03682,30.50367],[114.03675,30.50377]]}},{"type":"Feature","properties":{"id":"RD0644","name":"上汽通用大道","category":"road","roadType":"primary","ref":""},"geometry":{"type":"LineString","coordinates":[[114.19932,30.39673],[114.20037,30.40172],[114.20168,30.40997],[114.20194,30.41168],[114.20262,30.41411],[114.20302,30.41519],[114.2032,30.41567],[114.20352,30.4163],[114.20368,30.41661],[114.20408,30.41731],[114.20455,30.41806],[114.20518,30.41895],[114.20671,30.42087],[114.20829,30.42284]]}},{"type":"Feature","properties":{"id":"RD0645","name":"未命名道路","category":"road","roadType":"primary","ref":""},"geometry":{"type":"LineString","coordinates":[[114.36642,30.35328],[114.36646,30.35235],[114.36647,30.35221],[114.36647,30.35215],[114.36649,30.35191],[114.36651,30.35153],[114.36659,30.35029],[114.36659,30.35025],[114.36663,30.34989],[114.36681,30.34837],[114.36744,30.34516],[114.36747,30.34502],[114.36876,30.33845],[114.36877,30.33835]]}},{"type":"Feature","properties":{"id":"RD0646","name":"未命名道路","category":"road","roadType":"primary","ref":""},"geometry":{"type":"LineString","coordinates":[[114.11142,30.37308],[114.11177,30.37302],[114.11574,30.37234],[114.11667,30.37222],[114.11711,30.3722],[114.1177,30.3722],[114.11813,30.37222],[114.11884,30.37226],[114.11957,30.37237],[114.12017,30.3725],[114.12137,30.37283],[114.12244,30.37325],[114.12288,30.37345],[114.12311,30.37374]]}},{"type":"Feature","properties":{"id":"RD0647","name":"汉阳大道","category":"road","roadType":"primary","ref":""},"geometry":{"type":"LineString","coordinates":[[114.20196,30.56562],[114.20142,30.56586],[114.20062,30.56607],[114.20047,30.56611],[114.19818,30.56658],[114.19726,30.56677],[114.19679,30.56687],[114.19615,30.567],[114.19603,30.56702],[114.19415,30.56742],[114.19336,30.56759],[114.19155,30.56826],[114.19133,30.56834],[114.19118,30.5684]]}},{"type":"Feature","properties":{"id":"RD0648","name":"长丰大道","category":"road","roadType":"trunk","ref":""},"geometry":{"type":"LineString","coordinates":[[114.16778,30.61945],[114.16773,30.62048],[114.16765,30.62305],[114.16762,30.62483],[114.16759,30.62524],[114.16756,30.62553],[114.16745,30.62608],[114.16738,30.62639],[114.16727,30.62679],[114.1671,30.62731],[114.16686,30.62783],[114.16662,30.6283],[114.1664,30.62861],[114.16606,30.62907]]}},{"type":"Feature","properties":{"id":"RD0649","name":"国博大道","category":"road","roadType":"trunk","ref":""},"geometry":{"type":"LineString","coordinates":[[114.25696,30.54338],[114.25652,30.54309],[114.25615,30.54285],[114.25575,30.5425],[114.25539,30.54216],[114.25485,30.54155],[114.25422,30.54074],[114.25396,30.54038],[114.25377,30.54009],[114.25352,30.53967],[114.25302,30.53881],[114.25272,30.53825],[114.25229,30.53759],[114.25174,30.53667]]}},{"type":"Feature","properties":{"id":"RD0650","name":"友谊大道","category":"road","roadType":"primary","ref":""},"geometry":{"type":"LineString","coordinates":[[114.43143,30.62095],[114.43133,30.62096],[114.4306,30.62105],[114.42815,30.62123],[114.42734,30.6213],[114.42676,30.62134],[114.423,30.62157],[114.42127,30.62165],[114.42022,30.62166],[114.41682,30.62168],[114.41575,30.62169],[114.41554,30.62169],[114.41493,30.62169],[114.4139,30.62169]]}},{"type":"Feature","properties":{"id":"RD0651","name":"三环线","category":"road","roadType":"trunk","ref":""},"geometry":{"type":"LineString","coordinates":[[114.33058,30.68768],[114.32737,30.68624],[114.32519,30.68522],[114.32403,30.68462],[114.32308,30.68406],[114.3211,30.68261],[114.31899,30.68103],[114.31719,30.67967],[114.31608,30.67883],[114.31489,30.67789],[114.31373,30.67698],[114.31222,30.67585],[114.31099,30.67493],[114.31003,30.67417]]}},{"type":"Feature","properties":{"id":"RD0652","name":"雄楚大道高架","category":"road","roadType":"trunk","ref":""},"geometry":{"type":"LineString","coordinates":[[114.42306,30.49512],[114.4227,30.49524],[114.42218,30.49543],[114.42169,30.49561],[114.42064,30.49602],[114.4196,30.49643],[114.4192,30.49658],[114.4189,30.49672],[114.41844,30.49695],[114.41815,30.49711],[114.41786,30.49727],[114.41635,30.49817],[114.4158,30.49847],[114.41573,30.4985]]}},{"type":"Feature","properties":{"id":"RD0653","name":"上汽通用大道","category":"road","roadType":"primary","ref":""},"geometry":{"type":"LineString","coordinates":[[114.20815,30.42291],[114.20659,30.42093],[114.20507,30.41902],[114.20442,30.41814],[114.20396,30.41738],[114.20354,30.41669],[114.20338,30.41638],[114.20286,30.41529],[114.20259,30.41466],[114.20175,30.41179],[114.20143,30.41001],[114.20085,30.40675],[114.19999,30.40191],[114.19909,30.39678]]}},{"type":"Feature","properties":{"id":"RD0654","name":"未命名道路","category":"road","roadType":"primary","ref":""},"geometry":{"type":"LineString","coordinates":[[114.16303,30.50528],[114.16488,30.5075],[114.16495,30.50758],[114.16566,30.5084],[114.16631,30.50921],[114.16641,30.50933],[114.16779,30.51099],[114.16784,30.51105],[114.16965,30.51318],[114.17007,30.51364],[114.17045,30.51412],[114.17125,30.51508],[114.17277,30.51694],[114.17432,30.51883]]}},{"type":"Feature","properties":{"id":"RD0655","name":"未命名道路","category":"road","roadType":"primary","ref":""},"geometry":{"type":"LineString","coordinates":[[114.21444,30.77224],[114.21443,30.77244],[114.2144,30.7726],[114.21433,30.77281],[114.21422,30.77298],[114.21408,30.77314],[114.21391,30.77328],[114.21151,30.7751],[114.21131,30.77522],[114.21113,30.77533],[114.21094,30.7754],[114.2107,30.77544],[114.21051,30.77544],[114.21036,30.77543]]}},{"type":"Feature","properties":{"id":"RD0656","name":"珞喻东路","category":"road","roadType":"trunk","ref":"G316"},"geometry":{"type":"LineString","coordinates":[[114.40806,30.5097],[114.40839,30.50966],[114.40999,30.50951],[114.4112,30.50939],[114.413,30.50921],[114.41332,30.50918],[114.41342,30.50917],[114.41428,30.50909],[114.41473,30.50905],[114.41505,30.50895],[114.41625,30.50883],[114.41737,30.50875],[114.4177,30.50872],[114.41811,30.50868]]}},{"type":"Feature","properties":{"id":"RD0657","name":"4th Ring Road","category":"road","roadType":"motorway","ref":"S40"},"geometry":{"type":"LineString","coordinates":[[114.16956,30.44231],[114.16894,30.44248],[114.16775,30.44275],[114.16695,30.44292],[114.16627,30.44304],[114.16461,30.44326],[114.1633,30.44348],[114.1625,30.44367],[114.16166,30.44389],[114.16097,30.4441],[114.16045,30.44428],[114.15893,30.44484],[114.15831,30.44514],[114.15765,30.4455]]}},{"type":"Feature","properties":{"id":"RD0658","name":"未命名道路","category":"road","roadType":"primary","ref":""},"geometry":{"type":"LineString","coordinates":[[114.13065,30.41607],[114.13637,30.41679],[114.13694,30.41694],[114.13715,30.41699],[114.14292,30.41854],[114.14313,30.4186],[114.1437,30.41875],[114.14546,30.41921],[114.14628,30.41936],[114.14703,30.41943],[114.1481,30.41936],[114.14873,30.41922],[114.14935,30.41905],[114.14997,30.41885]]}},{"type":"Feature","properties":{"id":"RD0659","name":"花城大道","category":"road","roadType":"primary","ref":""},"geometry":{"type":"LineString","coordinates":[[114.49417,30.55923],[114.49349,30.55935],[114.49325,30.5594],[114.49253,30.55949],[114.49166,30.55955],[114.48754,30.55975],[114.4872,30.55975],[114.48711,30.55976],[114.48562,30.55985],[114.48539,30.55986],[114.48515,30.55986],[114.48486,30.55986],[114.48374,30.55992],[114.48189,30.56001]]}},{"type":"Feature","properties":{"id":"RD0660","name":"未命名道路","category":"road","roadType":"primary","ref":""},"geometry":{"type":"LineString","coordinates":[[114.02367,30.65285],[114.0238,30.65291],[114.03032,30.65563],[114.03169,30.65619],[114.03186,30.65626],[114.03945,30.65944],[114.0402,30.6599],[114.04522,30.66194],[114.04547,30.66204],[114.04802,30.66307],[114.04901,30.66354],[114.05682,30.6668],[114.05797,30.6673],[114.06165,30.66888]]}},{"type":"Feature","properties":{"id":"RD0661","name":"巨龙大道","category":"road","roadType":"primary","ref":""},"geometry":{"type":"LineString","coordinates":[[114.22657,30.73053],[114.22626,30.73084],[114.22598,30.73109],[114.22337,30.73354],[114.22299,30.73389],[114.2228,30.73406],[114.22274,30.73412],[114.22266,30.73418],[114.2226,30.73424],[114.22237,30.73445],[114.22027,30.73635],[114.2194,30.73711],[114.21894,30.73751],[114.21839,30.73804]]}},{"type":"Feature","properties":{"id":"RD0662","name":"武汉绕城高速","category":"road","roadType":"motorway","ref":"G4;G50;G4201"},"geometry":{"type":"LineString","coordinates":[[114.20618,30.34124],[114.20791,30.34102],[114.20932,30.34071],[114.21137,30.34015],[114.21678,30.33857],[114.22065,30.33741],[114.22156,30.33715],[114.22231,30.33686],[114.22326,30.33651],[114.22413,30.33612],[114.22574,30.3353],[114.2265,30.33488],[114.22724,30.33439],[114.23249,30.33086]]}},{"type":"Feature","properties":{"id":"RD0663","name":"4th Ring Road","category":"road","roadType":"motorway","ref":"S40"},"geometry":{"type":"LineString","coordinates":[[114.1327,30.4727],[114.13422,30.47042],[114.13482,30.46948],[114.13609,30.46745],[114.13898,30.46257],[114.14068,30.46034],[114.14219,30.45851],[114.14492,30.45572],[114.14878,30.45238],[114.15038,30.45102],[114.15434,30.44759],[114.15541,30.44672],[114.15661,30.44591],[114.15756,30.44534]]}},{"type":"Feature","properties":{"id":"RD0664","name":"四环线","category":"road","roadType":"motorway","ref":"S40"},"geometry":{"type":"LineString","coordinates":[[114.40787,30.3822],[114.41101,30.38312],[114.4125,30.38357],[114.41417,30.38403],[114.41496,30.38428],[114.41579,30.38455],[114.41627,30.38475],[114.41732,30.38524],[114.41793,30.38556],[114.41858,30.38596],[114.41957,30.38658],[114.42047,30.38731],[114.42122,30.38795],[114.42454,30.39082]]}},{"type":"Feature","properties":{"id":"RD0665","name":"汉蔡高速","category":"road","roadType":"motorway","ref":"S15"},"geometry":{"type":"LineString","coordinates":[[114.12328,30.56862],[114.1219,30.568],[114.12141,30.56776],[114.11855,30.56659],[114.11804,30.56641],[114.11611,30.5658],[114.11408,30.56523],[114.11204,30.56477],[114.10993,30.56436],[114.10779,30.56405],[114.10619,30.56388],[114.10464,30.56378],[114.10232,30.56373],[114.10186,30.56374]]}},{"type":"Feature","properties":{"id":"RD0666","name":"四环线","category":"road","roadType":"motorway","ref":"S40"},"geometry":{"type":"LineString","coordinates":[[114.22059,30.73984],[114.21881,30.73963],[114.21685,30.7394],[114.21612,30.7393],[114.21511,30.73911],[114.21408,30.73884],[114.21306,30.73851],[114.21206,30.73809],[114.21102,30.73761],[114.20994,30.73707],[114.20891,30.7365],[114.20784,30.73581],[114.20666,30.73493],[114.2061,30.73451]]}},{"type":"Feature","properties":{"id":"RD0667","name":"经开大道","category":"road","roadType":"primary","ref":""},"geometry":{"type":"LineString","coordinates":[[114.14449,30.39691],[114.14488,30.39741],[114.14501,30.39755],[114.1455,30.39804],[114.14587,30.39845],[114.1468,30.39954],[114.14699,30.39975],[114.14704,30.39981],[114.14775,30.40058],[114.14956,30.40255],[114.14963,30.40262],[114.14967,30.40267],[114.14976,30.40278],[114.15003,30.40309]]}},{"type":"Feature","properties":{"id":"RD0668","name":"珞狮南路高架","category":"road","roadType":"trunk","ref":""},"geometry":{"type":"LineString","coordinates":[[114.33363,30.48942],[114.33363,30.4896],[114.33363,30.49022],[114.33365,30.49051],[114.3337,30.49085],[114.3338,30.49128],[114.33398,30.49199],[114.33409,30.49241],[114.33419,30.49286],[114.33457,30.49424],[114.33475,30.49485],[114.33497,30.49539],[114.33574,30.49679],[114.33664,30.49843]]}},{"type":"Feature","properties":{"id":"RD0669","name":"珞狮南路高架","category":"road","roadType":"trunk","ref":""},"geometry":{"type":"LineString","coordinates":[[114.33655,30.49847],[114.33565,30.49682],[114.33489,30.49542],[114.33466,30.49488],[114.33446,30.49426],[114.3341,30.49288],[114.33397,30.49243],[114.33368,30.49127],[114.33362,30.49098],[114.33357,30.4907],[114.33352,30.4903],[114.33352,30.48999],[114.33351,30.48966],[114.33351,30.48938]]}},{"type":"Feature","properties":{"id":"RD0670","name":"武汉绕城高速公路","category":"road","roadType":"motorway","ref":"G70;G4201;S40"},"geometry":{"type":"LineString","coordinates":[[114.52391,30.5349],[114.52392,30.53483],[114.52431,30.53325],[114.52496,30.53122],[114.52553,30.52981],[114.52588,30.52907],[114.52649,30.52788],[114.52739,30.52636],[114.52797,30.52548],[114.52825,30.52508],[114.52943,30.52342],[114.53065,30.52169],[114.53154,30.5203],[114.5321,30.51934]]}},{"type":"Feature","properties":{"id":"RD0671","name":"武汉绕城高速","category":"road","roadType":"motorway","ref":"G4201"},"geometry":{"type":"LineString","coordinates":[[114.57987,30.65697],[114.57974,30.65659],[114.5796,30.65622],[114.57946,30.65585],[114.57932,30.65551],[114.57918,30.65517],[114.57884,30.65442],[114.57864,30.654],[114.57844,30.65359],[114.57828,30.65328],[114.57811,30.65298],[114.57793,30.65267],[114.57764,30.65218],[114.57748,30.65192]]}},{"type":"Feature","properties":{"id":"RD0672","name":"江北快速路","category":"road","roadType":"trunk","ref":""},"geometry":{"type":"LineString","coordinates":[[114.56425,30.69013],[114.56413,30.6901],[114.5619,30.68959],[114.5615,30.68951],[114.56084,30.68938],[114.56018,30.68927],[114.55996,30.68923],[114.55985,30.68922],[114.55952,30.68918],[114.55902,30.68912],[114.55878,30.6891],[114.5584,30.68907],[114.55799,30.68904],[114.55765,30.68902]]}},{"type":"Feature","properties":{"id":"RD0673","name":"未命名道路","category":"road","roadType":"primary","ref":""},"geometry":{"type":"LineString","coordinates":[[114.5287,30.49152],[114.52867,30.49142],[114.52858,30.49129],[114.52838,30.49124],[114.52812,30.49125],[114.52741,30.49127],[114.52596,30.4913],[114.52406,30.49134],[114.52301,30.49137],[114.5223,30.4914],[114.52214,30.49141],[114.52203,30.49148],[114.52191,30.49158],[114.52185,30.49169]]}},{"type":"Feature","properties":{"id":"RD0674","name":"高新四路","category":"road","roadType":"primary","ref":""},"geometry":{"type":"LineString","coordinates":[[114.46775,30.46022],[114.46795,30.46023],[114.46864,30.46025],[114.46911,30.46026],[114.46932,30.46026],[114.47037,30.46024],[114.47201,30.46016],[114.47308,30.46007],[114.47474,30.45988],[114.47517,30.45985],[114.47553,30.45982],[114.47554,30.45982],[114.4757,30.45981],[114.47591,30.45977]]}},{"type":"Feature","properties":{"id":"RD0675","name":"成功大道","category":"road","roadType":"primary","ref":""},"geometry":{"type":"LineString","coordinates":[[114.01446,30.57024],[114.0157,30.57006],[114.01666,30.5699],[114.01736,30.56979],[114.01884,30.56953],[114.01986,30.56936],[114.02024,30.56929],[114.02121,30.56913],[114.02247,30.5689],[114.02406,30.5686],[114.02483,30.5684],[114.02546,30.56818],[114.02639,30.56778],[114.02803,30.56719]]}},{"type":"Feature","properties":{"id":"RD0676","name":"沪渝高速","category":"road","roadType":"motorway","ref":"G50"},"geometry":{"type":"LineString","coordinates":[[114.05624,30.45584],[114.05567,30.45712],[114.05541,30.45764],[114.05529,30.45806],[114.05524,30.45839],[114.05521,30.45868],[114.05521,30.45896],[114.05515,30.45948],[114.0551,30.45973],[114.05502,30.45998],[114.05484,30.4603],[114.05463,30.46054],[114.05439,30.46072]]}},{"type":"Feature","properties":{"id":"RD0677","name":"珞狮路","category":"road","roadType":"primary","ref":""},"geometry":{"type":"LineString","coordinates":[[114.34453,30.51301],[114.34457,30.51336],[114.34467,30.51391],[114.34476,30.51469],[114.34491,30.51647],[114.34495,30.51697],[114.345,30.51763],[114.34511,30.51897],[114.34513,30.51923],[114.34518,30.5198],[114.3452,30.52],[114.34534,30.52099],[114.34556,30.52227]]}},{"type":"Feature","properties":{"id":"RD0678","name":"武汉绕城高速","category":"road","roadType":"motorway","ref":"G50;G4201"},"geometry":{"type":"LineString","coordinates":[[114.44374,30.40658],[114.44517,30.40772],[114.44616,30.40851],[114.44829,30.41015],[114.44883,30.41052],[114.44988,30.41127],[114.45225,30.41285],[114.45476,30.41442],[114.46031,30.41767],[114.46825,30.42245],[114.47699,30.42763],[114.47958,30.42905],[114.47998,30.42925]]}},{"type":"Feature","properties":{"id":"RD0679","name":"三环线","category":"road","roadType":"trunk","ref":""},"geometry":{"type":"LineString","coordinates":[[114.40454,30.64938],[114.40787,30.64536],[114.40927,30.64369],[114.41238,30.64],[114.41292,30.63934],[114.41376,30.63831],[114.41459,30.63714],[114.41499,30.63656],[114.4156,30.63545],[114.41621,30.6341],[114.4167,30.63281],[114.41777,30.6293],[114.41854,30.62684]]}},{"type":"Feature","properties":{"id":"RD0680","name":"武汉绕城高速公路","category":"road","roadType":"motorway","ref":"G4;G4201"},"geometry":{"type":"LineString","coordinates":[[114.03878,30.50937],[114.03827,30.51129],[114.03767,30.51524],[114.03769,30.51827],[114.03793,30.52043],[114.03851,30.52305],[114.03918,30.52563],[114.0406,30.53091],[114.04124,30.53424],[114.04161,30.53617],[114.04179,30.53827],[114.04183,30.5387],[114.04199,30.5406]]}},{"type":"Feature","properties":{"id":"RD0681","name":"武金堤","category":"road","roadType":"primary","ref":"S102"},"geometry":{"type":"LineString","coordinates":[[114.14277,30.36815],[114.14348,30.36898],[114.14603,30.37131],[114.14809,30.37314],[114.15021,30.3748],[114.1508,30.37529],[114.15216,30.37637],[114.15299,30.377],[114.15463,30.37819],[114.15674,30.37968],[114.15923,30.38151],[114.16087,30.38265],[114.16164,30.3832]]}},{"type":"Feature","properties":{"id":"RD0682","name":"青王公路","category":"road","roadType":"primary","ref":""},"geometry":{"type":"LineString","coordinates":[[114.46719,30.51934],[114.46725,30.51919],[114.46737,30.51864],[114.46741,30.51833],[114.46744,30.5179],[114.46742,30.51742],[114.46734,30.51693],[114.46713,30.51626],[114.46689,30.51537],[114.46659,30.51441],[114.46628,30.51346],[114.46593,30.51212],[114.46582,30.5118]]}},{"type":"Feature","properties":{"id":"RD0683","name":"青王公路","category":"road","roadType":"primary","ref":""},"geometry":{"type":"LineString","coordinates":[[114.46597,30.51178],[114.46607,30.5121],[114.4665,30.51347],[114.46678,30.5144],[114.46703,30.5152],[114.46729,30.51601],[114.46751,30.51677],[114.46757,30.51719],[114.46762,30.51773],[114.46761,30.51809],[114.46759,30.51855],[114.46744,30.51922],[114.46736,30.51938]]}},{"type":"Feature","properties":{"id":"RD0684","name":"武胜路高架桥","category":"road","roadType":"trunk","ref":""},"geometry":{"type":"LineString","coordinates":[[114.26353,30.57817],[114.26356,30.57805],[114.26358,30.57788],[114.26356,30.57771],[114.26352,30.57739],[114.26344,30.57687],[114.26335,30.57601],[114.26323,30.57508],[114.26308,30.57371],[114.26293,30.57237],[114.26279,30.57102],[114.26265,30.56962],[114.26248,30.56795]]}},{"type":"Feature","properties":{"id":"RD0685","name":"三环线","category":"road","roadType":"trunk","ref":""},"geometry":{"type":"LineString","coordinates":[[114.23565,30.63464],[114.23482,30.63403],[114.2331,30.63273],[114.23239,30.63219],[114.23189,30.6318],[114.23158,30.63156],[114.23078,30.631],[114.23044,30.6308],[114.22929,30.63016],[114.22923,30.63012],[114.22825,30.62957],[114.22763,30.6292],[114.22698,30.62886]]}},{"type":"Feature","properties":{"id":"RD0686","name":"沪蓉高速","category":"road","roadType":"motorway","ref":"G42"},"geometry":{"type":"LineString","coordinates":[[114.03213,30.68252],[114.03121,30.68227],[114.03046,30.68209],[114.02958,30.68191],[114.02881,30.68179],[114.02809,30.68172],[114.02723,30.68166],[114.02642,30.68165],[114.02573,30.68166],[114.02501,30.68172],[114.02418,30.68181],[114.02333,30.68194],[114.02246,30.68212]]}},{"type":"Feature","properties":{"id":"RD0687","name":"未命名道路","category":"road","roadType":"primary","ref":""},"geometry":{"type":"LineString","coordinates":[[114.34782,30.54829],[114.34782,30.54833],[114.34782,30.54853],[114.34788,30.54874],[114.3481,30.54931],[114.34822,30.54961],[114.3484,30.55],[114.34845,30.55016],[114.34855,30.55058],[114.34857,30.55076],[114.34859,30.55121],[114.34857,30.55139],[114.3486,30.55152]]}},{"type":"Feature","properties":{"id":"RD0688","name":"武英高速","category":"road","roadType":"motorway","ref":"G4221"},"geometry":{"type":"LineString","coordinates":[[114.38679,30.69079],[114.38849,30.69263],[114.39012,30.69449],[114.39154,30.69629],[114.39281,30.69813],[114.39384,30.69993],[114.3951,30.70232],[114.39587,30.7042],[114.39655,30.70596],[114.39727,30.70847],[114.39769,30.71034],[114.39801,30.71242],[114.39816,30.71386]]}},{"type":"Feature","properties":{"id":"RD0689","name":"武英高速","category":"road","roadType":"motorway","ref":"G4221"},"geometry":{"type":"LineString","coordinates":[[114.39799,30.71385],[114.39779,30.7121],[114.39747,30.7102],[114.39705,30.70822],[114.39632,30.70585],[114.39576,30.70424],[114.3949,30.7023],[114.39382,30.70024],[114.39276,30.69841],[114.39162,30.69677],[114.38996,30.69459],[114.38834,30.69274],[114.38662,30.69085]]}},{"type":"Feature","properties":{"id":"RD0690","name":"珞喻路","category":"road","roadType":"primary","ref":""},"geometry":{"type":"LineString","coordinates":[[114.36147,30.5229],[114.361,30.52323],[114.3603,30.52376],[114.36012,30.52391],[114.36005,30.52396],[114.35924,30.52459],[114.35891,30.52484],[114.35838,30.52523],[114.3583,30.52529],[114.35797,30.52551],[114.35788,30.52558],[114.35753,30.52585],[114.35668,30.52641]]}},{"type":"Feature","properties":{"id":"RD0691","name":"二环线","category":"road","roadType":"trunk","ref":""},"geometry":{"type":"LineString","coordinates":[[114.36909,30.59331],[114.36789,30.59553],[114.36764,30.59599],[114.36624,30.59868],[114.36621,30.59874],[114.36431,30.60235],[114.36351,30.60341],[114.36207,30.60504],[114.36097,30.60645],[114.36026,30.60764],[114.35821,30.61134],[114.35642,30.61422],[114.3558,30.61533]]}},{"type":"Feature","properties":{"id":"RD0692","name":"未命名道路","category":"road","roadType":"primary","ref":""},"geometry":{"type":"LineString","coordinates":[[114.4763,30.48981],[114.47692,30.48985],[114.47811,30.48994],[114.47949,30.4901],[114.48,30.49015],[114.48071,30.49026],[114.48189,30.49044],[114.48312,30.4907],[114.48426,30.49094],[114.48461,30.49101],[114.48517,30.49113],[114.48601,30.49127],[114.48672,30.4914]]}},{"type":"Feature","properties":{"id":"RD0693","name":"高新二路","category":"road","roadType":"primary","ref":""},"geometry":{"type":"LineString","coordinates":[[114.50794,30.47879],[114.5078,30.4788],[114.50772,30.4788],[114.50733,30.47879],[114.50584,30.47876],[114.50437,30.47877],[114.50281,30.47878],[114.50265,30.47878],[114.5016,30.47879],[114.50073,30.47877],[114.49951,30.47871],[114.49825,30.47857],[114.49764,30.47853]]}},{"type":"Feature","properties":{"id":"RD0694","name":"未命名道路","category":"road","roadType":"primary","ref":"S101"},"geometry":{"type":"LineString","coordinates":[[114.44367,30.40223],[114.44364,30.40218],[114.44336,30.40166],[114.44287,30.40109],[114.44179,30.39975],[114.44091,30.39875],[114.4393,30.39675],[114.43887,30.39622],[114.4381,30.39537],[114.43682,30.3943],[114.434,30.39313],[114.42778,30.39094],[114.42698,30.39065]]}},{"type":"Feature","properties":{"id":"RD0695","name":"高新六路","category":"road","roadType":"primary","ref":""},"geometry":{"type":"LineString","coordinates":[[114.42926,30.44063],[114.42914,30.4406],[114.42898,30.44054],[114.42857,30.44046],[114.4275,30.44022],[114.42534,30.43973],[114.42285,30.43919],[114.42259,30.43913],[114.42256,30.43913],[114.42071,30.43871],[114.41867,30.43828],[114.41776,30.43796],[114.41761,30.4379]]}},{"type":"Feature","properties":{"id":"RD0696","name":"珞喻东路","category":"road","roadType":"trunk","ref":"G316"},"geometry":{"type":"LineString","coordinates":[[114.45377,30.51282],[114.45275,30.5129],[114.4514,30.51303],[114.45095,30.51307],[114.45029,30.51312],[114.44971,30.51313],[114.44922,30.51314],[114.44855,30.51311],[114.4483,30.51308],[114.44767,30.51301],[114.44674,30.51288],[114.44655,30.51285],[114.44519,30.51264]]}},{"type":"Feature","properties":{"id":"RD0697","name":"大智路","category":"road","roadType":"primary","ref":""},"geometry":{"type":"LineString","coordinates":[[114.2888,30.59433],[114.2889,30.59418],[114.28894,30.59411],[114.28897,30.59402],[114.289,30.59394],[114.28907,30.5937],[114.28907,30.59367],[114.28916,30.59302],[114.28925,30.59218],[114.28926,30.59208],[114.28929,30.5914],[114.28933,30.59099],[114.28932,30.59092]]}},{"type":"Feature","properties":{"id":"RD0698","name":"沿江大道","category":"road","roadType":"primary","ref":""},"geometry":{"type":"LineString","coordinates":[[114.30831,30.60831],[114.30645,30.60541],[114.30591,30.60452],[114.30581,30.60435],[114.30476,30.60265],[114.30386,30.6012],[114.30301,30.59984],[114.30222,30.59857],[114.30213,30.59844],[114.30206,30.59835],[114.30198,30.59822],[114.30149,30.59744],[114.30095,30.59652]]}},{"type":"Feature","properties":{"id":"RD0699","name":"发展大道","category":"road","roadType":"primary","ref":""},"geometry":{"type":"LineString","coordinates":[[114.22823,30.60817],[114.22867,30.60828],[114.2288,30.60831],[114.22888,30.60833],[114.22971,30.60855],[114.23104,30.60891],[114.23211,30.60915],[114.23324,30.6094],[114.23409,30.60957],[114.23432,30.60961],[114.2351,30.60986],[114.23593,30.61021],[114.23683,30.61065]]}},{"type":"Feature","properties":{"id":"RD0700","name":"未命名道路","category":"road","roadType":"trunk","ref":"G318"},"geometry":{"type":"LineString","coordinates":[[114.03416,30.45275],[114.03733,30.45283],[114.03917,30.45288],[114.04191,30.45294],[114.04211,30.45294],[114.04579,30.45303],[114.04811,30.45308],[114.04955,30.45309],[114.05239,30.45317],[114.05357,30.45317],[114.05492,30.45328],[114.05692,30.4535],[114.05702,30.45351]]}},{"type":"Feature","properties":{"id":"RD0701","name":"珞瑜路","category":"road","roadType":"trunk","ref":""},"geometry":{"type":"LineString","coordinates":[[114.39083,30.50946],[114.3911,30.50933],[114.39141,30.50919],[114.39165,30.50909],[114.39181,30.50904],[114.39211,30.50894],[114.39242,30.50884],[114.3925,30.5088],[114.39255,30.50875],[114.3926,30.5087],[114.39263,30.50864],[114.39268,30.50857],[114.39271,30.50851]]}},{"type":"Feature","properties":{"id":"RD0702","name":"武珞路","category":"road","roadType":"trunk","ref":""},"geometry":{"type":"LineString","coordinates":[[114.3159,30.54141],[114.31624,30.54124],[114.31636,30.54118],[114.31703,30.54084],[114.31738,30.54067],[114.31851,30.54011],[114.31896,30.53988],[114.31941,30.53964],[114.32117,30.53877],[114.32183,30.53843],[114.32262,30.53803],[114.32539,30.53661],[114.32556,30.53653]]}},{"type":"Feature","properties":{"id":"RD0703","name":"中山路","category":"road","roadType":"primary","ref":""},"geometry":{"type":"LineString","coordinates":[[114.31203,30.55541],[114.31184,30.55542],[114.31164,30.55542],[114.31146,30.55539],[114.31124,30.55542],[114.31107,30.55551],[114.3108,30.55576],[114.31045,30.55598],[114.31038,30.55602],[114.30984,30.5563],[114.30918,30.55657],[114.30845,30.55678],[114.30814,30.55685]]}},{"type":"Feature","properties":{"id":"RD0704","name":"友谊南路","category":"road","roadType":"primary","ref":""},"geometry":{"type":"LineString","coordinates":[[114.27691,30.5714],[114.27671,30.57081],[114.27666,30.57067],[114.27654,30.57028],[114.27643,30.56989],[114.27634,30.5695],[114.2763,30.56926],[114.27628,30.56898],[114.27635,30.56866],[114.27644,30.56839],[114.27655,30.56816],[114.27672,30.56793],[114.2769,30.56777]]}},{"type":"Feature","properties":{"id":"RD0705","name":"团结大道","category":"road","roadType":"primary","ref":""},"geometry":{"type":"LineString","coordinates":[[114.41461,30.61245],[114.4156,30.61261],[114.41591,30.61266],[114.41623,30.61271],[114.41667,30.61278],[114.41676,30.61279],[114.41885,30.61313],[114.41899,30.61315],[114.41987,30.61328],[114.42012,30.6133],[114.42016,30.6133],[114.42063,30.61333],[114.42144,30.61336]]}},{"type":"Feature","properties":{"id":"RD0706","name":"花山大道","category":"road","roadType":"primary","ref":""},"geometry":{"type":"LineString","coordinates":[[114.49525,30.50283],[114.4952,30.50204],[114.4952,30.50159],[114.4953,30.50082],[114.49567,30.49976],[114.49718,30.49647],[114.49733,30.49587],[114.49741,30.49535],[114.49746,30.49466],[114.49747,30.49249],[114.49745,30.49189],[114.49744,30.49172],[114.49747,30.4915]]}},{"type":"Feature","properties":{"id":"RD0707","name":"南湖大道","category":"road","roadType":"primary","ref":""},"geometry":{"type":"LineString","coordinates":[[114.38338,30.48154],[114.38336,30.48154],[114.38059,30.48156],[114.37923,30.48159],[114.37816,30.48173],[114.375,30.48235],[114.37401,30.48261],[114.37322,30.48286],[114.37169,30.48343],[114.37159,30.48347],[114.37148,30.48351],[114.37136,30.48355],[114.37122,30.4836]]}},{"type":"Feature","properties":{"id":"RD0708","name":"花山大道","category":"road","roadType":"primary","ref":""},"geometry":{"type":"LineString","coordinates":[[114.51686,30.55881],[114.51603,30.55846],[114.51462,30.55782],[114.51416,30.55756],[114.51327,30.55704],[114.51211,30.55634],[114.51101,30.55555],[114.51062,30.55528],[114.50948,30.55437],[114.50924,30.55417],[114.50819,30.55321],[114.50712,30.55208],[114.50694,30.55187]]}},{"type":"Feature","properties":{"id":"RD0709","name":"花山大道","category":"road","roadType":"primary","ref":""},"geometry":{"type":"LineString","coordinates":[[114.50708,30.55177],[114.50729,30.55201],[114.50845,30.55319],[114.5094,30.55401],[114.50965,30.55422],[114.5108,30.55515],[114.51152,30.55566],[114.51227,30.55618],[114.51347,30.55695],[114.51475,30.55766],[114.51518,30.55786],[114.51609,30.5583],[114.51688,30.55862]]}},{"type":"Feature","properties":{"id":"RD0710","name":"花山大道","category":"road","roadType":"primary","ref":""},"geometry":{"type":"LineString","coordinates":[[114.49998,30.53984],[114.49867,30.53701],[114.49857,30.53679],[114.49845,30.53653],[114.49763,30.5348],[114.49719,30.53348],[114.49683,30.53217],[114.49678,30.532],[114.49651,30.53081],[114.49647,30.53064],[114.49637,30.52995],[114.49603,30.52685],[114.49594,30.5254]]}},{"type":"Feature","properties":{"id":"RD0711","name":"机场二通道","category":"road","roadType":"motorway","ref":"S19"},"geometry":{"type":"LineString","coordinates":[[114.19128,30.72093],[114.19097,30.72026],[114.19065,30.71953],[114.19036,30.71882],[114.18991,30.71779],[114.18962,30.71687],[114.18955,30.71657],[114.18931,30.71558],[114.18929,30.7145],[114.1893,30.71379],[114.18938,30.71253],[114.18949,30.71141],[114.18956,30.71084]]}},{"type":"Feature","properties":{"id":"RD0712","name":"机场二通道","category":"road","roadType":"motorway","ref":"S19"},"geometry":{"type":"LineString","coordinates":[[114.19148,30.72086],[114.19116,30.72019],[114.19085,30.71947],[114.19056,30.71875],[114.19011,30.71773],[114.18983,30.71683],[114.18975,30.71651],[114.18952,30.71556],[114.1895,30.7145],[114.18952,30.71379],[114.1896,30.71254],[114.1897,30.71142],[114.18972,30.71105]]}},{"type":"Feature","properties":{"id":"RD0713","name":"机场二通道","category":"road","roadType":"motorway","ref":"S19"},"geometry":{"type":"LineString","coordinates":[[114.26271,30.62597],[114.26273,30.62595],[114.26296,30.62561],[114.26321,30.62526],[114.26372,30.6245],[114.26422,30.62382],[114.26423,30.6238],[114.26447,30.62349],[114.26465,30.62323],[114.26483,30.62293],[114.26497,30.62261],[114.26509,30.62231],[114.26541,30.6215]]}},{"type":"Feature","properties":{"id":"RD0714","name":"古田桥","category":"road","roadType":"trunk","ref":""},"geometry":{"type":"LineString","coordinates":[[114.17654,30.57943],[114.17638,30.57996],[114.17631,30.58048],[114.17629,30.58105],[114.17631,30.58147],[114.17637,30.58182],[114.17645,30.58214],[114.17667,30.58274],[114.17688,30.58323],[114.17702,30.58344],[114.17737,30.58398],[114.18146,30.58906],[114.18213,30.58991]]}},{"type":"Feature","properties":{"id":"RD0715","name":"二环线","category":"road","roadType":"trunk","ref":""},"geometry":{"type":"LineString","coordinates":[[114.31936,30.63845],[114.32084,30.63895],[114.3215,30.63916],[114.3219,30.63925],[114.32224,30.6393],[114.323,30.63935],[114.32333,30.63935],[114.32363,30.63934],[114.32399,30.63931],[114.32428,30.63927],[114.32462,30.6392],[114.32499,30.63912],[114.32518,30.63907]]}},{"type":"Feature","properties":{"id":"RD0716","name":"白沙洲大道","category":"road","roadType":"trunk","ref":"G107"},"geometry":{"type":"LineString","coordinates":[[114.25585,30.434],[114.25596,30.43448],[114.256,30.43458],[114.25611,30.43535],[114.25619,30.43588],[114.25624,30.43624],[114.25626,30.43643],[114.25631,30.43753],[114.25629,30.43779],[114.25621,30.43866],[114.25613,30.43933],[114.2561,30.43951],[114.25602,30.44011]]}},{"type":"Feature","properties":{"id":"RD0717","name":"武鄂高速公路","category":"road","roadType":"motorway","ref":"S7"},"geometry":{"type":"LineString","coordinates":[[114.58827,30.54998],[114.58608,30.5498],[114.58455,30.54971],[114.58378,30.54969],[114.58303,30.5497],[114.58195,30.54974],[114.58076,30.54983],[114.57964,30.54995],[114.57854,30.55012],[114.57732,30.55035],[114.57616,30.55063],[114.57498,30.55096],[114.57454,30.5511]]}},{"type":"Feature","properties":{"id":"RD0718","name":"天鹅湖大道","category":"road","roadType":"primary","ref":""},"geometry":{"type":"LineString","coordinates":[[114.03067,30.5617],[114.02984,30.56093],[114.0291,30.56046],[114.02482,30.55623],[114.02421,30.5556],[114.02328,30.55424],[114.02028,30.547],[114.0196,30.54538],[114.01831,30.54242],[114.01654,30.53942],[114.01563,30.53766],[114.01422,30.53445],[114.01348,30.5327]]}},{"type":"Feature","properties":{"id":"RD0719","name":"知音湖大道","category":"road","roadType":"primary","ref":""},"geometry":{"type":"LineString","coordinates":[[114.07284,30.49654],[114.07288,30.49469],[114.07291,30.49404],[114.07306,30.49228],[114.07362,30.48884],[114.07364,30.48872],[114.07402,30.48659],[114.07406,30.4864],[114.07428,30.48524],[114.07493,30.48179],[114.07555,30.47852],[114.07572,30.47721],[114.07617,30.47514]]}},{"type":"Feature","properties":{"id":"RD0720","name":"知音湖大道","category":"road","roadType":"primary","ref":""},"geometry":{"type":"LineString","coordinates":[[114.07626,30.47515],[114.07585,30.47723],[114.07562,30.47857],[114.07505,30.48175],[114.07504,30.48185],[114.07503,30.48191],[114.0744,30.48526],[114.07415,30.48661],[114.07381,30.48876],[114.07377,30.48887],[114.07318,30.4924],[114.07302,30.49436],[114.073,30.49655]]}},{"type":"Feature","properties":{"id":"RD0721","name":"全力三路","category":"road","roadType":"primary","ref":""},"geometry":{"type":"LineString","coordinates":[[114.07888,30.46041],[114.07887,30.46048],[114.07885,30.4606],[114.07885,30.46062],[114.07884,30.46066],[114.07883,30.46074],[114.07881,30.46089],[114.07804,30.46551],[114.07794,30.46595],[114.07791,30.46606],[114.07784,30.46667],[114.07761,30.4679],[114.0775,30.46852]]}},{"type":"Feature","properties":{"id":"RD0722","name":"青菱大道","category":"road","roadType":"primary","ref":""},"geometry":{"type":"LineString","coordinates":[[114.24543,30.46846],[114.24519,30.46824],[114.2414,30.46324],[114.23989,30.46132],[114.23895,30.46012],[114.23861,30.45969],[114.2377,30.45846],[114.23767,30.45843],[114.2372,30.4578],[114.2366,30.45698],[114.23646,30.4568],[114.235,30.4549],[114.23487,30.45476]]}},{"type":"Feature","properties":{"id":"RD0723","name":"长丰大道","category":"road","roadType":"trunk","ref":""},"geometry":{"type":"LineString","coordinates":[[114.22407,30.60864],[114.22301,30.60871],[114.22246,30.60874],[114.22173,30.60877],[114.22134,30.60879],[114.22034,30.60884],[114.21978,30.60888],[114.21917,30.60892],[114.21869,30.60898],[114.21836,30.60902],[114.21796,30.60907],[114.21761,30.60912],[114.21723,30.60917]]}},{"type":"Feature","properties":{"id":"RD0724","name":"长丰大道","category":"road","roadType":"trunk","ref":""},"geometry":{"type":"LineString","coordinates":[[114.21733,30.60887],[114.21759,30.60883],[114.21805,30.60875],[114.21876,30.60865],[114.21896,30.60862],[114.21936,30.60859],[114.22005,30.60853],[114.22055,30.6085],[114.22116,30.60847],[114.22172,30.60845],[114.22216,30.60844],[114.2234,30.60839],[114.22415,30.60838]]}},{"type":"Feature","properties":{"id":"RD0725","name":"国博大道","category":"road","roadType":"trunk","ref":""},"geometry":{"type":"LineString","coordinates":[[114.25174,30.53667],[114.25056,30.53504],[114.25017,30.53462],[114.24941,30.53376],[114.24938,30.53372],[114.2477,30.53185],[114.24664,30.53072],[114.24596,30.53],[114.24566,30.52968],[114.24517,30.52914],[114.2443,30.52819],[114.24321,30.5269],[114.24253,30.52607]]}},{"type":"Feature","properties":{"id":"RD0726","name":"沿河大道","category":"road","roadType":"primary","ref":""},"geometry":{"type":"LineString","coordinates":[[114.27878,30.56936],[114.27855,30.56936],[114.27829,30.5693],[114.278,30.56918],[114.27764,30.56895],[114.27745,30.56878],[114.2773,30.56855],[114.27716,30.56827],[114.2771,30.56813],[114.27712,30.56791],[114.27711,30.56784],[114.27707,30.56748],[114.27699,30.56676]]}},{"type":"Feature","properties":{"id":"RD0727","name":"未命名道路","category":"road","roadType":"primary","ref":""},"geometry":{"type":"LineString","coordinates":[[114.4312,30.62145],[114.42494,30.626],[114.42469,30.62618],[114.42082,30.62899],[114.42062,30.62913],[114.42057,30.62916],[114.42044,30.62921],[114.41952,30.62948],[114.4174,30.63003],[114.41602,30.63036],[114.41438,30.63064],[114.41205,30.63108],[114.41044,30.63136]]}},{"type":"Feature","properties":{"id":"RD0728","name":"三环线","category":"road","roadType":"trunk","ref":""},"geometry":{"type":"LineString","coordinates":[[114.34998,30.69581],[114.35193,30.69606],[114.35383,30.6962],[114.35632,30.69624],[114.36228,30.69643],[114.36468,30.69636],[114.36616,30.69622],[114.36655,30.69616],[114.36775,30.69597],[114.36965,30.69553],[114.37135,30.69496],[114.3736,30.694],[114.3744,30.69356]]}},{"type":"Feature","properties":{"id":"RD0729","name":"未命名道路","category":"road","roadType":"primary","ref":""},"geometry":{"type":"LineString","coordinates":[[114.13039,30.47387],[114.13225,30.47466],[114.13653,30.47669],[114.13941,30.4783],[114.14159,30.48002],[114.14324,30.48148],[114.14351,30.48173],[114.14356,30.48181],[114.14358,30.48182],[114.14729,30.48633],[114.14738,30.48643],[114.14746,30.48653],[114.15014,30.48972]]}},{"type":"Feature","properties":{"id":"RD0730","name":"未命名道路","category":"road","roadType":"primary","ref":""},"geometry":{"type":"LineString","coordinates":[[114.20907,30.77464],[114.20905,30.77441],[114.20903,30.77413],[114.20908,30.7737],[114.20918,30.77321],[114.20927,30.77275],[114.20928,30.77242],[114.20927,30.77205],[114.20918,30.77169],[114.20904,30.77132],[114.2088,30.77095],[114.20857,30.77068],[114.2084,30.77039]]}},{"type":"Feature","properties":{"id":"RD0731","name":"未命名道路","category":"road","roadType":"primary","ref":""},"geometry":{"type":"LineString","coordinates":[[114.20902,30.77011],[114.20934,30.77029],[114.20962,30.77048],[114.20995,30.77067],[114.21031,30.77083],[114.21073,30.77095],[114.21103,30.771],[114.21152,30.77103],[114.21209,30.77102],[114.21269,30.77099],[114.21308,30.77099],[114.21341,30.77102],[114.21371,30.77109]]}},{"type":"Feature","properties":{"id":"RD0732","name":"青年路","category":"road","roadType":"primary","ref":""},"geometry":{"type":"LineString","coordinates":[[114.2575,30.6047],[114.25747,30.60478],[114.25737,30.60493],[114.2572,30.60523],[114.25698,30.60557],[114.25685,30.60576],[114.25637,30.60647],[114.25575,30.6074],[114.25432,30.60965],[114.25427,30.60974],[114.25404,30.61012],[114.25398,30.61027],[114.25385,30.61065]]}},{"type":"Feature","properties":{"id":"RD0733","name":"高新二路","category":"road","roadType":"primary","ref":""},"geometry":{"type":"LineString","coordinates":[[114.56136,30.47843],[114.56179,30.47843],[114.56445,30.47842],[114.56636,30.47841],[114.5666,30.47841],[114.57129,30.47838],[114.58027,30.47835],[114.58055,30.47835],[114.58145,30.47835],[114.58314,30.47832],[114.58582,30.4783],[114.5886,30.47828],[114.59107,30.47826]]}},{"type":"Feature","properties":{"id":"RD0734","name":"4th Ring Road","category":"road","roadType":"motorway","ref":"S40"},"geometry":{"type":"LineString","coordinates":[[114.15765,30.4455],[114.15674,30.44602],[114.15548,30.44688],[114.15438,30.44776],[114.1502,30.4514],[114.14887,30.45255],[114.14505,30.45588],[114.14237,30.45862],[114.14084,30.46044],[114.13922,30.4626],[114.13625,30.46748],[114.13481,30.46984],[114.13289,30.47278]]}},{"type":"Feature","properties":{"id":"RD0735","name":"未命名道路","category":"road","roadType":"trunk","ref":""},"geometry":{"type":"LineString","coordinates":[[114.24331,30.61417],[114.24319,30.61415],[114.2431,30.61415],[114.24299,30.61416],[114.2429,30.61419],[114.24279,30.61425],[114.24271,30.61432],[114.24266,30.61439],[114.24261,30.61447],[114.24259,30.61457],[114.2426,30.6147],[114.24263,30.6148],[114.2427,30.61489]]}},{"type":"Feature","properties":{"id":"RD0736","name":"未命名道路","category":"road","roadType":"primary","ref":""},"geometry":{"type":"LineString","coordinates":[[114.21116,30.74337],[114.21088,30.74347],[114.21042,30.74362],[114.21024,30.74363],[114.21002,30.7436],[114.20983,30.74353],[114.2096,30.74339],[114.20937,30.74313],[114.20912,30.74289],[114.20879,30.74274],[114.20836,30.74269],[114.20785,30.74271],[114.2064,30.7428]]}},{"type":"Feature","properties":{"id":"RD0737","name":"武漢長江公鐵隧道","category":"road","roadType":"primary","ref":""},"geometry":{"type":"LineString","coordinates":[[114.33352,30.58845],[114.33252,30.58754],[114.33247,30.5875],[114.33241,30.58747],[114.33234,30.58744],[114.33225,30.58743],[114.33214,30.58743],[114.33205,30.58744],[114.33198,30.58745],[114.33192,30.58746],[114.33188,30.58748],[114.33183,30.58749],[114.33177,30.58751]]}},{"type":"Feature","properties":{"id":"RD0738","name":"武鄂高速公路","category":"road","roadType":"motorway","ref":"S7"},"geometry":{"type":"LineString","coordinates":[[114.5745,30.55101],[114.57494,30.55087],[114.57613,30.55054],[114.5773,30.55026],[114.57851,30.55003],[114.57962,30.54985],[114.58075,30.54973],[114.58196,30.54963],[114.58302,30.54961],[114.58378,30.54959],[114.58456,30.54961],[114.58609,30.5497],[114.58833,30.54988]]}},{"type":"Feature","properties":{"id":"RD0739","name":"未命名道路","category":"road","roadType":"motorway","ref":"S13"},"geometry":{"type":"LineString","coordinates":[[114.15133,30.4181],[114.15093,30.41717],[114.14995,30.41523],[114.14905,30.41331],[114.14813,30.41141],[114.14691,30.40921],[114.14566,30.40715],[114.14503,30.4062],[114.14436,30.40532],[114.14359,30.40427],[114.14276,30.40325],[114.1417,30.40196],[114.13933,30.39929]]}},{"type":"Feature","properties":{"id":"RD0740","name":"杨泗港快速通道","category":"road","roadType":"trunk","ref":""},"geometry":{"type":"LineString","coordinates":[[114.23453,30.52288],[114.23379,30.52325],[114.23259,30.52384],[114.23097,30.52465],[114.22327,30.52845],[114.22077,30.52975],[114.22027,30.53],[114.22002,30.53012],[114.21967,30.53029],[114.21656,30.53178],[114.21481,30.53272],[114.21248,30.53384],[114.2084,30.53581]]}},{"type":"Feature","properties":{"id":"RD0741","name":"未命名道路","category":"road","roadType":"motorway","ref":""},"geometry":{"type":"LineString","coordinates":[[114.41225,30.38334],[114.41293,30.38343],[114.41367,30.38361],[114.41436,30.38371],[114.41478,30.38368],[114.41508,30.38355],[114.41522,30.38344],[114.41532,30.38333],[114.41538,30.38317],[114.41539,30.38297],[114.41538,30.38262],[114.41514,30.38201],[114.41465,30.38106]]}},{"type":"Feature","properties":{"id":"RD0742","name":"友谊大道","category":"road","roadType":"primary","ref":""},"geometry":{"type":"LineString","coordinates":[[114.31908,30.57584],[114.31859,30.57553],[114.31813,30.57508],[114.31781,30.57477],[114.31774,30.57471],[114.31727,30.57418],[114.31687,30.57373],[114.31652,30.57334],[114.31594,30.57269],[114.31518,30.57181],[114.31481,30.57142],[114.31459,30.57106],[114.31443,30.57068]]}},{"type":"Feature","properties":{"id":"RD0743","name":"中华大道","category":"road","roadType":"primary","ref":""},"geometry":{"type":"LineString","coordinates":[[114.48234,30.42376],[114.48257,30.42339],[114.4832,30.42219],[114.4835,30.42106],[114.48364,30.42019],[114.48366,30.41984],[114.48368,30.41951],[114.48366,30.41885],[114.4836,30.41837],[114.4831,30.41497],[114.48281,30.41326],[114.48239,30.4117],[114.48226,30.41141]]}},{"type":"Feature","properties":{"id":"RD0744","name":"高新四路","category":"road","roadType":"primary","ref":""},"geometry":{"type":"LineString","coordinates":[[114.4395,30.45535],[114.43921,30.45535],[114.43724,30.45501],[114.43622,30.4548],[114.435,30.45455],[114.43471,30.45449],[114.43445,30.45444],[114.43378,30.45432],[114.43377,30.45432],[114.43327,30.45425],[114.43315,30.45424],[114.43312,30.45423],[114.43304,30.45421]]}},{"type":"Feature","properties":{"id":"RD0745","name":"江北快速路","category":"road","roadType":"trunk","ref":""},"geometry":{"type":"LineString","coordinates":[[114.36595,30.67583],[114.36463,30.67521],[114.36306,30.67431],[114.36144,30.6733],[114.35937,30.67195],[114.35893,30.67167],[114.35771,30.67096],[114.35658,30.67038],[114.35374,30.66909],[114.35286,30.66867],[114.3526,30.6685],[114.35234,30.66833],[114.35198,30.66804]]}},{"type":"Feature","properties":{"id":"RD0746","name":"未命名道路","category":"road","roadType":"primary","ref":""},"geometry":{"type":"LineString","coordinates":[[114.26433,30.46513],[114.26433,30.46487],[114.26432,30.46468],[114.26429,30.46336],[114.26428,30.4625],[114.26428,30.46241],[114.26417,30.46165],[114.26406,30.46099],[114.26393,30.46038],[114.26365,30.45938],[114.26354,30.45907],[114.26351,30.45898],[114.26339,30.45864]]}},{"type":"Feature","properties":{"id":"RD0747","name":"沪渝高速","category":"road","roadType":"motorway","ref":"G50;G70"},"geometry":{"type":"LineString","coordinates":[[114.57242,30.45933],[114.57591,30.45782],[114.58326,30.4547],[114.58605,30.45339],[114.58705,30.45289],[114.58897,30.45186],[114.59083,30.45076],[114.59491,30.44827],[114.5976,30.44674],[114.60117,30.445],[114.605,30.44343],[114.60889,30.44202],[114.61257,30.44097]]}},{"type":"Feature","properties":{"id":"RD0748","name":"欢乐大道","category":"road","roadType":"primary","ref":""},"geometry":{"type":"LineString","coordinates":[[114.37341,30.59075],[114.37415,30.59111],[114.37505,30.59147],[114.37539,30.59165],[114.37594,30.59197],[114.37679,30.59238],[114.37809,30.59299],[114.37927,30.59355],[114.38102,30.59438],[114.38188,30.59479],[114.38291,30.59536],[114.38435,30.59604],[114.38462,30.59615]]}},{"type":"Feature","properties":{"id":"RD0749","name":"四环线","category":"road","roadType":"motorway","ref":"S40"},"geometry":{"type":"LineString","coordinates":[[114.52047,30.59551],[114.52035,30.59591],[114.52019,30.59635],[114.52003,30.59675],[114.51974,30.59738],[114.51938,30.59803],[114.51915,30.59841],[114.51892,30.59871],[114.51866,30.59904],[114.51839,30.59937],[114.5181,30.59969],[114.51771,30.60006],[114.51723,30.60049]]}},{"type":"Feature","properties":{"id":"RD0750","name":"星光大道","category":"road","roadType":"primary","ref":""},"geometry":{"type":"LineString","coordinates":[[114.30161,30.40465],[114.3026,30.40458],[114.30475,30.40426],[114.30604,30.40381],[114.30656,30.40361],[114.30721,30.40334],[114.30834,30.40295],[114.30887,30.40283],[114.30945,30.40279],[114.31035,30.40277],[114.31123,30.40276],[114.31403,30.40279],[114.31421,30.40279]]}},{"type":"Feature","properties":{"id":"RD0751","name":"星光大道","category":"road","roadType":"primary","ref":""},"geometry":{"type":"LineString","coordinates":[[114.31418,30.40291],[114.31398,30.4029],[114.31108,30.40286],[114.3103,30.40288],[114.30954,30.40294],[114.30887,30.40306],[114.30787,30.40323],[114.30664,30.40372],[114.30609,30.40393],[114.30603,30.40395],[114.30478,30.40436],[114.30261,30.40468],[114.30163,30.40474]]}},{"type":"Feature","properties":{"id":"RD0752","name":"武汉绕城高速","category":"road","roadType":"motorway","ref":"G4201"},"geometry":{"type":"LineString","coordinates":[[114.57759,30.65188],[114.57775,30.65213],[114.57805,30.65263],[114.57822,30.65293],[114.57839,30.65324],[114.57855,30.65355],[114.57876,30.65396],[114.57896,30.65438],[114.57929,30.65514],[114.57944,30.65547],[114.57958,30.65582],[114.57972,30.65619],[114.57986,30.65656]]}},{"type":"Feature","properties":{"id":"RD0753","name":"欢乐大道","category":"road","roadType":"primary","ref":""},"geometry":{"type":"LineString","coordinates":[[114.38508,30.59633],[114.38551,30.59651],[114.38599,30.59674],[114.38633,30.5969],[114.38717,30.5973],[114.38726,30.59734],[114.38752,30.59747],[114.38901,30.59813],[114.39021,30.59861],[114.39123,30.59899],[114.39199,30.59922],[114.39361,30.59972],[114.39393,30.59981]]}},{"type":"Feature","properties":{"id":"RD0754","name":"未命名道路","category":"road","roadType":"primary","ref":""},"geometry":{"type":"LineString","coordinates":[[114.51522,30.49096],[114.51531,30.49104],[114.51541,30.49109],[114.51552,30.49113],[114.51568,30.49113],[114.5158,30.49113],[114.51687,30.4911],[114.51949,30.49104],[114.52148,30.49099],[114.52159,30.49094],[114.52165,30.49087],[114.52172,30.49071],[114.52174,30.49042]]}},{"type":"Feature","properties":{"id":"RD0755","name":"中山路","category":"road","roadType":"primary","ref":""},"geometry":{"type":"LineString","coordinates":[[114.30875,30.52875],[114.3089,30.5289],[114.30892,30.52897],[114.30894,30.52905],[114.30895,30.52914],[114.30897,30.52923],[114.30911,30.52986],[114.30921,30.53025],[114.30927,30.53046],[114.30934,30.53066],[114.30937,30.53077],[114.30945,30.53093],[114.30954,30.53113]]}},{"type":"Feature","properties":{"id":"RD0756","name":"关豹高速","category":"road","roadType":"motorway","ref":"S8"},"geometry":{"type":"LineString","coordinates":[[114.57385,30.45891],[114.57164,30.45988],[114.56734,30.46145],[114.56397,30.46239],[114.56076,30.46313],[114.55749,30.4639],[114.55573,30.46435],[114.55381,30.46486],[114.55221,30.46533],[114.55025,30.4659],[114.54812,30.4666],[114.54759,30.46678]]}},{"type":"Feature","properties":{"id":"RD0757","name":"民族大道","category":"road","roadType":"primary","ref":""},"geometry":{"type":"LineString","coordinates":[[114.39316,30.50769],[114.39324,30.50762],[114.39328,30.50757],[114.39332,30.5075],[114.39334,30.50742],[114.39335,30.50735],[114.39334,30.50727],[114.39334,30.50722],[114.39333,30.50718],[114.39313,30.50552],[114.39311,30.50545],[114.39312,30.50537]]}},{"type":"Feature","properties":{"id":"RD0758","name":"琴台大道","category":"road","roadType":"primary","ref":"G107;G316"},"geometry":{"type":"LineString","coordinates":[[114.26023,30.55658],[114.2601,30.55653],[114.25997,30.55649],[114.25983,30.55647],[114.25957,30.55646],[114.25953,30.55646],[114.25948,30.55645],[114.2594,30.55643],[114.25929,30.55638],[114.25921,30.55634],[114.25685,30.55495],[114.25635,30.5548]]}},{"type":"Feature","properties":{"id":"RD0759","name":"青王公路","category":"road","roadType":"primary","ref":""},"geometry":{"type":"LineString","coordinates":[[114.46097,30.52841],[114.46202,30.52607],[114.4624,30.52522],[114.46269,30.52482],[114.46302,30.5244],[114.46347,30.52397],[114.46395,30.52356],[114.46489,30.52272],[114.46531,30.52232],[114.46568,30.52188],[114.46687,30.52006],[114.46719,30.51934]]}},{"type":"Feature","properties":{"id":"RD0760","name":"高新大道","category":"road","roadType":"primary","ref":""},"geometry":{"type":"LineString","coordinates":[[114.42908,30.49276],[114.42961,30.49262],[114.43039,30.49245],[114.4305,30.49243],[114.43101,30.49232],[114.43108,30.4923],[114.43171,30.49217],[114.43208,30.49209],[114.43379,30.49186],[114.43385,30.49185],[114.43397,30.49183],[114.43438,30.49174]]}},{"type":"Feature","properties":{"id":"RD0761","name":"沪渝高速","category":"road","roadType":"motorway","ref":"G50"},"geometry":{"type":"LineString","coordinates":[[113.99386,30.46214],[113.9949,30.46222],[113.99613,30.46225],[113.99716,30.46224],[113.99843,30.46215],[113.99967,30.46199],[114.0007,30.46179],[114.0025,30.46134],[114.00475,30.46065],[114.00691,30.46013],[114.00805,30.45989],[114.01041,30.45962]]}},{"type":"Feature","properties":{"id":"RD0762","name":"沪渝高速","category":"road","roadType":"motorway","ref":"G50"},"geometry":{"type":"LineString","coordinates":[[114.04736,30.46014],[114.05007,30.46058],[114.05061,30.46063],[114.05121,30.46064],[114.05185,30.46057],[114.05237,30.46045],[114.05275,30.46029],[114.05317,30.46008],[114.05344,30.45986],[114.05384,30.4595],[114.05411,30.45918],[114.05517,30.45761]]}},{"type":"Feature","properties":{"id":"RD0763","name":"江城大道","category":"road","roadType":"primary","ref":""},"geometry":{"type":"LineString","coordinates":[[114.18579,30.48063],[114.18581,30.48071],[114.1859,30.48098],[114.18713,30.4849],[114.18717,30.48502],[114.18719,30.48507],[114.18755,30.48616],[114.18795,30.48748],[114.18811,30.488],[114.18828,30.4884],[114.18841,30.48864],[114.18856,30.48887]]}},{"type":"Feature","properties":{"id":"RD0764","name":"江城大道","category":"road","roadType":"trunk","ref":""},"geometry":{"type":"LineString","coordinates":[[114.20763,30.51232],[114.20834,30.51321],[114.20872,30.51371],[114.20891,30.51396],[114.21009,30.51542],[114.21159,30.51729],[114.21216,30.51804],[114.21275,30.51881],[114.21304,30.51924],[114.21347,30.51988],[114.21365,30.52014],[114.21389,30.52056]]}},{"type":"Feature","properties":{"id":"RD0765","name":"三环线","category":"road","roadType":"trunk","ref":""},"geometry":{"type":"LineString","coordinates":[[114.15459,30.61586],[114.15422,30.61438],[114.15413,30.61324],[114.1542,30.61234],[114.15434,30.61146],[114.15469,30.61033],[114.15517,30.60932],[114.15526,30.60913],[114.15601,30.60808],[114.15619,30.60784],[114.15688,30.60711],[114.15749,30.60658]]}},{"type":"Feature","properties":{"id":"RD0766","name":"未命名道路","category":"road","roadType":"primary","ref":""},"geometry":{"type":"LineString","coordinates":[[114.36903,30.33839],[114.36901,30.33849],[114.36761,30.34504],[114.36759,30.34517],[114.3669,30.34838],[114.3667,30.35016],[114.36669,30.35025],[114.36659,30.35172],[114.36658,30.35191],[114.36657,30.35216],[114.36655,30.35236],[114.36649,30.35328]]}},{"type":"Feature","properties":{"id":"RD0767","name":"武汉绕城高速公路","category":"road","roadType":"motorway","ref":"G4;G4201"},"geometry":{"type":"LineString","coordinates":[[114.04826,30.64418],[114.0483,30.64406],[114.04846,30.64361],[114.04867,30.64292],[114.04891,30.64189],[114.04918,30.64057],[114.04923,30.64026],[114.04938,30.63915],[114.04942,30.63856],[114.04945,30.63811],[114.04949,30.63776],[114.0495,30.63674]]}},{"type":"Feature","properties":{"id":"RD0768","name":"武汉绕城高速","category":"road","roadType":"motorway","ref":"G42;G4201"},"geometry":{"type":"LineString","coordinates":[[114.10397,30.70223],[114.10439,30.70234],[114.11013,30.70379],[114.11238,30.70437],[114.11468,30.70502],[114.11648,30.7056],[114.11907,30.70644],[114.12222,30.70763],[114.12367,30.70821],[114.12504,30.70876],[114.12654,30.70938],[114.12777,30.70992]]}},{"type":"Feature","properties":{"id":"RD0769","name":"京港澳高速公路","category":"road","roadType":"motorway","ref":"G4"},"geometry":{"type":"LineString","coordinates":[[114.24192,30.3178],[114.24152,30.31968],[114.24133,30.32038],[114.2412,30.32076],[114.24084,30.32186],[114.24024,30.32319],[114.23971,30.32413],[114.23907,30.32512],[114.23815,30.32631],[114.23663,30.32788],[114.2356,30.32883],[114.23445,30.32972]]}},{"type":"Feature","properties":{"id":"RD0770","name":"二环线","category":"road","roadType":"trunk","ref":""},"geometry":{"type":"LineString","coordinates":[[114.34868,30.53106],[114.34884,30.53149],[114.34915,30.53231],[114.34939,30.53294],[114.34961,30.53356],[114.34966,30.5337],[114.35027,30.53513],[114.35081,30.53657],[114.35096,30.53695],[114.351,30.53719],[114.351,30.5375],[114.35098,30.53778]]}},{"type":"Feature","properties":{"id":"RD0771","name":"珞喻路","category":"road","roadType":"trunk","ref":""},"geometry":{"type":"LineString","coordinates":[[114.33845,30.53194],[114.33707,30.53239],[114.33636,30.53262],[114.33548,30.53291],[114.33437,30.53328],[114.33398,30.53342],[114.3337,30.53352],[114.3335,30.53359],[114.33297,30.53376],[114.33221,30.53404],[114.33128,30.53436],[114.33097,30.53447]]}},{"type":"Feature","properties":{"id":"RD0772","name":"珞喻东路","category":"road","roadType":"trunk","ref":"G316"},"geometry":{"type":"LineString","coordinates":[[114.42618,30.50817],[114.42595,30.50826],[114.42593,30.50826],[114.42577,30.50828],[114.42347,30.50847],[114.4229,30.50851],[114.42207,30.50858],[114.42166,30.50867],[114.41995,30.50881],[114.41881,30.50891],[114.4185,30.50894],[114.41844,30.50894]]}},{"type":"Feature","properties":{"id":"RD0773","name":"高新二路","category":"road","roadType":"primary","ref":""},"geometry":{"type":"LineString","coordinates":[[114.52874,30.47867],[114.5287,30.47867],[114.52859,30.47867],[114.5282,30.47867],[114.52638,30.47867],[114.52554,30.47867],[114.52493,30.47867],[114.52365,30.47868],[114.52236,30.47868],[114.52189,30.47868],[114.52179,30.47868],[114.52168,30.47868]]}},{"type":"Feature","properties":{"id":"RD0774","name":"高新二路","category":"road","roadType":"primary","ref":""},"geometry":{"type":"LineString","coordinates":[[114.52168,30.47868],[114.52155,30.47869],[114.52025,30.47868],[114.51949,30.47869],[114.51877,30.47869],[114.51778,30.4787],[114.51715,30.4787],[114.51655,30.4787],[114.5152,30.47872],[114.51514,30.47872],[114.51497,30.47872],[114.51482,30.47872]]}},{"type":"Feature","properties":{"id":"RD0775","name":"关山大道","category":"road","roadType":"primary","ref":""},"geometry":{"type":"LineString","coordinates":[[114.40425,30.48155],[114.40416,30.48127],[114.40411,30.48084],[114.40408,30.48064],[114.40405,30.48037],[114.40395,30.4797],[114.40391,30.47932],[114.40383,30.4786],[114.40377,30.47802],[114.40371,30.47764],[114.40364,30.47705],[114.4036,30.4767]]}},{"type":"Feature","properties":{"id":"RD0776","name":"光谷二路","category":"road","roadType":"trunk","ref":""},"geometry":{"type":"LineString","coordinates":[[114.45429,30.44604],[114.45422,30.4465],[114.45407,30.44738],[114.45388,30.44807],[114.45365,30.44866],[114.45328,30.44943],[114.45293,30.45012],[114.45247,30.45111],[114.45096,30.45394],[114.44963,30.45654],[114.44933,30.45715],[114.44928,30.45725]]}},{"type":"Feature","properties":{"id":"RD0777","name":"三环线","category":"road","roadType":"trunk","ref":""},"geometry":{"type":"LineString","coordinates":[[114.42467,30.6069],[114.42483,30.60638],[114.42579,30.6034],[114.42648,30.60115],[114.42668,30.60038],[114.42701,30.59863],[114.42714,30.59745],[114.42722,30.59627],[114.42732,30.59444],[114.42742,30.59353],[114.42751,30.59221],[114.42757,30.59153]]}},{"type":"Feature","properties":{"id":"RD0778","name":"三环线","category":"road","roadType":"trunk","ref":""},"geometry":{"type":"LineString","coordinates":[[114.42771,30.59155],[114.42763,30.59259],[114.42753,30.59391],[114.42748,30.59489],[114.42735,30.59628],[114.42715,30.59866],[114.42693,30.59987],[114.42683,30.60037],[114.42666,30.60102],[114.4264,30.60187],[114.42536,30.60529],[114.42485,30.60694]]}},{"type":"Feature","properties":{"id":"RD0779","name":"友谊路","category":"road","roadType":"primary","ref":""},"geometry":{"type":"LineString","coordinates":[[114.27125,30.5857],[114.27133,30.5854],[114.27142,30.5851],[114.27165,30.58437],[114.27177,30.58401],[114.27183,30.58382],[114.27189,30.58367],[114.27195,30.58355],[114.27201,30.58341],[114.27209,30.58327],[114.27218,30.5831],[114.27226,30.58295]]}},{"type":"Feature","properties":{"id":"RD0780","name":"沿江大道","category":"road","roadType":"primary","ref":""},"geometry":{"type":"LineString","coordinates":[[114.30977,30.61146],[114.30979,30.61137],[114.30985,30.61124],[114.30987,30.61116],[114.3099,30.61105],[114.30988,30.61089],[114.30982,30.61071],[114.30974,30.61055],[114.30933,30.60991],[114.30916,30.60964],[114.30836,30.6084],[114.30831,30.60831]]}},{"type":"Feature","properties":{"id":"RD0781","name":"三阳路","category":"road","roadType":"primary","ref":""},"geometry":{"type":"LineString","coordinates":[[114.30213,30.59844],[114.30199,30.5985],[114.30061,30.59911],[114.30017,30.59932],[114.29818,30.6002],[114.29602,30.60113],[114.29587,30.6012],[114.2946,30.60175],[114.29397,30.60208],[114.29394,30.60209],[114.29376,30.60218],[114.29363,30.60224]]}},{"type":"Feature","properties":{"id":"RD0782","name":"三阳路","category":"road","roadType":"primary","ref":""},"geometry":{"type":"LineString","coordinates":[[114.29345,30.60209],[114.29364,30.60202],[114.29386,30.60195],[114.29436,30.60174],[114.29488,30.6015],[114.29581,30.60111],[114.29597,30.60103],[114.29812,30.60009],[114.30012,30.59923],[114.30193,30.59842],[114.30197,30.59839],[114.30206,30.59835]]}},{"type":"Feature","properties":{"id":"RD0783","name":"解放大道","category":"road","roadType":"primary","ref":""},"geometry":{"type":"LineString","coordinates":[[114.27125,30.5857],[114.27082,30.58557],[114.26983,30.58529],[114.26845,30.58487],[114.26735,30.58456],[114.26699,30.58446],[114.26374,30.58351],[114.26239,30.5831],[114.2618,30.58293],[114.26172,30.58292],[114.26165,30.58291],[114.26158,30.58291]]}},{"type":"Feature","properties":{"id":"RD0784","name":"青年路立交","category":"road","roadType":"primary","ref":""},"geometry":{"type":"LineString","coordinates":[[114.25811,30.59912],[114.2581,30.59871],[114.2581,30.59834],[114.25806,30.59797],[114.25801,30.59748],[114.25795,30.59704],[114.25781,30.59628],[114.25771,30.59578],[114.25763,30.59521],[114.25755,30.59474],[114.25752,30.59452],[114.25752,30.59429]]}},{"type":"Feature","properties":{"id":"RD0785","name":"滨江大道","category":"road","roadType":"primary","ref":""},"geometry":{"type":"LineString","coordinates":[[114.27898,30.55866],[114.27898,30.55865],[114.27892,30.55793],[114.27886,30.55776],[114.27872,30.5575],[114.27862,30.55738],[114.27677,30.555],[114.27631,30.55409],[114.27586,30.553],[114.2752,30.55176],[114.2749,30.55119],[114.27482,30.55101]]}},{"type":"Feature","properties":{"id":"RD0786","name":"欢乐大道","category":"road","roadType":"primary","ref":""},"geometry":{"type":"LineString","coordinates":[[114.39655,30.60048],[114.39724,30.60061],[114.39868,30.60088],[114.40089,30.60117],[114.40232,30.60128],[114.4024,30.60129],[114.40354,30.60134],[114.40566,30.6014],[114.41244,30.60144],[114.41273,30.60144],[114.41284,30.60144],[114.4131,30.60144]]}},{"type":"Feature","properties":{"id":"RD0787","name":"白沙洲大道","category":"road","roadType":"trunk","ref":"G107"},"geometry":{"type":"LineString","coordinates":[[114.2646,30.46936],[114.26457,30.46964],[114.26457,30.46992],[114.26458,30.47093],[114.26459,30.47145],[114.26458,30.47247],[114.2646,30.47301],[114.26472,30.47346],[114.26481,30.4737],[114.26502,30.47413],[114.26543,30.47473],[114.26557,30.47491]]}},{"type":"Feature","properties":{"id":"RD0788","name":"友谊大道","category":"road","roadType":"primary","ref":""},"geometry":{"type":"LineString","coordinates":[[114.31174,30.56791],[114.31197,30.56811],[114.31218,30.56832],[114.31266,30.56878],[114.31327,30.56935],[114.31433,30.57037],[114.31497,30.57102],[114.31526,30.57132],[114.31658,30.57279],[114.31684,30.5731],[114.31695,30.57323],[114.31771,30.57401]]}},{"type":"Feature","properties":{"id":"RD0789","name":"团结大道","category":"road","roadType":"primary","ref":""},"geometry":{"type":"LineString","coordinates":[[114.42144,30.61336],[114.42154,30.61336],[114.42258,30.61339],[114.42411,30.61344],[114.42587,30.61349],[114.42678,30.61353],[114.42729,30.61355],[114.42821,30.61357],[114.42887,30.61359],[114.43077,30.61366],[114.43108,30.61366],[114.4312,30.61367]]}},{"type":"Feature","properties":{"id":"RD0790","name":"花山大道","category":"road","roadType":"primary","ref":""},"geometry":{"type":"LineString","coordinates":[[114.49768,30.49188],[114.49781,30.49249],[114.49783,30.4947],[114.49781,30.49534],[114.49768,30.49589],[114.49743,30.49652],[114.49593,30.49979],[114.49565,30.50084],[114.49555,30.50154],[114.49555,30.50188],[114.49558,30.50233],[114.49562,30.50283]]}},{"type":"Feature","properties":{"id":"RD0791","name":"光谷大道","category":"road","roadType":"primary","ref":""},"geometry":{"type":"LineString","coordinates":[[114.4146,30.47615],[114.41461,30.47588],[114.41456,30.47482],[114.41455,30.4737],[114.41458,30.47274],[114.41457,30.47248],[114.41458,30.4724],[114.4146,30.4722],[114.41461,30.47194],[114.4146,30.47153],[114.41462,30.47059],[114.4146,30.47024]]}},{"type":"Feature","properties":{"id":"RD0792","name":"机场二通道","category":"road","roadType":"motorway","ref":"S19"},"geometry":{"type":"LineString","coordinates":[[114.19607,30.73634],[114.19619,30.73566],[114.19628,30.73493],[114.19635,30.73412],[114.19634,30.73349],[114.19629,30.73249],[114.1962,30.73163],[114.19606,30.73083],[114.19591,30.73008],[114.19566,30.72916],[114.19537,30.72823],[114.19527,30.72795]]}},{"type":"Feature","properties":{"id":"RD0793","name":"未命名道路","category":"road","roadType":"primary","ref":""},"geometry":{"type":"LineString","coordinates":[[114.26053,30.62804],[114.26056,30.628],[114.26077,30.62784],[114.26108,30.62757],[114.26114,30.62749],[114.26151,30.62708],[114.26169,30.62678],[114.26194,30.62649],[114.26239,30.62596],[114.26248,30.62586],[114.26253,30.62577],[114.26273,30.62552]]}},{"type":"Feature","properties":{"id":"RD0794","name":"中一路","category":"road","roadType":"primary","ref":""},"geometry":{"type":"LineString","coordinates":[[114.2773,30.63479],[114.27728,30.63491],[114.27726,30.635],[114.27723,30.63516],[114.27705,30.63597],[114.2767,30.63769],[114.27665,30.63795],[114.27663,30.63804],[114.27643,30.63901],[114.27612,30.64048],[114.27609,30.64068],[114.27606,30.64078]]}},{"type":"Feature","properties":{"id":"RD0795","name":"武汉绕城高速","category":"road","roadType":"motorway","ref":"G42;G4201"},"geometry":{"type":"LineString","coordinates":[[114.12768,30.71002],[114.12645,30.70945],[114.12363,30.70829],[114.12161,30.7075],[114.11944,30.70671],[114.11694,30.70587],[114.11475,30.70515],[114.11237,30.70447],[114.10974,30.70379],[114.10809,30.70337],[114.10606,30.70285],[114.10387,30.70232]]}},{"type":"Feature","properties":{"id":"RD0796","name":"古田桥","category":"road","roadType":"trunk","ref":""},"geometry":{"type":"LineString","coordinates":[[114.18201,30.58996],[114.18129,30.58911],[114.17726,30.58403],[114.17682,30.58339],[114.17667,30.58307],[114.17652,30.58274],[114.17634,30.58221],[114.17621,30.5817],[114.17616,30.58104],[114.17619,30.58038],[114.17627,30.57992],[114.17642,30.5794]]}},{"type":"Feature","properties":{"id":"RD0797","name":"三环线","category":"road","roadType":"trunk","ref":""},"geometry":{"type":"LineString","coordinates":[[114.17522,30.52889],[114.17246,30.53066],[114.17183,30.5312],[114.17112,30.53189],[114.17058,30.53258],[114.17001,30.53362],[114.16925,30.53567],[114.16853,30.53789],[114.1674,30.5413],[114.16523,30.54754],[114.16426,30.55042],[114.16303,30.55384]]}},{"type":"Feature","properties":{"id":"RD0798","name":"二环线","category":"road","roadType":"trunk","ref":""},"geometry":{"type":"LineString","coordinates":[[114.3318,30.63499],[114.32996,30.6363],[114.32814,30.63762],[114.32778,30.63789],[114.32695,30.63847],[114.32654,30.63872],[114.32629,30.63885],[114.32599,30.63898],[114.3257,30.6391],[114.32545,30.63919],[114.32521,30.63927],[114.32494,30.63934]]}},{"type":"Feature","properties":{"id":"RD0799","name":"未命名道路","category":"road","roadType":"primary","ref":""},"geometry":{"type":"LineString","coordinates":[[114.23683,30.61065],[114.23731,30.61086],[114.23733,30.61086],[114.23739,30.6109],[114.23919,30.61182],[114.24071,30.61257],[114.24168,30.61306],[114.24378,30.61415],[114.24393,30.61417],[114.24401,30.61416],[114.24417,30.61412],[114.24427,30.61399]]}},{"type":"Feature","properties":{"id":"RD0800","name":"东湖隧道","category":"road","roadType":"trunk","ref":""},"geometry":{"type":"LineString","coordinates":[[114.37197,30.5865],[114.37203,30.58632],[114.37211,30.58616],[114.37228,30.58595],[114.37248,30.58577],[114.37263,30.58567],[114.37281,30.58557],[114.37302,30.58548],[114.37324,30.58541],[114.37349,30.58537],[114.37392,30.58532],[114.37493,30.58526]]}}]}